file;ignore;entry_buy;entry_sell;sum;sumXX;sum1990;sum2000;sum2010;sum2020;10y2009;10y2010;10y2011;10y2012;10y2013;10y2014;10y2015;10y2016;10y2017;10y2018;10y2019;10y2020;10y2021;10y2022;10y2023;10y2024;2024;2023;2022;2021;2020;2019;2018;2017;2016;2015;2014;2013;2012;2011;2010;2009;2008;2007;2006;2005;2004;2003;2002;2001;2000;1999;1998
peo_w.csv;1;1;1;1,84;1,68;1,1;1,4;0,44;2,74;1,4;1,75;1,52;1,2;0,89;0,66;0,48;0,36;0,44;0,43;0,44;0,28;0,65;0,67;1,32;1,5;1,04;1,9;1,0;1,88;0,74;1,07;0,8;1,0;0,84;0,76;0,91;0,97;0,96;0,81;1,15;1,05;0,82;0,81;1,13;1,05;1,23;1,31;1,22;0,93;0,92;1,14;0,96
peo_w.csv;1;1;2;1,95;2,3;0,85;2,07;0,44;2,52;2,07;1,59;1,6;1,23;0,98;0,78;0,5;0,4;0,54;0,51;0,44;0,2;0,65;0,82;0,93;1,5;1,46;1,25;1,11;2,54;0,49;1,09;0,77;1,09;0,87;0,75;0,91;1,1;0,88;0,8;1,07;1,25;0,82;0,81;1,07;1,18;1,13;1,38;1,14;0,79;1,39;0,8;1,07
peo_w.csv;1;1;3;0,97;1,13;0,85;1,52;0,35;2,15;1,52;1,14;1,09;0,86;0,63;0,49;0,31;0,29;0,3;0,44;0,35;0,15;0,49;0,57;0,73;1,18;1,41;1,29;1,02;2,7;0,43;0,97;0,9;0,96;0,85;0,77;0,87;1,01;0,88;0,83;0,98;1,25;0,61;0,93;0,9;1,22;1,11;1,38;1,12;0,87;1,3;0,81;1,05
peo_w.csv;1;1;4;1,25;1,43;0,88;2,21;0,3;2,2;2,21;1,6;1,24;1,11;0,83;0,62;0,32;0,28;0,3;0,43;0,3;0,12;0,44;0,46;0,62;1,01;1,41;1,32;0,99;2,64;0,45;0,91;0,88;0,96;0,89;0,68;0,87;0,99;0,94;0,74;1,07;1,32;0,61;0,89;1,05;1,3;1,17;1,31;1,05;0,96;1,47;0,86;1,02
peo_w.csv;1;1;5;0,69;0,8;0,86;1,51;0,25;2,12;1,51;1,45;0,74;0,79;0,63;0,47;0,27;0,21;0,24;0,37;0,25;0,11;0,42;0,32;0,53;0,88;1,41;1,73;0,75;2,6;0,44;0,96;0,86;0,97;0,76;0,68;0,86;1,04;0,99;0,65;1,05;1,4;0,57;0,83;0,97;1,2;1,15;1,31;0,93;1,27;1,09;0,84;1,02
peo_w.csv;1;1;6;0,83;0,92;0,91;1,72;0,38;1,4;1,72;1,73;0,87;0,79;0,69;0,64;0,42;0,33;0,34;0,54;0,38;0,18;0,68;0,5;0,74;0,75;1,0;1,61;0,71;2,6;0,47;0,95;0,9;1,02;0,85;0,73;0,98;1,1;0,95;0,69;1,0;1,33;0,58;0,99;1,07;1,12;1,07;1,26;1,05;1,36;1,0;0,92;0,98
peo_w.csv;1;1;7;1,16;1,25;0,93;2,86;0,3;1,46;2,86;2,24;1,59;1,13;0,83;0,67;0,36;0,33;0,32;0,44;0,3;0,17;0,54;0,44;0,64;0,68;1,0;1,61;0,7;2,6;0,5;0,87;0,84;1,0;0,92;0,7;0,94;1,11;0,86;0,81;0,88;1,3;0,6;1,04;1,0;1,3;1,16;1,51;1,21;1,14;1,12;0,95;0,97
peo_w.csv;1;1;8;1,08;1,37;0,79;2,85;0,35;1,37;2,85;2,3;1,58;1,18;0,93;0,8;0,42;0,42;0,39;0,54;0,35;0,19;0,66;0,46;0,67;0,69;1,0;1,61;0,63;2,7;0,5;0,88;0,86;1,0;0,92;0,72;0,97;1,11;0,91;0,78;0,91;1,35;0,63;1,06;0,93;1,39;1,13;1,4;1,21;1,14;1,12;0,9;0,88
peo_w.csv;1;1;9;0,81;1,11;0,73;2,2;0,45;1,13;2,2;1,86;1,37;1,06;0,9;0,76;0,56;0,43;0,42;0,62;0,45;0,22;0,64;0,44;0,6;0,63;1,0;1,59;0,62;2,64;0,44;0,9;0,82;1,04;0,73;1,0;0,95;1,16;0,91;0,88;0,91;1,24;0,55;1,06;0,96;1,35;1,12;1,37;1,17;1,2;1,07;0,83;0,87
peo_w.csv;1;1;10;0,88;1,25;0,7;2,27;0,52;1,06;2,27;1,98;1,48;1,16;0,95;1,03;0,77;0,58;0,52;0,78;0,52;0,26;0,73;0,45;0,69;0,6;1,0;1,63;0,57;2,49;0,46;0,9;0,83;1,04;0,73;1,0;1,14;1,07;0,92;0,9;0,91;1,36;0,55;1,16;0,96;1,35;1,05;1,31;1,17;1,2;1,04;0,82;0,86
peo_w.csv;1;2;1;2,72;2,48;1,1;1,39;0,47;3,78;1,39;1,79;1,49;1,38;1,13;0,85;0,57;0,38;0,48;0,49;0,47;0,47;1,09;1,25;1,99;2,22;1,04;1,59;1,1;1,84;1,14;1,1;0,83;1,04;0,79;0,78;0,93;1,0;0,95;0,8;1,14;1,15;0,81;0,82;1,19;1,16;1,23;1,23;1,03;0,95;0,88;1,14;0,96
peo_w.csv;1;2;2;2,74;3,22;0,85;1,95;0,48;3,47;1,95;1,57;1,49;1,4;1,23;1,01;0,59;0,42;0,57;0,58;0,48;0,34;1,11;1,5;1,47;2,21;1,39;1,09;1,22;2,49;0,75;1,12;0,83;1,12;0,8;0,77;0,92;1,12;0,9;0,76;1,06;1,37;0,81;0,82;1,13;1,31;1,13;1,27;0,96;0,8;1,31;0,8;1,07
peo_w.csv;1;2;3;1,27;1,49;0,85;1,23;0,39;3,08;1,23;0,97;0,93;0,87;0,7;0,6;0,37;0,29;0,34;0,52;0,39;0,28;0,9;1,1;1,25;1,81;1,36;1,17;1,07;2,65;0,68;1,03;0,91;1,0;0,78;0,8;0,94;1,02;0,88;0,82;0,96;1,37;0,6;0,86;0,98;1,29;1,11;1,27;0,95;0,85;1,22;0,81;1,05
peo_w.csv;1;2;4;1,43;1,64;0,88;1,8;0,29;3,13;1,8;1,37;1,07;1,01;0,76;0,6;0,35;0,25;0,29;0,44;0,29;0,2;0,7;0,77;0,96;1,5;1,36;1,2;1,04;2,58;0,72;0,97;0,89;0,96;0,83;0,71;0,87;0,96;0,94;0,74;1,05;1,45;0,6;0,82;1,14;1,23;1,1;1,27;1,0;0,94;1,38;0,86;1,02
peo_w.csv;1;2;5;0,77;0,89;0,86;1,27;0,24;2,98;1,27;1,29;0,66;0,75;0,56;0,44;0,27;0,18;0,23;0,36;0,24;0,16;0,65;0,49;0,82;1,3;1,36;1,6;0,74;2,6;0,71;1,01;0,87;0,97;0,71;0,71;0,85;0,96;0,99;0,64;1,04;1,53;0,56;0,77;1,05;1,18;1,09;1,27;0,88;1,25;1,03;0,84;1,02
peo_w.csv;1;2;6;1,0;1,1;0,91;1,53;0,36;2,0;1,53;1,62;0,82;0,76;0,63;0,61;0,4;0,31;0,32;0,5;0,36;0,27;1,02;0,75;1,1;1,12;1,0;1,49;0,7;2,6;0,74;1,03;0,89;1,02;0,81;0,74;0,98;1,01;0,95;0,69;0,99;1,46;0,56;0,98;1,07;1,12;1,01;1,22;1,02;1,36;0,94;0,92;0,98
peo_w.csv;1;2;7;1,34;1,45;0,93;2,64;0,29;1,88;2,64;2,2;1,54;1,1;0,81;0,7;0,38;0,35;0,32;0,43;0,29;0,23;0,75;0,61;0,83;0,88;1,0;1,49;0,69;2,6;0,7;0,95;0,8;0,95;0,92;0,7;0,94;1,09;0,86;0,8;0,88;1,42;0,59;1,04;1,0;1,3;1,09;1,47;1,21;1,14;1,05;0,95;0,97
peo_w.csv;1;2;8;1,26;1,58;0,79;2,89;0,31;1,76;2,89;2,49;1,71;1,28;1,02;0,93;0,48;0,44;0,4;0,52;0,31;0,24;0,83;0,57;0,78;0,8;1,0;1,49;0,62;2,7;0,7;0,88;0,83;0,95;0,92;0,72;0,97;1,09;0,91;0,78;0,91;1,48;0,63;1,06;1,0;1,39;1,07;1,36;1,21;1,14;1,05;0,9;0,88
peo_w.csv;1;2;9;1,02;1,4;0,73;2,37;0,41;1,45;2,37;2,13;1,57;1,22;1,04;0,94;0,7;0,49;0,46;0,66;0,41;0,28;0,83;0,56;0,71;0,75;1,0;1,47;0,61;2,64;0,61;0,9;0,8;0,99;0,73;1,0;0,95;1,14;0,91;0,88;0,91;1,45;0,55;1,06;1,04;1,35;1,06;1,33;1,17;1,2;1,01;0,83;0,87
peo_w.csv;1;2;10;1,11;1,58;0,7;2,44;0,48;1,36;2,44;2,27;1,7;1,33;1,12;1,28;0,95;0,67;0,57;0,85;0,48;0,34;0,94;0,58;0,81;0,72;1,0;1,5;0,57;2,49;0,64;0,88;0,83;0,99;0,73;1,0;1,13;1,07;0,92;0,9;0,91;1,58;0,55;1,16;1,04;1,35;0,99;1,27;1,17;1,2;0,97;0,82;0,86
peo_w.csv;1;3;1;5,23;4,36;1,2;1,52;0,74;3,86;1,52;1,87;1,6;1,73;1,6;1,27;0,99;0,73;0,9;0,79;0,74;0,9;1,66;1,77;2,71;2,92;0,96;1,69;1,2;1,51;1,31;1,09;0,81;1,0;0,92;0,93;0,89;1,1;1,12;0,82;1,09;1,16;0,91;0,81;1,25;1,2;1,12;1,19;1,04;0,96;0,88;1,24;0,96
peo_w.csv;1;3;2;4,77;5,13;0,93;2,06;0,58;4,28;2,06;1,59;1,57;1,69;1,52;1,28;0,87;0,64;0,85;0,75;0,58;0,5;1,44;1,78;2,04;3,2;1,39;1,21;1,28;2,28;0,87;1,06;0,81;1,08;0,88;0,92;0,89;1,05;1,04;0,8;1,01;1,37;0,91;0,81;1,19;1,36;1,05;1,16;0,97;0,81;1,31;0,87;1,07
peo_w.csv;1;3;3;2,16;2,43;0,89;1,39;0,45;3,91;1,39;1,07;1,07;1,06;0,88;0,76;0,5;0,41;0,48;0,62;0,45;0,38;1,1;1,32;1,77;2,67;1,36;1,29;1,13;2,5;0,79;0,98;0,88;0,99;0,86;0,93;0,9;0,97;0,94;0,86;0,93;1,37;0,68;0,85;1,06;1,4;1,03;1,16;0,95;0,86;1,22;0,84;1,05
peo_w.csv;1;3;4;2,4;2,8;0,86;2,15;0,34;3,81;2,15;1,5;1,24;1,23;0,93;0,71;0,47;0,35;0,41;0,52;0,34;0,3;0,9;0,98;1,37;2,23;1,36;1,27;1,09;2,44;0,83;0,94;0,87;0,94;0,87;0,87;0,83;0,9;1,0;0,8;0,96;1,45;0,68;0,81;1,19;1,29;1,1;1,2;1,01;0,97;1,38;0,84;1,02
peo_w.csv;1;3;5;1,26;1,5;0,84;1,57;0,26;3,62;1,57;1,47;0,8;0,89;0,68;0,51;0,36;0,25;0,31;0,42;0,26;0,22;0,77;0,61;1,14;1,89;1,36;1,7;0,78;2,46;0,82;0,97;0,85;0,96;0,75;0,88;0,82;0,9;0,99;0,72;0,96;1,53;0,63;0,76;1,1;1,25;1,09;1,2;0,89;1,32;1,03;0,83;1,02
peo_w.csv;1;3;6;1,02;1,13;0,91;1,76;0,3;2,17;1,76;1,72;0,84;0,77;0,68;0,63;0,44;0,32;0,33;0,44;0,3;0,24;0,89;0,68;1,1;1,17;1,0;1,63;0,73;2,46;0,74;0,99;0,85;0,97;0,78;0,85;0,94;1,01;0,95;0,66;0,92;1,46;0,64;0,95;1,07;1,23;1,01;1,15;1,03;1,36;0,94;0,92;0,98
peo_w.csv;1;3;7;1,61;1,73;0,93;3,28;0,26;2,04;3,28;2,66;1,78;1,15;0,86;0,71;0,43;0,39;0,35;0,41;0,26;0,21;0,69;0,58;0,86;0,96;1,0;1,63;0,73;2,46;0,7;0,91;0,77;0,91;0,88;0,83;0,9;1,09;0,86;0,76;0,85;1,42;0,67;1,0;1,0;1,35;1,09;1,47;1,33;1,14;1,05;0,95;0,97
peo_w.csv;1;3;8;1,5;1,89;0,79;3,72;0,27;1,9;3,72;3,2;2,14;1,46;1,17;1,02;0,55;0,49;0,42;0,47;0,27;0,21;0,69;0,5;0,74;0,8;1,0;1,63;0,65;2,55;0,7;0,84;0,8;0,91;0,88;0,78;0,93;1,09;0,91;0,76;0,91;1,48;0,71;1,06;1,0;1,44;1,07;1,36;1,33;1,14;1,05;0,9;0,88
peo_w.csv;1;3;9;1,35;1,86;0,73;3,13;0,33;1,78;3,13;2,81;2,02;1,39;1,19;1,03;0,74;0,52;0,48;0,57;0,33;0,23;0,66;0,48;0,74;0,81;1,0;1,77;0,65;2,5;0,61;0,85;0,74;0,99;0,73;1,0;0,91;1,14;0,91;0,86;0,91;1,45;0,63;1,06;1,04;1,4;1,06;1,33;1,32;1,2;1,01;0,83;0,87
peo_w.csv;1;3;10;1,25;1,78;0,7;3,23;0,4;1,39;3,23;3,0;2,19;1,52;1,28;1,44;1,03;0,73;0,62;0,75;0,4;0,28;0,76;0,51;0,71;0,64;1,0;1,5;0,61;2,36;0,64;0,84;0,76;0,99;0,73;1,0;1,11;1,07;0,92;0,87;0,91;1,58;0,63;1,16;1,04;1,4;0,99;1,27;1,32;1,2;0,97;0,82;0,86
peo_w.csv;1;4;1;6,53;5,28;1,24;1,48;0,83;4,3;1,48;1,55;1,29;1,29;1,27;1,1;0,86;0,86;1,13;0,93;0,83;1,08;2,0;2,22;3,66;3,71;0,96;1,82;1,24;1,53;1,29;1,06;0,79;1,02;1,09;0,93;0,94;1,11;1,12;0,83;0,99;1,19;0,95;0,78;1,1;1,18;1,09;1,12;1,12;0,99;0,95;1,28;0,96
peo_w.csv;1;4;2;7,49;7,02;1,07;2,31;0,64;4,78;2,31;1,47;1,41;1,41;1,34;1,09;0,73;0,74;1,04;0,86;0,64;0,59;1,7;2,18;2,73;4,13;1,39;1,3;1,33;2,31;0,86;1,04;0,79;1,1;1,05;0,91;0,92;1,04;1,04;0,81;0,92;1,41;0,95;0,78;1,05;1,36;1,14;1,09;1,04;0,84;1,44;1,0;1,07
peo_w.csv;1;4;3;3,2;3,15;1,02;1,45;0,51;4,21;1,45;0,9;0,85;0,81;0,71;0,62;0,39;0,44;0,58;0,73;0,51;0,45;1,29;1,54;2,25;3,41;1,36;1,4;1,17;2,44;0,78;0,96;0,89;1,02;1,04;0,89;0,9;0,96;0,98;0,84;0,89;1,37;0,7;0,78;0,93;1,4;1,03;1,09;1,03;0,89;1,44;0,97;1,05
peo_w.csv;1;4;4;3,24;3,29;0,98;2,19;0,33;4,49;2,19;1,34;1,05;0,97;0,77;0,59;0,39;0,38;0,42;0,55;0,33;0,31;0,93;1,15;1,76;2,85;1,36;1,37;1,24;2,38;0,82;0,87;0,93;0,92;1,02;0,84;0,84;0,89;1,0;0,79;0,88;1,45;0,7;0,82;1,04;1,29;1,1;1,12;1,09;1,01;1,44;0,97;1,02
peo_w.csv;1;4;5;1,89;1,96;0,96;1,65;0,28;4,3;1,65;1,33;0,77;0,8;0,63;0,48;0,33;0,31;0,36;0,47;0,28;0,25;0,83;0,74;1,53;2,52;1,36;1,85;0,89;2,4;0,8;0,9;0,91;0,93;0,9;0,85;0,83;0,89;0,99;0,73;0,88;1,53;0,7;0,79;0,96;1,25;1,09;1,12;0,96;1,27;1,1;0,95;1,02
peo_w.csv;1;4;6;1,42;1,44;0,98;2,05;0,27;2,58;2,05;1,78;0,85;0,69;0,64;0,57;0,37;0,32;0,3;0,43;0,27;0,23;0,86;0,75;1,34;1,5;1,0;1,77;0,83;2,4;0,73;0,94;0,91;0,97;0,87;0,81;0,9;1,0;0,95;0,64;0,86;1,46;0,64;1,02;1,02;1,23;1,01;1,08;1,18;1,33;0,99;1,0;0,98
peo_w.csv;1;4;7;1,92;1,9;1,01;3,6;0,22;2,42;3,6;2,84;1,88;1,06;0,8;0,63;0,37;0,33;0,29;0,36;0,22;0,19;0,61;0,58;0,95;1,11;1,0;1,77;0,83;2,4;0,69;0,86;0,84;0,91;0,88;0,79;0,86;1,08;0,86;0,74;0,8;1,42;0,67;1,06;0,98;1,35;1,09;1,43;1,52;1,12;1,02;1,03;0,97
peo_w.csv;1;4;8;1,6;1,85;0,87;3,78;0,21;2,32;3,78;3,16;2,09;1,25;1,02;0,87;0,45;0,4;0,35;0,39;0,21;0,17;0,59;0,48;0,79;0,87;1,0;1,77;0,74;2,55;0,69;0,8;0,79;0,91;0,88;0,74;0,91;1,08;0,91;0,74;0,85;1,48;0,71;1,04;0,98;1,44;1,07;1,33;1,52;1,12;1,02;0,98;0,88
peo_w.csv;1;4;9;1,5;1,77;0,85;3,25;0,27;1,99;3,25;2,85;2,02;1,22;1,06;0,89;0,64;0,44;0,41;0,49;0,27;0,19;0,58;0,48;0,75;0,84;1,0;1,77;0,74;2,5;0,6;0,81;0,74;0,99;0,72;1,0;0,89;1,13;0,91;0,83;0,85;1,45;0,63;1,04;1,04;1,4;1,06;1,3;1,51;1,17;0,97;0,97;0,87
peo_w.csv;1;4;10;1,43;1,75;0,82;3,36;0,34;1,55;3,36;3,04;2,13;1,29;1,11;1,22;0,87;0,6;0,52;0,63;0,34;0,25;0,71;0,54;0,76;0,7;1,0;1,5;0,69;2,36;0,63;0,84;0,76;0,99;0,72;1,0;1,08;1,07;0,92;0,82;0,85;1,58;0,63;1,14;1,04;1,4;0,99;1,24;1,51;1,17;0,94;0,95;0,86
peo_w.csv;1;5;1;3,22;2,58;1,25;1,56;0,69;2,41;1,56;1,65;1,49;1,55;1,59;1,29;0,98;1,03;1,15;0,88;0,69;0,65;0,86;0,93;1,45;1,61;0,99;1,67;1,22;1,26;0,95;0,91;0,79;0,93;1,08;0,92;0,89;1,07;1,12;0,96;1,0;1,16;1,03;0,83;1,03;1,22;1,09;1,05;1,08;1,06;0,95;1,29;0,96
peo_w.csv;1;5;2;3,72;3,47;1,07;2,41;0,55;2,6;2,41;1,6;1,66;1,71;1,68;1,28;0,86;0,92;1,11;0,85;0,55;0,44;0,73;0,92;1,09;1,75;1,39;1,19;1,3;1,56;0,77;0,89;0,79;1,01;1,04;0,91;0,87;1,01;1,04;0,94;0,96;1,37;1,03;0,83;0,98;1,36;1,14;1,02;1,01;0,91;1,44;1,01;1,07
peo_w.csv;1;5;3;1,83;1,79;1,02;1,61;0,44;2,53;1,61;1,04;1,05;1,04;0,95;0,78;0,49;0,59;0,7;0,71;0,44;0,36;0,63;0,74;1,0;1,61;1,36;1,28;1,15;1,65;0,77;0,82;0,85;0,99;1,04;0,89;0,85;0,94;0,98;0,94;0,93;1,34;0,84;0,83;0,87;1,4;1,03;1,02;0,99;0,94;1,44;0,98;1,05
peo_w.csv;1;5;4;1,47;1,48;0,99;1,77;0,31;2,69;1,77;1,13;1,07;1,12;0,97;0,7;0,46;0,49;0,55;0,57;0,31;0,27;0,5;0,6;0,83;1,43;1,36;1,25;1,21;1,61;0,81;0,77;0,88;0,89;1,03;0,86;0,79;0,91;1,0;0,88;0,92;1,41;0,84;0,8;0,97;1,29;1,1;1,05;0,95;0,94;1,44;0,98;1,02
peo_w.csv;1;5;5;1,05;1,06;0,98;1,27;0,26;3,25;1,27;1,03;0,77;0,91;0,79;0,56;0,39;0,38;0,46;0,47;0,26;0,23;0,49;0,43;0,88;1,53;1,36;1,85;0,87;1,87;0,8;0,81;0,86;0,89;0,87;0,87;0,78;0,91;0,99;0,88;0,88;1,5;0,84;0,73;0,9;1,25;1,09;1,05;0,84;1,18;1,1;0,97;1,02
peo_w.csv;1;5;6;1,0;1,04;0,96;1,7;0,31;1,97;1,7;1,47;1,02;0,93;0,93;0,82;0,54;0,44;0,45;0,5;0,31;0,26;0,56;0,48;0,84;0,95;1,0;1,77;0,81;1,87;0,73;0,88;0,86;0,93;0,84;0,81;0,89;1,01;0,95;0,88;0,86;1,42;0,78;0,9;1,02;1,23;1,01;1,01;1,05;1,27;0,99;0,97;0,98
peo_w.csv;1;5;7;1,25;1,27;0,98;3,5;0,19;1,94;3,5;2,76;1,94;1,15;0,84;0,65;0,38;0,33;0,3;0,32;0,19;0,17;0,4;0,38;0,65;0,77;1,0;1,77;0,81;1,87;0,72;0,81;0,79;0,91;0,85;0,79;0,85;1,02;0,86;0,79;0,8;1,39;0,75;1,0;0,98;1,35;1,09;1,41;1,45;1,12;1,02;1,01;0,97
peo_w.csv;1;5;8;0,92;1,09;0,85;3,33;0,17;1,96;3,33;2,78;1,95;1,22;0,96;0,81;0,38;0,34;0,31;0,33;0,17;0,14;0,38;0,3;0,52;0,58;1,0;1,77;0,73;2,1;0,72;0,75;0,75;0,91;0,85;0,68;0,9;1,02;0,91;0,78;0,85;1,48;0,71;0,98;0,98;1,44;1,07;1,31;1,45;1,12;1,02;0,96;0,88
peo_w.csv;1;5;9;1,02;1,23;0,82;3,01;0,24;1,68;3,01;2,64;1,82;1,09;0,95;0,79;0,57;0,37;0,37;0,43;0,24;0,18;0,46;0,37;0,59;0,67;1,0;1,77;0,73;2,05;0,63;0,81;0,74;0,99;0,68;1,0;0,88;1,11;0,91;0,81;0,85;1,45;0,63;0,98;1,04;1,4;1,06;1,28;1,51;1,17;0,97;0,95;0,87
peo_w.csv;1;5;10;1,09;1,37;0,8;3,11;0,32;1,39;3,11;2,81;1,97;1,2;1,05;1,14;0,82;0,53;0,49;0,6;0,32;0,26;0,62;0,46;0,64;0,59;1,0;1,5;0,68;1,93;0,71;0,84;0,76;0,99;0,68;1,0;1,08;1,07;0,92;0,82;0,85;1,58;0,63;1,07;1,04;1,4;0,99;1,22;1,51;1,17;0,94;0,93;0,86
peo_w.csv;1;6;1;2,27;1,8;1,27;1,15;0,69;2,27;1,15;1,17;1,13;1,1;1,32;1,07;0,82;0,91;1,04;0,93;0,69;0,65;0,88;0,92;1,43;1,68;0,99;1,66;1,15;1,31;0,92;0,91;0,86;0,95;1,08;0,92;0,84;1,07;1,1;0,97;0,97;1,22;0,96;0,83;0,97;1,21;1,04;0,89;1,13;1,01;0,95;1,31;0,96
peo_w.csv;1;6;2;3,09;2,71;1,14;1,74;0,58;2,65;1,74;1,12;1,26;1,27;1,47;1,08;0,77;0,87;1,06;0,95;0,58;0,51;0,84;0,98;1,15;1,95;1,39;1,19;1,24;1,61;0,8;0,89;0,86;1,01;1,04;0,91;0,82;1,01;1,06;0,97;0,93;1,44;0,96;0,83;0,92;1,28;1,12;0,87;1,05;0,87;1,44;1,07;1,07
peo_w.csv;1;6;3;1,35;1,24;1,09;1,15;0,43;2,5;1,15;0,72;0,85;0,83;0,89;0,7;0,47;0,6;0,71;0,71;0,43;0,39;0,65;0,71;0,96;1,64;1,36;1,28;1,09;1,65;0,8;0,82;0,87;0,99;1,04;0,89;0,8;0,94;1,0;0,97;0,9;1,34;0,88;0,83;0,82;1,32;1,02;0,87;1,03;0,82;1,44;1,04;1,05
peo_w.csv;1;6;4;1,06;1,0;1,05;1,34;0,3;2,53;1,34;0,83;0,88;0,91;0,86;0,6;0,42;0,47;0,53;0,51;0,3;0,27;0,46;0,51;0,71;1,28;1,36;1,25;1,15;1,61;0,8;0,77;0,84;0,89;1,03;0,86;0,75;0,91;1,02;0,94;0,89;1,3;0,88;0,8;0,92;1,22;1,08;0,95;0,99;0,88;1,44;1,04;1,02
peo_w.csv;1;6;5;0,87;0,83;1,05;1,09;0,25;3,06;1,09;0,85;0,68;0,78;0,75;0,52;0,38;0,38;0,47;0,44;0,25;0,23;0,46;0,39;0,75;1,38;1,36;1,76;0,87;1,87;0,79;0,81;0,83;0,89;0,87;0,87;0,74;0,91;1,03;0,94;0,86;1,43;0,88;0,73;0,86;1,18;1,07;0,95;0,89;1,18;1,1;1,03;1,02
peo_w.csv;1;6;6;0,69;0,72;0,96;1,36;0,31;1,69;1,36;1,18;0,87;0,82;0,91;0,78;0,54;0,46;0,47;0,48;0,31;0,24;0,48;0,39;0,66;0,77;1,0;1,68;0,81;1,87;0,66;0,88;0,83;0,93;0,84;0,81;0,85;1,01;0,99;0,94;0,86;1,36;0,81;0,9;0,97;1,17;0,99;0,91;1,05;1,27;0,99;0,97;0,98
peo_w.csv;1;6;7;1,14;1,16;0,98;3,01;0,23;1,66;3,01;2,37;2,04;1,35;1,01;0,76;0,47;0,41;0,39;0,38;0,23;0,19;0,37;0,31;0,51;0,63;1,0;1,68;0,81;1,87;0,65;0,81;0,76;0,91;0,85;0,79;0,81;1,02;0,96;0,96;0,8;1,33;0,79;0,95;0,98;1,28;1,07;1,37;1,45;1,12;1,02;1,01;0,97
peo_w.csv;1;6;8;0,78;0,92;0,85;3,02;0,18;1,67;3,02;2,52;2,17;1,32;1,07;0,87;0,42;0,36;0,35;0,34;0,18;0,14;0,3;0,25;0,41;0,48;1,0;1,68;0,73;2,1;0,65;0,75;0,72;0,91;0,85;0,68;0,87;1,02;0,88;0,96;0,85;1,42;0,74;0,93;0,98;1,42;1,07;1,27;1,45;1,12;1,02;0,96;0,88
peo_w.csv;1;6;9;0,88;1,07;0,82;2,8;0,27;1,44;2,8;2,45;2,07;1,21;1,08;0,87;0,63;0,41;0,43;0,46;0,27;0,18;0,37;0,3;0,46;0,55;1,0;1,68;0,73;2,05;0,57;0,81;0,71;0,99;0,68;1,0;0,85;1,11;0,88;0,99;0,85;1,39;0,67;0,93;1,04;1,37;1,06;1,24;1,51;1,17;0,97;0,95;0,87
peo_w.csv;1;6;10;0,81;1,01;0,8;2,89;0,29;1,19;2,89;2,61;1,83;1,11;0,98;1,06;0,77;0,5;0,49;0,55;0,29;0,22;0,52;0,38;0,52;0,49;1,0;1,42;0,68;1,93;0,64;0,8;0,76;0,99;0,68;1,0;1,08;1,04;0,92;0,82;0,85;1,51;0,67;1,02;1,04;1,37;0,99;1,19;1,51;1,17;0,94;0,93;0,86
peo_w.csv;1;7;1;1,97;1,51;1,3;0,88;0,85;2,04;0,88;0,94;0,93;0,92;1,1;1,09;0,99;1,24;1,3;1,14;0,85;0,76;1,02;1,09;1,5;1,56;0,99;1,5;1,19;1,31;0,89;0,92;0,85;0,92;1,12;0,96;0,95;1,09;1,11;0,97;0,99;1,24;0,96;0,88;0,89;1,05;0,96;0,91;1,13;0,98;0,93;1,35;0,96
peo_w.csv;1;7;2;3,04;2,51;1,21;1,41;0,75;2,39;1,41;0,98;0,97;0,98;1,18;1,04;0,88;1,12;1,26;1,11;0,75;0,61;1,02;1,22;1,27;1,84;1,32;1,14;1,27;1,61;0,78;0,9;0,85;0,99;1,08;0,95;0,91;1,09;1,06;0,97;0,95;1,34;0,96;0,88;0,85;1,11;1,03;0,91;1,05;0,98;1,37;1,14;1,07
peo_w.csv;1;7;3;1,72;1,5;1,15;0,98;0,63;2,41;0,98;0,66;0,7;0,67;0,75;0,72;0,54;0,77;0,89;0,89;0,63;0,53;0,91;1,08;1,3;1,87;1,29;1,22;1,2;1,65;0,78;0,89;0,87;1,01;1,08;0,92;0,89;1,02;1,0;0,97;0,92;1,24;0,88;0,88;0,76;1,22;0,94;0,91;1,03;0,92;1,37;1,1;1,05
peo_w.csv;1;7;4;1,57;1,41;1,12;1,26;0,46;2,44;1,26;0,85;0,8;0,83;0,8;0,67;0,54;0,63;0,68;0,65;0,46;0,39;0,66;0,82;0,99;1,52;1,29;1,19;1,27;1,61;0,78;0,84;0,85;0,9;1,08;0,9;0,84;0,98;1,02;0,94;0,92;1,21;0,88;0,84;0,92;1,12;1,0;1,02;0,99;1,0;1,37;1,1;1,02
peo_w.csv;1;7;5;1,5;1,36;1,11;1,1;0,4;3,1;1,1;0,93;0,68;0,78;0,75;0,64;0,53;0,59;0,67;0,65;0,4;0,34;0,67;0,63;1,12;1,72;1,29;1,76;0,96;1,87;0,77;0,81;0,85;0,9;0,95;0,94;0,84;0,98;1,03;0,94;0,9;1,33;0,88;0,79;0,85;1,14;0,99;1,02;0,89;1,3;1,06;1,09;1,02
peo_w.csv;1;7;6;0,89;0,87;1,02;1,07;0,45;1,8;1,07;0,93;0,7;0,66;0,69;0,69;0,57;0,57;0,61;0,64;0,45;0,34;0,68;0,62;1,02;1,12;1,0;1,68;0,9;1,87;0,64;0,88;0,85;0,96;0,91;0,94;0,91;1,03;0,99;0,94;0,83;1,26;0,81;0,9;0,92;1,13;0,92;0,98;1,05;1,24;0,96;1,04;0,98
peo_w.csv;1;7;7;1,24;1,27;0,98;2,17;0,33;1,77;2,17;1,7;1,5;0,99;0,74;0,67;0,51;0,48;0,47;0,5;0,33;0,27;0,52;0,49;0,82;0,9;1,0;1,68;0,89;1,87;0,63;0,81;0,83;0,94;0,85;0,94;0,91;1,0;0,96;0,96;0,77;1,23;0,79;0,95;0,92;1,24;0,99;1,34;1,45;1,09;0,99;1,01;0,97
peo_w.csv;1;7;8;0,72;0,85;0,85;2,35;0,2;1,79;2,35;1,99;1,71;1,04;0,84;0,7;0,44;0,41;0,41;0,38;0,2;0,15;0,34;0,31;0,52;0,6;1,0;1,68;0,8;2,1;0,63;0,75;0,69;0,94;0,85;0,81;0,87;1,0;0,88;0,94;0,84;1,42;0,74;0,93;0,92;1,29;1,04;1,24;1,45;1,09;0,99;0,96;0,88
peo_w.csv;1;7;9;0,72;0,88;0,82;2,32;0,25;1,54;2,32;2,05;1,74;1,02;0,91;0,75;0,59;0,38;0,42;0,42;0,25;0,16;0,34;0,31;0,49;0,58;1,0;1,68;0,8;2,05;0,55;0,81;0,67;1,03;0,67;1,0;0,85;1,08;0,88;0,97;0,84;1,39;0,67;0,93;1,04;1,25;1,03;1,21;1,51;1,15;0,94;0,95;0,87
peo_w.csv;1;7;10;0,7;0,87;0,8;2,39;0,27;1,37;2,39;2,19;1,54;0,94;0,84;0,9;0,71;0,46;0,47;0,5;0,27;0,2;0,47;0,41;0,57;0,55;1,0;1,42;0,8;1,93;0,62;0,8;0,72;1,03;0,67;1,0;1,03;1,04;0,92;0,81;0,84;1,51;0,67;1,02;1,04;1,25;0,97;1,16;1,51;1,15;0,91;0,93;0,86
peo_w.csv;1;8;1;1,79;1,37;1,3;0,81;0,85;1,99;0,81;0,87;0,87;0,79;0,92;0,94;0,86;1,08;1,12;0,98;0,85;0,75;1,0;1,1;1,49;1,56;0,99;1,48;1,17;1,31;0,89;0,9;0,85;0,96;1,12;0,96;0,95;1,09;1,06;0,97;1,02;1,03;0,96;0,92;0,89;1,05;0,92;0,94;1,17;0,98;0,94;1,35;0,96
peo_w.csv;1;8;2;3,18;2,63;1,21;1,51;0,75;2,32;1,51;1,02;1,02;0,97;1,12;0,99;0,84;1,07;1,17;1,03;0,75;0,6;1,0;1,21;1,24;1,8;1,32;1,12;1,25;1,61;0,78;0,88;0,85;1,01;1,08;0,95;0,91;1,09;1,03;0,97;0,97;1,21;0,96;0,92;0,85;1,11;1,03;0,94;1,08;0,98;1,43;1,14;1,07
peo_w.csv;1;8;3;1,81;1,57;1,15;1,05;0,63;2,38;1,05;0,66;0,7;0,65;0,71;0,67;0,51;0,73;0,82;0,81;0,63;0,54;0,92;1,08;1,3;1,87;1,29;1,22;1,18;1,65;0,78;0,87;0,87;1,04;1,08;0,92;0,89;1,02;1,0;0,97;0,91;1,13;0,88;0,92;0,76;1,22;0,94;0,94;1,07;0,92;1,43;1,1;1,05
peo_w.csv;1;8;4;1,85;1,66;1,12;1,39;0,5;2,41;1,39;0,88;0,83;0,84;0,76;0,64;0,51;0,6;0,68;0,66;0,5;0,43;0,73;0,88;1,07;1,64;1,29;1,19;1,25;1,61;0,78;0,83;0,85;1,01;1,08;0,9;0,84;0,98;1,04;0,94;0,91;1,09;0,88;0,89;0,92;1,12;1,0;1,08;1,03;1,0;1,43;1,1;1,02
peo_w.csv;1;8;5;1,83;1,65;1,11;1,33;0,4;3,06;1,33;0,96;0,7;0,74;0,67;0,57;0,47;0,52;0,63;0,61;0,4;0,35;0,7;0,67;1,21;1,85;1,29;1,76;0,94;1,87;0,77;0,8;0,85;1,01;0,95;0,94;0,84;0,98;0,98;0,94;0,88;1,2;0,88;0,83;0,85;1,14;0,99;1,08;0,92;1,3;1,23;1,09;1,02
peo_w.csv;1;8;6;0,99;0,97;1,02;1,2;0,46;1,78;1,2;0,88;0,67;0,65;0,59;0,58;0,48;0,48;0,58;0,6;0,46;0,36;0,71;0,63;1,09;1,21;1,0;1,68;0,88;1,87;0,64;0,87;0,85;1,07;0,91;0,94;0,91;0,98;0,99;0,94;0,82;1,14;0,81;0,9;0,92;1,13;0,92;1,08;1,01;1,24;1,11;1,04;0,98
peo_w.csv;1;8;7;1,31;1,33;0,98;2,27;0,34;1,75;2,27;1,54;1,33;0,88;0,62;0,57;0,43;0,4;0,44;0,47;0,34;0,27;0,54;0,5;0,88;0,97;1,0;1,68;0,88;1,87;0,63;0,8;0,83;1,05;0,85;0,94;0,91;0,95;0,96;0,95;0,77;1,11;0,79;0,95;0,92;1,24;0,99;1,34;1,45;1,09;1,14;1,01;0,97
peo_w.csv;1;8;8;0,82;0,96;0,85;2,6;0,21;1,76;2,6;1,91;1,64;1,0;0,77;0,64;0,4;0,37;0,42;0,37;0,21;0,16;0,35;0,32;0,56;0,65;1,0;1,68;0,79;2,1;0,63;0,74;0,69;1,05;0,85;0,81;0,87;0,95;0,88;0,94;0,84;1,29;0,78;0,93;0,92;1,29;1,04;1,24;1,45;1,09;1,14;0,96;0,88
peo_w.csv;1;8;9;0,77;0,94;0,82;2,66;0,23;1,51;2,66;2,05;1,74;1,01;0,86;0,71;0,56;0,36;0,4;0,38;0,23;0,15;0,32;0,29;0,48;0,56;1,0;1,68;0,79;2,05;0,55;0,8;0,68;1,03;0,67;1,0;0,85;1,03;0,88;0,97;0,84;1,31;0,71;0,93;1,04;1,25;1,03;1,21;1,51;1,15;1,09;0,95;0,87
peo_w.csv;1;8;10;0,78;0,98;0,8;2,75;0,26;1,35;2,75;2,18;1,54;0,93;0,84;0,89;0,71;0,46;0,46;0,48;0,26;0,2;0,47;0,4;0,55;0,54;1,0;1,42;0,79;1,93;0,62;0,79;0,73;1,03;0,67;1,0;1,03;1,04;0,92;0,81;0,84;1,43;0,71;1,02;1,04;1,25;0,97;1,16;1,51;1,15;1,05;0,93;0,86
peo_w.csv;1;9;1;1,55;1,26;1,23;0,87;0,83;1,72;0,87;1,06;0,99;0,89;1,01;1,1;0,95;1,15;1,1;0,95;0,83;0,74;0,94;0,93;1,3;1,3;0,99;1,46;1,04;1,18;0,97;0,92;0,88;0,93;1,05;0,96;0,99;1,05;1,05;0,93;1,09;1,04;1,02;0,97;0,87;1,11;0,91;0,93;1,17;1,0;0,9;1,28;0,96
peo_w.csv;1;9;2;2,69;2,35;1,14;1,55;0,74;2,06;1,55;1,19;1,11;1,04;1,17;1,1;0,93;1,14;1,16;1,0;0,74;0,6;0,93;1,05;1,1;1,53;1,32;1,11;1,14;1,46;0,85;0,9;0,88;0,98;1,01;0,95;0,95;1,05;1,02;0,93;1,05;1,22;1,02;0,97;0,83;1,11;1,02;0,93;1,08;1,0;1,37;1,07;1,07
peo_w.csv;1;9;3;1,85;1,64;1,13;1,09;0,7;2,14;1,09;0,86;0,84;0,77;0,82;0,84;0,63;0,88;0,91;0,88;0,7;0,55;0,88;0,96;1,2;1,62;1,29;1,22;1,08;1,49;0,85;0,9;0,9;1,0;1,01;0,92;0,95;0,98;0,99;0,93;1,08;1,14;0,93;0,97;0,73;1,22;0,93;0,93;1,07;0,96;1,37;1,07;1,05
peo_w.csv;1;9;4;1,76;1,61;1,09;1,36;0,55;2,16;1,36;1,07;0,93;0,93;0,85;0,87;0,7;0,77;0,81;0,74;0,55;0,43;0,7;0,78;0,98;1,33;1,29;1,19;1,14;1,46;0,85;0,82;0,85;0,97;1,01;0,9;0,95;0,94;1,02;0,9;1,08;1,1;0,93;0,92;0,92;1,12;0,93;1,04;1,03;1,04;1,37;1,07;1,02
peo_w.csv;1;9;5;1,67;1,55;1,08;1,16;0,46;2,88;1,16;0,95;0,72;0,76;0,69;0,71;0,59;0,62;0,68;0,62;0,46;0,37;0,73;0,65;1,2;1,63;1,29;1,76;0,86;1,78;0,84;0,82;0,85;0,97;0,89;0,94;0,95;0,94;0,97;0,9;1,05;1,1;0,93;0,88;0,85;1,14;0,91;1,04;0,92;1,18;1,28;1,06;1,02
peo_w.csv;1;9;6;0,92;0,9;1,02;1,12;0,48;1,67;1,12;0,95;0,75;0,73;0,66;0,72;0,6;0,57;0,61;0,56;0,48;0,34;0,67;0,55;0,99;1,06;1,0;1,68;0,81;1,78;0,69;0,89;0,85;1,04;0,86;0,94;0,93;0,94;0,98;0,9;0,98;1,05;0,93;0,96;0,92;1,13;0,85;1,04;1,01;1,13;1,17;1,04;0,98
peo_w.csv;1;9;7;1,1;1,12;0,98;2,07;0,36;1,51;2,07;1,78;1,62;1,06;0,75;0,75;0,57;0,5;0,48;0,44;0,36;0,24;0,47;0,4;0,73;0,79;1,0;1,68;0,8;1,78;0,63;0,82;0,83;1,01;0,8;0,94;0,93;0,91;0,94;0,91;0,94;1,02;0,9;1,06;0,92;1,24;0,93;1,28;1,45;0,99;1,1;1,01;0,97
peo_w.csv;1;9;8;0,61;0,68;0,89;2,18;0,2;1,53;2,18;1,87;1,68;1,01;0,78;0,7;0,44;0,39;0,38;0,33;0,2;0,14;0,31;0,25;0,46;0,53;1,0;1,68;0,72;1,99;0,63;0,76;0,69;1,01;0,8;0,81;0,88;0,91;0,87;0,89;0,94;1,23;0,78;1,04;0,92;1,29;0,97;1,19;1,45;0,99;1,1;1,01;0,88
peo_w.csv;1;9;9;0,64;0,74;0,87;2,23;0,25;1,31;2,23;2,01;1,85;1,07;0,93;0,85;0,68;0,41;0,4;0,38;0,25;0,15;0,3;0,25;0,41;0,47;1,0;1,68;0,72;1,95;0,55;0,84;0,68;0,99;0,63;1,0;0,88;1,02;0,87;0,96;0,94;1,25;0,71;1,04;1,04;1,25;0,97;1,16;1,51;1,05;1,05;1,0;0,87
peo_w.csv;1;9;10;0,56;0,67;0,84;2,08;0,28;1,17;2,08;1,93;1,47;0,89;0,83;0,98;0,78;0,48;0,46;0,48;0,28;0,18;0,42;0,33;0,45;0,42;1,0;1,42;0,72;1,84;0,62;0,79;0,73;0,99;0,63;1,0;1,08;1,03;0,92;0,8;0,94;1,37;0,71;1,02;1,04;1,25;0,91;1,11;1,51;1,05;1,01;0,98;0,86
peo_w.csv;1;10;1;1,42;1,15;1,23;0,61;0,98;1,93;0,61;0,71;0,76;0,64;0,74;0,82;0,76;0,91;0,95;0,97;0,98;0,92;1,04;1,23;1,75;1,73;0,99;1,46;1,15;1,18;0,98;0,94;0,96;0,96;1,05;0,99;1,0;1,03;0,97;1,05;1,04;0,93;0,95;0,92;0,87;1,07;0,9;0,88;1,17;0,98;0,9;1,28;0,96
peo_w.csv;1;10;2;2,45;2,33;1,05;1,07;0,91;2,37;1,07;0,8;0,86;0,74;0,86;0,85;0,77;0,94;1,04;1,06;0,91;0,81;1,12;1,5;1,62;2,14;1,32;1,11;1,26;1,46;0,89;0,94;0,96;1,01;1,01;0,97;1,0;1,03;0,94;1,05;1,0;1,08;0,95;0,92;0,83;1,08;1,01;0,88;1,08;0,98;1,35;0,99;1,07
peo_w.csv;1;10;3;1,78;1,72;1,04;0,79;0,88;2,46;0,79;0,6;0,67;0,58;0,62;0,65;0,53;0,74;0,83;0,95;0,88;0,76;1,08;1,4;1,79;2,31;1,29;1,22;1,19;1,49;0,89;0,94;0,99;1,04;1,01;0,97;1,0;0,95;0,91;1,05;1,03;1,01;0,86;0,92;0,73;1,18;0,96;0,88;1,07;0,94;1,35;0,99;1,05
peo_w.csv;1;10;4;1,62;1,61;1,0;0,98;0,69;2,39;0,98;0,75;0,73;0,64;0,59;0,62;0,54;0,6;0,7;0,76;0,69;0,59;0,88;1,17;1,52;1,96;1,29;1,19;1,21;1,46;0,89;0,89;0,93;1,04;1,01;0,94;1,0;0,92;0,9;0,99;1,03;0,98;0,86;0,88;0,92;1,09;0,96;0,99;1,03;1,01;1,35;0,99;1,02
peo_w.csv;1;10;5;1,7;1,71;0,99;0,84;0,63;3,24;0,84;0,66;0,56;0,52;0,48;0,51;0,44;0,52;0,64;0,7;0,63;0,56;1,01;1,08;2,06;2,65;1,29;1,76;0,91;1,78;0,89;0,89;0,93;1,04;1,01;0,94;1,0;0,92;0,85;0,99;1,0;0,98;0,86;0,84;0,85;1,1;0,94;0,99;0,92;1,16;1,27;0,98;1,02
peo_w.csv;1;10;6;1,13;1,2;0,94;0,85;0,62;2,26;0,85;0,69;0,62;0,52;0,49;0,55;0,48;0,51;0,55;0,6;0,62;0,55;0,99;1,05;1,94;1,94;1,0;1,68;0,91;1,78;0,83;0,97;0,93;1,04;0,98;0,94;1,0;0,92;0,86;0,99;0,94;0,93;0,86;0,96;0,92;1,09;0,88;0,99;1,01;1,11;1,15;0,96;0,98
peo_w.csv;1;10;7;1,4;1,54;0,91;1,63;0,47;2,04;1,63;1,4;1,35;0,79;0,58;0,6;0,46;0,45;0,43;0,47;0,47;0,38;0,7;0,76;1,43;1,43;1,0;1,68;0,9;1,78;0,75;0,89;0,91;1,01;0,91;0,94;1,0;0,89;0,83;0,96;0,93;0,91;0,83;1,06;0,92;1,24;0,97;1,22;1,42;0,99;1,08;0,93;0,97
peo_w.csv;1;10;8;0,93;1,14;0,82;1,84;0,3;2,06;1,84;1,58;1,5;0,81;0,64;0,62;0,39;0,39;0,38;0,39;0,3;0,24;0,51;0,55;1,03;1,03;1,0;1,68;0,81;1,99;0,75;0,89;0,75;1,01;0,91;0,81;1,0;0,89;0,77;0,94;0,93;1,15;0,73;1,04;0,92;1,29;1,03;1,13;1,42;0,99;1,08;0,93;0,88
peo_w.csv;1;10;9;0,76;0,95;0,8;1,94;0,28;1,76;1,94;1,75;1,58;0,8;0,72;0,7;0,56;0,34;0,32;0,37;0,28;0,2;0,41;0,43;0,73;0,73;1,0;1,68;0,81;1,95;0,66;0,89;0,74;0,99;0,63;1,0;1,0;0,99;0,77;0,94;0,93;1,17;0,66;1,04;1,04;1,25;1,03;1,11;1,51;1,05;1,03;0,92;0,87
peo_w.csv;1;10;10;0,65;0,83;0,78;2,0;0,27;1,57;2,0;1,86;1,39;0,78;0,72;0,78;0,62;0,38;0,37;0,41;0,27;0,21;0,49;0,47;0,69;0,64;1,0;1,42;0,81;1,84;0,74;0,89;0,73;0,99;0,63;1,0;1,08;0,98;0,85;0,78;0,93;1,37;0,66;1,02;1,04;1,25;1,0;1,06;1,51;1,05;1,0;0,9;0,86
peo_w.csv;2;2;2;2,79;3,28;0,85;1,98;0,48;3,47;1,98;1,6;1,52;1,43;1,23;1,01;0,59;0,42;0,57;0,58;0,48;0,34;1,11;1,5;1,47;2,21;1,39;1,09;1,22;2,49;0,75;1,12;0,83;1,12;0,8;0,77;0,92;1,12;0,9;0,76;1,06;1,37;0,81;0,82;1,13;1,31;1,13;1,29;0,96;0,8;1,31;0,8;1,07
peo_w.csv;2;2;3;1,31;1,53;0,85;1,27;0,39;3,08;1,27;1,0;0,93;0,87;0,7;0,6;0,37;0,29;0,34;0,52;0,39;0,28;0,9;1,1;1,25;1,81;1,36;1,17;1,07;2,65;0,68;1,03;0,91;1,0;0,78;0,8;0,94;1,02;0,88;0,82;0,96;1,37;0,6;0,86;0,98;1,29;1,11;1,27;0,95;0,88;1,22;0,81;1,05
peo_w.csv;2;2;4;1,62;1,85;0,88;1,8;0,33;3,13;1,8;1,37;1,07;1,02;0,77;0,64;0,37;0,27;0,33;0,49;0,33;0,23;0,79;0,86;1,07;1,59;1,36;1,2;1,04;2,58;0,72;0,97;0,89;1,01;0,83;0,71;0,92;0,96;0,95;0,74;1,05;1,45;0,6;0,82;1,14;1,23;1,1;1,27;1,0;0,94;1,38;0,86;1,02
peo_w.csv;2;2;5;0,8;0,93;0,86;1,21;0,24;3,22;1,21;1,22;0,63;0,72;0,54;0,42;0,27;0,18;0,23;0,36;0,24;0,16;0,66;0,53;0,88;1,41;1,36;1,6;0,8;2,6;0,71;1,01;0,87;0,97;0,71;0,71;0,85;0,96;1,01;0,64;1,04;1,53;0,56;0,77;1,05;1,12;1,09;1,27;0,88;1,25;1,03;0,84;1,02
peo_w.csv;2;2;6;0,87;0,96;0,91;1,42;0,35;1,92;1,42;1,5;0,78;0,75;0,58;0,57;0,4;0,3;0,31;0,49;0,35;0,25;0,96;0,68;1,06;1,08;1,0;1,49;0,7;2,6;0,71;1,03;0,89;1,02;0,81;0,74;0,98;0,96;0,98;0,69;0,99;1,46;0,56;0,98;1,07;1,06;1,01;1,22;1,02;1,32;0,94;0,92;0,98
peo_w.csv;2;2;7;1,15;1,24;0,93;2,4;0,28;1,83;2,4;2,0;1,45;1,03;0,73;0,63;0,36;0,33;0,3;0,42;0,28;0,22;0,71;0,57;0,82;0,87;1,0;1,49;0,69;2,6;0,68;0,95;0,82;0,95;0,92;0,7;0,94;1,05;0,86;0,8;0,88;1,42;0,59;1,04;1,0;1,22;1,09;1,47;1,21;1,1;1,05;0,95;0,97
peo_w.csv;2;2;8;1,16;1,46;0,79;2,72;0,3;1,78;2,72;2,34;1,6;1,2;0,96;0,85;0,45;0,41;0,37;0,48;0,3;0,24;0,82;0,56;0,76;0,81;1,0;1,49;0,62;2,7;0,71;0,94;0,81;0,95;0,92;0,68;0,94;1,09;0,91;0,78;0,91;1,48;0,63;1,06;1,0;1,3;1,07;1,36;1,21;1,14;1,05;0,9;0,88
peo_w.csv;2;2;9;0,79;1,09;0,73;2,28;0,36;1,34;2,28;2,06;1,51;1,14;0,98;0,85;0,64;0,46;0,4;0,58;0,36;0,24;0,73;0,49;0,57;0,62;1,0;1,34;0,61;2,64;0,62;0,89;0,8;0,93;0,74;0,94;0,92;1,14;0,91;0,88;0,91;1,45;0,55;1,06;1,04;1,27;1,06;1,33;1,2;1,2;1,01;0,83;0,87
peo_w.csv;2;2;10;1,04;1,48;0,7;2,51;0,43;1,38;2,51;2,33;1,75;1,33;1,12;1,28;0,89;0,64;0,52;0,78;0,43;0,31;0,85;0,53;0,74;0,66;1,0;1,5;0,57;2,49;0,65;0,87;0,83;0,93;0,74;0,94;1,13;1,07;0,92;0,9;0,91;1,58;0,55;1,16;1,04;1,35;0,99;1,27;1,2;1,2;0,97;0,82;0,86
peo_w.csv;2;3;2;5,09;5,48;0,93;2,1;0,61;4,28;2,1;1,62;1,6;1,72;1,6;1,34;0,91;0,67;0,89;0,79;0,61;0,53;1,51;1,86;2,04;3,2;1,39;1,21;1,28;2,28;0,87;1,06;0,81;1,08;0,88;0,92;0,89;1,1;1,04;0,8;1,01;1,37;0,91;0,81;1,19;1,36;1,05;1,19;0,97;0,81;1,31;0,87;1,07
peo_w.csv;2;3;3;2,33;2,63;0,89;1,44;0,47;3,91;1,44;1,1;1,07;1,06;0,92;0,8;0,53;0,43;0,5;0,65;0,47;0,4;1,16;1,39;1,77;2,67;1,36;1,29;1,13;2,5;0,79;0,98;0,88;0,99;0,86;0,93;0,9;1,01;0,94;0,86;0,93;1,37;0,68;0,85;1,06;1,4;1,03;1,16;0,95;0,88;1,22;0,84;1,05
peo_w.csv;2;3;4;2,85;3,32;0,86;2,15;0,4;3,81;2,15;1,5;1,24;1,25;0,99;0,79;0,53;0,39;0,48;0,62;0,4;0,35;1,07;1,14;1,53;2,36;1,36;1,27;1,09;2,44;0,83;0,94;0,87;1,0;0,87;0,87;0,88;0,95;1,02;0,8;0,96;1,45;0,68;0,81;1,19;1,29;1,1;1,2;1,01;0,97;1,38;0,84;1,02
peo_w.csv;2;3;5;1,37;1,63;0,84;1,49;0,28;3,91;1,49;1,4;0,76;0,86;0,68;0,51;0,38;0,26;0,33;0,44;0,28;0,24;0,82;0,69;1,23;2,04;1,36;1,7;0,84;2,46;0,82;0,97;0,85;0,96;0,75;0,88;0,82;0,95;1,01;0,72;0,96;1,53;0,63;0,76;1,1;1,18;1,09;1,2;0,89;1,32;1,03;0,83;1,02
peo_w.csv;2;3;6;0,88;0,97;0,91;1,62;0,29;2,08;1,62;1,59;0,8;0,76;0,62;0,58;0,42;0,31;0,32;0,42;0,29;0,22;0,83;0,62;1,06;1,12;1,0;1,63;0,73;2,46;0,71;0,99;0,85;0,97;0,78;0,85;0,94;0,95;0,98;0,66;0,92;1,46;0,64;0,95;1,07;1,17;1,01;1,15;1,03;1,32;0,94;0,92;0,98
peo_w.csv;2;3;7;1,46;1,57;0,93;3,17;0,25;1,98;3,17;2,57;1,78;1,15;0,82;0,68;0,42;0,37;0,34;0,39;0,25;0,2;0,65;0,54;0,85;0,94;1,0;1,63;0,73;2,46;0,68;0,91;0,78;0,91;0,88;0,83;0,9;1,05;0,86;0,76;0,85;1,42;0,67;1,0;1,0;1,35;1,09;1,47;1,33;1,1;1,05;0,95;0,97
peo_w.csv;2;3;8;1,47;1,85;0,79;3,72;0,26;1,93;3,72;3,2;2,14;1,46;1,17;0,99;0,51;0,45;0,39;0,43;0,26;0,2;0,68;0,49;0,73;0,8;1,0;1,63;0,65;2,55;0,71;0,89;0,78;0,91;0,88;0,75;0,9;1,09;0,91;0,76;0,91;1,48;0,71;1,06;1,0;1,44;1,07;1,36;1,33;1,14;1,05;0,9;0,88
peo_w.csv;2;3;9;1,08;1,49;0,73;3,13;0,29;1,64;3,13;2,81;2,02;1,39;1,19;1,0;0,67;0,48;0,41;0,5;0,29;0,2;0,58;0,42;0,59;0,67;1,0;1,61;0,65;2,5;0,62;0,85;0,77;0,89;0,74;0,94;0,88;1,14;0,91;0,86;0,91;1,45;0,63;1,06;1,04;1,4;1,06;1,33;1,32;1,2;1,01;0,83;0,87
peo_w.csv;2;3;10;1,13;1,62;0,7;3,23;0,36;1,41;3,23;3,0;2,19;1,52;1,28;1,44;0,97;0,69;0,54;0,68;0,36;0,26;0,69;0,46;0,64;0,58;1,0;1,5;0,61;2,36;0,65;0,83;0,79;0,89;0,74;0,94;1,11;1,07;0,92;0,87;0,91;1,58;0,63;1,16;1,04;1,4;0,99;1,27;1,32;1,2;0,97;0,82;0,86
peo_w.csv;2;4;2;8,01;7,5;1,07;2,35;0,67;4,78;2,35;1,5;1,44;1,43;1,39;1,13;0,76;0,76;1,08;0,9;0,67;0,62;1,78;2,29;2,76;4,17;1,39;1,3;1,33;2,31;0,86;1,05;0,79;1,1;1,05;0,91;0,92;1,08;1,04;0,81;0,92;1,41;0,95;0,78;1,05;1,36;1,14;1,11;1,04;0,84;1,44;1,0;1,07
peo_w.csv;2;4;3;3,47;3,41;1,02;1,5;0,54;4,21;1,5;0,93;0,85;0,81;0,74;0,64;0,41;0,46;0,6;0,76;0,54;0,47;1,35;1,62;2,27;3,45;1,36;1,4;1,17;2,44;0,78;0,97;0,89;1,02;1,04;0,89;0,9;1,0;0,98;0,84;0,89;1,37;0,7;0,78;0,93;1,4;1,03;1,09;1,03;0,92;1,44;0,97;1,05
peo_w.csv;2;4;4;3,85;3,91;0,98;2,19;0,4;4,49;2,19;1,34;1,05;0,98;0,81;0,66;0,43;0,42;0,5;0,65;0,4;0,37;1,11;1,35;1,99;3,04;1,36;1,37;1,24;2,38;0,82;0,88;0,93;0,97;1,02;0,84;0,89;0,93;1,02;0,79;0,88;1,45;0,7;0,82;1,04;1,29;1,1;1,12;1,09;1,01;1,44;0,97;1,02
peo_w.csv;2;4;5;2,04;2,12;0,96;1,56;0,29;4,65;1,56;1,26;0,73;0,77;0,63;0,48;0,35;0,32;0,38;0,5;0,29;0,27;0,87;0,83;1,65;2,72;1,36;1,85;0,96;2,4;0,8;0,9;0,91;0,93;0,9;0,85;0,83;0,93;1,01;0,73;0,88;1,53;0,7;0,79;0,96;1,18;1,09;1,12;0,96;1,27;1,1;0,95;1,02
peo_w.csv;2;4;6;1,2;1,22;0,98;1,88;0,26;2,48;1,88;1,63;0,81;0,67;0,58;0,52;0,36;0,3;0,29;0,41;0,26;0,21;0,8;0,68;1,29;1,44;1,0;1,77;0,83;2,4;0,7;0,94;0,91;0,97;0,87;0,81;0,9;0,93;0,98;0,64;0,86;1,46;0,64;1,02;1,02;1,17;1,01;1,08;1,18;1,29;0,99;1,0;0,98
peo_w.csv;2;4;7;1,72;1,71;1,01;3,46;0,21;2,36;3,46;2,73;1,88;1,06;0,77;0,6;0,35;0,32;0,27;0,34;0,21;0,17;0,56;0,54;0,93;1,08;1,0;1,77;0,83;2,4;0,67;0,86;0,84;0,91;0,88;0,79;0,86;1,04;0,86;0,74;0,8;1,42;0,67;1,06;0,98;1,35;1,09;1,43;1,52;1,07;1,02;1,03;0,97
peo_w.csv;2;4;8;1,53;1,76;0,87;3,78;0,2;2,35;3,78;3,16;2,09;1,25;1,02;0,82;0,4;0,37;0,32;0,35;0,2;0,16;0,56;0,46;0,75;0,88;1,0;1,77;0,74;2,55;0,7;0,85;0,77;0,91;0,88;0,71;0,86;1,08;0,91;0,74;0,85;1,48;0,71;1,04;0,98;1,44;1,07;1,33;1,52;1,12;1,02;0,98;0,88
peo_w.csv;2;4;9;1,27;1,5;0,85;3,25;0,23;2,02;3,25;2,85;2,02;1,22;1,06;0,84;0,56;0,4;0,34;0,41;0,23;0,16;0,49;0,4;0,63;0,75;1,0;1,77;0,74;2,5;0,61;0,8;0,76;0,89;0,74;0,92;0,84;1,13;0,91;0,83;0,85;1,45;0,63;1,04;1,04;1,4;1,06;1,3;1,51;1,17;0,97;0,97;0,87
peo_w.csv;2;4;10;1,28;1,57;0,82;3,36;0,3;1,57;3,36;3,04;2,13;1,29;1,11;1,22;0,8;0,57;0,45;0,57;0,3;0,22;0,64;0,48;0,68;0,63;1,0;1,5;0,69;2,36;0,64;0,83;0,78;0,89;0,74;0,92;1,08;1,07;0,92;0,82;0,85;1,58;0,63;1,14;1,04;1,4;0,99;1,24;1,51;1,17;0,94;0,95;0,86
peo_w.csv;2;5;2;3,97;3,69;1,07;2,45;0,57;2,66;2,45;1,63;1,69;1,74;1,68;1,28;0,86;0,92;1,11;0,85;0,57;0,45;0,75;0,97;1,14;1,83;1,39;1,19;1,33;1,56;0,77;0,91;0,79;1,01;1,04;0,91;0,87;1,01;1,04;0,94;0,96;1,37;1,03;0,83;0,98;1,36;1,14;1,04;1,01;0,91;1,44;1,01;1,07
peo_w.csv;2;5;3;1,97;1,93;1,02;1,67;0,45;2,59;1,67;1,08;1,05;1,04;0,95;0,78;0,49;0,59;0,7;0,71;0,45;0,37;0,64;0,77;1,05;1,69;1,36;1,28;1,17;1,65;0,77;0,84;0,85;0,99;1,04;0,89;0,85;0,94;0,98;0,94;0,93;1,34;0,84;0,83;0,87;1,4;1,03;1,02;0,99;0,97;1,44;0,98;1,05
peo_w.csv;2;5;4;1,74;1,76;0,99;1,77;0,36;2,75;1,77;1,13;1,07;1,14;0,98;0,75;0,5;0,52;0,62;0,65;0,36;0,32;0,58;0,7;0,97;1,58;1,36;1,25;1,24;1,61;0,81;0,78;0,88;0,94;1,03;0,86;0,84;0,91;1,02;0,88;0,92;1,41;0,84;0,8;0,97;1,29;1,1;1,05;0,95;0,94;1,44;0,98;1,02
peo_w.csv;2;5;5;1,11;1,13;0,98;1,21;0,26;3,59;1,21;0,98;0,73;0,88;0,76;0,54;0,4;0,38;0,47;0,48;0,26;0,23;0,5;0,47;0,97;1,69;1,36;1,85;0,96;1,87;0,8;0,81;0,86;0,89;0,87;0,87;0,78;0,91;1,01;0,88;0,88;1,5;0,84;0,73;0,9;1,18;1,09;1,05;0,84;1,18;1,1;0,97;1,02
peo_w.csv;2;5;6;0,8;0,84;0,96;1,52;0,29;1,91;1,52;1,32;0,97;0,91;0,81;0,72;0,5;0,41;0,42;0,46;0,29;0,23;0,49;0,42;0,82;0,92;1,0;1,77;0,83;1,87;0,69;0,88;0,86;0,93;0,84;0,81;0,89;0,91;0,98;0,88;0,86;1,42;0,78;0,9;1,02;1,17;1,01;1,01;1,05;1,2;0,99;0,97;0,98
peo_w.csv;2;5;7;1,05;1,07;0,98;3,3;0,18;1,82;3,3;2,6;1,94;1,15;0,79;0,62;0,36;0,32;0,29;0,3;0,18;0,15;0,35;0,34;0,61;0,72;1,0;1,77;0,83;1,87;0,66;0,81;0,79;0,91;0,85;0,79;0,85;0,97;0,86;0,79;0,8;1,39;0,75;1,0;0,98;1,35;1,09;1,41;1,45;1,05;1,02;1,01;0,97
peo_w.csv;2;5;8;0,98;1,17;0,85;3,33;0,18;1,94;3,33;2,78;1,95;1,22;0,96;0,77;0,4;0,35;0,32;0,33;0,18;0,15;0,4;0,32;0,56;0,66;1,0;1,77;0,74;2,1;0,7;0,8;0,73;0,91;0,85;0,75;0,85;1,02;0,91;0,78;0,85;1,48;0,71;0,98;0,98;1,44;1,07;1,31;1,45;1,12;1,02;0,96;0,88
peo_w.csv;2;5;9;0,82;0,99;0,82;3,01;0,2;1,66;3,01;2,64;1,82;1,09;0,95;0,75;0,49;0,36;0,33;0,38;0,2;0,14;0,36;0,3;0,48;0,57;1,0;1,77;0,74;2,05;0,61;0,76;0,72;0,89;0,78;0,9;0,84;1,11;0,91;0,81;0,85;1,45;0,63;0,98;1,04;1,4;1,06;1,28;1,51;1,17;0,97;0,95;0,87
peo_w.csv;2;5;10;0,93;1,17;0,8;3,11;0,27;1,38;3,11;2,81;1,97;1,2;1,05;1,14;0,74;0,55;0,46;0,55;0,27;0,22;0,51;0,39;0,55;0,51;1,0;1,5;0,69;1,93;0,69;0,78;0,74;0,89;0,78;0,9;1,08;1,07;0,92;0,82;0,85;1,58;0,63;1,07;1,04;1,4;0,99;1,22;1,51;1,17;0,94;0,93;0,86
peo_w.csv;2;6;2;3,39;2,96;1,14;1,91;0,57;2,71;1,91;1,23;1,38;1,39;1,47;1,08;0,77;0,87;1,06;0,93;0,57;0,49;0,82;0,98;1,15;1,95;1,39;1,19;1,26;1,61;0,8;0,89;0,84;1,01;1,04;0,91;0,82;1,01;1,06;0,97;0,93;1,44;0,96;0,83;0,92;1,28;1,12;0,95;1,05;0,87;1,44;1,07;1,07
peo_w.csv;2;6;3;1,53;1,41;1,09;1,27;0,43;2,55;1,27;0,79;0,91;0,89;0,89;0,7;0,47;0,6;0,71;0,71;0,43;0,39;0,65;0,73;0,99;1,67;1,36;1,28;1,11;1,65;0,8;0,82;0,87;0,99;1,04;0,89;0,8;0,94;1,0;0,97;0,9;1,34;0,88;0,83;0,82;1,32;1,02;0,94;1,03;0,85;1,44;1,04;1,05
peo_w.csv;2;6;4;1,31;1,25;1,05;1,43;0,34;2,58;1,43;0,89;0,94;0,99;0,88;0,64;0,45;0,5;0,6;0,57;0,34;0,3;0,52;0,59;0,81;1,39;1,36;1,25;1,18;1,61;0,8;0,77;0,84;0,94;1,03;0,86;0,79;0,91;1,04;0,94;0,89;1,3;0,88;0,8;0,92;1,22;1,08;1,02;0,99;0,88;1,44;1,04;1,02
peo_w.csv;2;6;5;0,99;0,94;1,05;1,1;0,25;3,38;1,1;0,86;0,69;0,8;0,71;0,49;0,38;0,39;0,47;0,45;0,25;0,23;0,47;0,43;0,83;1,53;1,36;1,76;0,96;1,87;0,79;0,81;0,83;0,89;0,87;0,87;0,74;0,91;1,05;0,94;0,86;1,43;0,88;0,73;0,86;1,11;1,07;1,02;0,89;1,18;1,1;1,03;1,02
peo_w.csv;2;6;6;0,65;0,68;0,96;1,3;0,29;1,8;1,3;1,13;0,88;0,86;0,79;0,68;0,5;0,43;0,44;0,45;0,29;0,23;0,46;0,38;0,7;0,83;1,0;1,68;0,83;1,87;0,69;0,88;0,83;0,93;0,84;0,81;0,85;0,91;1,02;0,94;0,86;1,36;0,81;0,9;0,97;1,1;0,99;0,98;1,05;1,2;0,99;0,97;0,98
peo_w.csv;2;6;7;1,05;1,07;0,98;2,83;0,22;1,71;2,83;2,23;2,04;1,35;0,96;0,72;0,44;0,39;0,37;0,36;0,22;0,18;0,35;0,3;0,53;0,65;1,0;1,68;0,83;1,87;0,66;0,81;0,76;0,91;0,85;0,79;0,81;0,97;0,96;0,96;0,8;1,33;0,79;0,95;0,98;1,28;1,07;1,37;1,45;1,05;1,02;1,01;0,97
peo_w.csv;2;6;8;0,82;0,98;0,85;3,02;0,19;1,66;3,02;2,52;2,17;1,32;1,07;0,81;0,43;0,37;0,37;0,35;0,19;0,14;0,32;0,27;0,44;0,54;1,0;1,68;0,74;2,1;0,63;0,8;0,7;0,91;0,85;0,75;0,81;1,02;0,88;0,96;0,85;1,42;0,74;0,93;0,98;1,42;1,07;1,27;1,45;1,12;1,02;0,96;0,88
peo_w.csv;2;6;9;0,7;0,85;0,82;2,8;0,21;1,42;2,8;2,45;2,07;1,21;1,08;0,81;0,53;0,4;0,38;0,39;0,21;0,14;0,29;0,24;0,37;0,47;1,0;1,68;0,74;2,05;0,55;0,76;0,69;0,89;0,78;0,9;0,79;1,11;0,88;0,99;0,85;1,39;0,67;0,93;1,04;1,37;1,06;1,24;1,51;1,17;0,97;0,95;0,87
peo_w.csv;2;6;10;0,69;0,86;0,8;2,89;0,25;1,18;2,89;2,61;1,83;1,11;0,98;1,06;0,7;0,52;0,46;0,51;0,25;0,18;0,43;0,33;0,45;0,41;1,0;1,42;0,69;1,93;0,62;0,75;0,74;0,89;0,78;0,9;1,08;1,04;0,92;0,82;0,85;1,51;0,67;1,02;1,04;1,37;0,99;1,19;1,51;1,17;0,94;0,93;0,86
peo_w.csv;2;7;2;2,91;2,4;1,21;1,5;0,67;2,39;1,5;1,04;1,04;1,05;1,19;1,02;0,87;1,1;1,24;1,09;0,67;0,55;0,91;1,09;1,2;1,79;1,32;1,14;1,27;1,61;0,78;0,88;0,85;0,99;1,08;0,95;0,89;1,03;1,06;0,97;0,95;1,43;0,96;0,88;0,85;1,11;1,03;0,91;1,05;0,98;1,37;1,14;1,07
peo_w.csv;2;7;3;1,63;1,41;1,15;1,08;0,54;2,41;1,08;0,73;0,74;0,72;0,76;0,72;0,55;0,78;0,9;0,89;0,54;0,46;0,78;0,93;1,18;1,7;1,29;1,22;1,2;1,65;0,78;0,81;0,87;1,01;1,08;0,92;0,89;0,96;1,0;0,97;0,92;1,33;0,88;0,88;0,76;1,22;0,94;0,91;1,03;0,95;1,37;1,1;1,05
peo_w.csv;2;7;4;1,63;1,46;1,12;1,35;0,44;2,44;1,35;0,91;0,86;0,9;0,81;0,72;0,58;0,68;0,77;0,75;0,44;0,37;0,64;0,78;1,01;1,47;1,29;1,19;1,27;1,61;0,78;0,77;0,85;0,96;1,08;0,9;0,89;0,92;1,04;0,94;0,92;1,29;0,88;0,84;0,92;1,12;1,0;1,02;0,99;1,0;1,37;1,1;1,02
peo_w.csv;2;7;5;1,49;1,35;1,11;1,06;0,38;3,35;1,06;0,9;0,65;0,76;0,69;0,58;0,54;0,6;0,69;0,66;0,38;0,32;0,64;0,64;1,21;1,86;1,29;1,76;1,03;1,87;0,77;0,81;0,85;0,9;0,95;0,94;0,84;0,92;1,05;0,94;0,9;1,42;0,88;0,79;0,85;1,03;0,99;1,02;0,89;1,3;1,06;1,09;1,02
peo_w.csv;2;7;6;0,74;0,73;1,02;0,93;0,41;1,88;0,93;0,81;0,67;0,66;0,62;0,61;0,57;0,57;0,61;0,63;0,41;0,33;0,66;0,58;1,06;1,17;1,0;1,68;0,9;1,87;0,67;0,88;0,85;0,96;0,91;0,94;0,91;0,92;1,02;0,94;0,83;1,35;0,81;0,9;0,92;1,01;0,92;0,98;1,05;1,12;0,96;1,04;0,98
peo_w.csv;2;7;7;1,21;1,23;0,98;2,08;0,33;1,79;2,08;1,63;1,6;1,05;0,79;0,72;0,55;0,51;0,5;0,53;0,33;0,27;0,53;0,49;0,83;0,91;1,0;1,68;0,89;1,87;0,64;0,81;0,83;0,94;0,85;0,94;0,91;1,0;0,96;0,96;0,77;1,31;0,79;0,95;0,92;1,24;0,99;1,34;1,45;0,98;0,99;1,01;0,97
peo_w.csv;2;7;8;0,96;1,13;0,85;2,35;0,28;1,73;2,35;1,99;1,71;1,04;0,84;0,73;0,51;0,47;0,48;0,49;0,28;0,2;0,45;0,41;0,69;0,76;1,0;1,68;0,8;2,1;0,61;0,8;0,76;0,94;0,85;0,9;0,91;1,0;0,88;0,94;0,84;1,42;0,74;0,93;0,92;1,29;1,04;1,24;1,45;1,09;0,99;0,96;0,88
peo_w.csv;2;7;9;0,79;0,96;0,82;2,32;0,28;1,49;2,32;2,05;1,74;1,02;0,91;0,78;0,56;0,46;0,45;0,51;0,28;0,18;0,38;0,34;0,53;0,6;1,0;1,68;0,8;2,05;0,54;0,76;0,75;0,92;0,85;0,9;0,89;1,08;0,88;0,97;0,84;1,39;0,67;0,93;1,04;1,25;1,03;1,21;1,51;1,15;0,94;0,95;0,87
peo_w.csv;2;7;10;0,72;0,91;0,8;2,39;0,29;1,33;2,39;2,19;1,54;0,94;0,84;0,9;0,64;0,52;0,48;0,58;0,29;0,21;0,49;0,43;0,59;0,57;1,0;1,42;0,8;1,93;0,6;0,75;0,81;0,92;0,85;0,9;1,03;1,04;0,92;0,81;0,84;1,51;0,67;1,02;1,04;1,25;0,97;1,16;1,51;1,15;0,91;0,93;0,86
peo_w.csv;2;8;2;3,17;2,62;1,21;1,61;0,69;2,36;1,61;1,09;1,09;1,03;1,13;0,97;0,83;1,05;1,15;1,01;0,69;0,55;0,91;1,13;1,23;1,83;1,32;1,12;1,27;1,61;0,78;0,88;0,85;1,01;1,08;0,95;0,89;1,03;1,03;0,97;0,97;1,29;0,96;0,92;0,85;1,11;1,03;0,94;1,08;0,98;1,43;1,14;1,07
peo_w.csv;2;8;3;1,91;1,65;1,15;1,16;0,59;2,41;1,16;0,73;0,75;0,7;0,71;0,68;0,51;0,73;0,82;0,82;0,59;0,51;0,86;1,04;1,32;1,89;1,29;1,22;1,2;1,65;0,78;0,87;0,87;1,04;1,08;0,92;0,89;0,96;1,0;0,97;0,91;1,2;0,88;0,92;0,76;1,22;0,94;0,94;1,07;0,95;1,43;1,1;1,05
peo_w.csv;2;8;4;1,99;1,78;1,12;1,48;0,49;2,44;1,48;0,94;0,89;0,9;0,76;0,68;0,54;0,64;0,72;0,7;0,49;0,42;0,72;0,89;1,14;1,66;1,29;1,19;1,27;1,61;0,78;0,83;0,85;1,01;1,08;0,9;0,89;0,92;1,04;0,94;0,91;1,17;0,88;0,89;0,92;1,12;1,0;1,08;1,03;1,0;1,43;1,1;1,02
peo_w.csv;2;8;5;1,84;1,66;1,11;1,28;0,39;3,35;1,28;0,92;0,67;0,72;0,61;0,52;0,48;0,53;0,65;0,62;0,39;0,34;0,67;0,7;1,32;2,03;1,29;1,76;1,03;1,87;0,77;0,8;0,85;1,01;0,95;0,94;0,84;0,92;0,99;0,94;0,88;1,28;0,88;0,83;0,85;1,03;0,99;1,08;0,92;1,3;1,23;1,09;1,02
peo_w.csv;2;8;6;0,84;0,83;1,02;1,04;0,42;1,88;1,04;0,76;0,64;0,61;0,52;0,51;0,48;0,48;0,57;0,59;0,42;0,34;0,68;0,64;1,16;1,28;1,0;1,68;0,9;1,87;0,67;0,87;0,85;1,07;0,91;0,94;0,91;0,92;0,97;0,94;0,82;1,22;0,81;0,9;0,92;1,01;0,92;1,08;1,01;1,12;1,11;1,04;0,98
peo_w.csv;2;8;7;1,29;1,31;0,98;2,18;0,34;1,79;2,18;1,48;1,42;0,94;0,67;0,61;0,46;0,43;0,47;0,5;0,34;0,28;0,55;0,51;0,91;1,0;1,0;1,68;0,89;1,87;0,64;0,8;0,83;1,05;0,85;0,94;0,91;0,95;0,96;0,95;0,77;1,19;0,79;0,95;0,92;1,24;0,99;1,34;1,45;0,98;1,14;1,01;0,97
peo_w.csv;2;8;8;1,1;1,3;0,85;2,6;0,29;1,73;2,6;1,91;1,64;1,0;0,77;0,67;0,46;0,43;0,48;0,47;0,29;0,21;0,47;0,42;0,75;0,83;1,0;1,68;0,8;2,1;0,61;0,79;0,76;1,05;0,85;0,9;0,91;0,95;0,88;0,94;0,84;1,29;0,78;0,93;0,92;1,29;1,04;1,24;1,45;1,09;1,14;0,96;0,88
peo_w.csv;2;8;9;0,94;1,14;0,82;2,66;0,29;1,49;2,66;2,05;1,74;1,01;0,86;0,74;0,53;0,43;0,48;0,51;0,29;0,18;0,39;0,35;0,58;0,65;1,0;1,68;0,8;2,05;0,54;0,74;0,75;1,03;0,85;0,9;0,89;1,03;0,88;0,97;0,84;1,31;0,71;0,93;1,04;1,25;1,03;1,21;1,51;1,15;1,09;0,95;0,87
peo_w.csv;2;8;10;0,91;1,14;0,8;2,75;0,31;1,33;2,75;2,18;1,54;0,93;0,84;0,89;0,64;0,52;0,53;0,61;0,31;0,22;0,54;0,47;0,64;0,62;1,0;1,42;0,8;1,93;0,6;0,74;0,81;1,03;0,85;0,9;1,03;1,04;0,92;0,81;0,84;1,43;0,71;1,02;1,04;1,25;0,97;1,16;1,51;1,15;1,05;0,93;0,86
peo_w.csv;2;9;2;2,58;2,25;1,14;1,47;0,68;2,26;1,47;1,13;1,05;0,99;1,03;0,96;0,82;1,0;1,01;0,87;0,68;0,55;0,86;1,06;1,21;1,68;1,32;1,11;1,25;1,46;0,85;0,9;0,88;0,98;1,01;0,95;0,95;0,97;1,02;0,93;1,05;1,16;1,02;0,97;0,83;1,11;1,02;0,93;1,08;1,0;1,37;1,07;1,07
peo_w.csv;2;9;3;1,77;1,57;1,13;1,04;0,65;2,34;1,04;0,82;0,8;0,74;0,71;0,73;0,55;0,77;0,79;0,77;0,65;0,51;0,81;0,97;1,32;1,78;1,29;1,22;1,18;1,49;0,85;0,9;0,9;1,0;1,01;0,92;0,95;0,9;0,99;0,93;1,08;1,08;0,93;0,97;0,73;1,22;0,93;0,93;1,07;0,96;1,37;1,07;1,05
peo_w.csv;2;9;4;1,68;1,55;1,09;1,29;0,51;2,37;1,29;1,02;0,89;0,88;0,74;0,76;0,61;0,67;0,71;0,64;0,51;0,4;0,64;0,78;1,08;1,46;1,29;1,19;1,25;1,46;0,85;0,82;0,85;0,97;1,01;0,9;0,95;0,87;1,02;0,9;1,08;1,05;0,93;0,92;0,92;1,12;0,93;1,04;1,03;1,04;1,37;1,07;1,02
peo_w.csv;2;9;5;1,74;1,61;1,08;1,09;0,43;3,41;1,09;0,89;0,68;0,72;0,6;0,62;0,58;0,6;0,67;0,61;0,43;0,35;0,68;0,71;1,43;1,94;1,29;1,76;1,02;1,78;0,84;0,82;0,85;0,97;0,89;0,94;0,95;0,87;0,98;0,9;1,05;1,15;0,93;0,88;0,85;1,03;0,91;1,04;0,92;1,18;1,28;1,06;1,02
peo_w.csv;2;9;6;0,81;0,79;1,02;0,95;0,43;1,92;0,95;0,8;0,71;0,67;0,56;0,61;0,57;0,53;0,58;0,53;0,43;0,32;0,63;0,58;1,13;1,22;1,0;1,68;0,88;1,78;0,73;0,89;0,85;1,04;0,86;0,94;0,93;0,87;0,95;0,9;0,98;1,1;0,93;0,96;0,92;1,01;0,85;1,04;1,01;1,02;1,17;1,04;0,98
peo_w.csv;2;9;7;1,25;1,27;0,98;1,95;0,36;1,83;1,95;1,67;1,7;1,1;0,79;0,78;0,6;0,52;0,5;0,46;0,36;0,26;0,52;0,48;0,88;0,95;1,0;1,68;0,88;1,78;0,7;0,82;0,83;1,01;0,8;0,94;0,93;0,91;0,94;0,91;0,94;1,07;0,9;1,06;0,92;1,24;0,93;1,28;1,45;0,89;1,1;1,01;0,97
peo_w.csv;2;9;8;0,96;1,07;0,89;2,18;0,28;1,77;2,18;1,87;1,68;1,01;0,78;0,74;0,51;0,45;0,43;0,42;0,28;0,2;0,44;0,4;0,73;0,79;1,0;1,68;0,79;1,99;0,67;0,81;0,76;1,01;0,8;0,9;0,93;0,91;0,87;0,89;0,94;1,23;0,78;1,04;0,92;1,29;0,97;1,19;1,45;0,99;1,1;1,01;0,88
peo_w.csv;2;9;9;1,06;1,21;0,87;2,23;0,31;1,73;2,23;2,01;1,85;1,07;0,93;0,89;0,64;0,49;0,47;0,5;0,31;0,22;0,45;0,41;0,67;0,73;1,0;1,68;0,79;1,95;0,67;0,79;0,75;0,99;0,8;0,9;0,93;1,02;0,87;0,96;0,94;1,25;0,71;1,04;1,04;1,25;0,97;1,16;1,51;1,05;1,05;1,0;0,87
peo_w.csv;2;9;10;0,88;1,04;0,84;2,08;0,33;1,54;2,08;1,93;1,47;0,89;0,83;0,98;0,7;0,54;0,53;0,61;0,33;0,26;0,59;0,51;0,71;0,66;1,0;1,42;0,79;1,84;0,75;0,74;0,81;0,99;0,8;0,9;1,08;1,03;0,92;0,8;0,94;1,37;0,71;1,02;1,04;1,25;0,91;1,11;1,51;1,05;1,01;0,98;0,86
peo_w.csv;2;10;2;2,35;2,23;1,05;1,02;0,84;2,6;1,02;0,76;0,81;0,71;0,75;0,75;0,67;0,83;0,91;0,93;0,84;0,74;1,03;1,52;1,78;2,34;1,32;1,11;1,38;1,46;0,89;0,94;0,96;1,01;1,01;0,97;1,0;0,94;0,94;1,05;1,0;1,03;0,95;0,92;0,83;1,08;1,01;0,88;1,08;0,98;1,35;0,99;1,07
peo_w.csv;2;10;3;1,71;1,65;1,04;0,75;0,81;2,7;0,75;0,57;0,64;0,55;0,54;0,57;0,47;0,64;0,72;0,83;0,81;0,7;0,99;1,42;1,97;2,53;1,29;1,22;1,3;1,49;0,89;0,94;0,99;1,04;1,01;0,97;1,0;0,88;0,91;1,05;1,03;0,96;0,86;0,92;0,73;1,18;0,96;0,88;1,07;0,94;1,35;0,99;1,05
peo_w.csv;2;10;4;1,55;1,55;1,0;0,93;0,63;2,62;0,93;0,71;0,69;0,61;0,52;0,54;0,47;0,52;0,61;0,66;0,63;0,54;0,81;1,18;1,67;2,15;1,29;1,19;1,32;1,46;0,89;0,89;0,93;1,04;1,01;0,94;1,0;0,85;0,9;0,99;1,03;0,93;0,86;0,88;0,92;1,09;0,96;0,99;1,03;1,01;1,35;0,99;1,02
peo_w.csv;2;10;5;1,86;1,87;0,99;0,83;0,59;3,84;0,83;0,66;0,56;0,52;0,45;0,47;0,45;0,54;0,66;0,71;0,59;0,52;0,94;1,18;2,44;3,14;1,29;1,76;1,08;1,78;0,89;0,89;0,93;1,04;1,01;0,94;1,0;0,85;0,86;0,99;1,0;1,08;0,86;0,84;0,85;0,99;0,94;0,99;0,92;1,16;1,27;0,98;1,02
peo_w.csv;2;10;6;1,05;1,11;0,94;0,76;0,56;2,58;0,76;0,62;0,61;0,51;0,44;0,5;0,48;0,51;0,55;0,6;0,56;0,52;0,94;1,11;2,22;2,22;1,0;1,68;1,0;1,78;0,87;0,97;0,93;1,04;0,98;0,94;1,0;0,85;0,84;0,99;0,94;1,03;0,86;0,96;0,92;0,98;0,88;0,99;1,01;1,0;1,15;0,96;0,98
peo_w.csv;2;10;7;1,67;1,84;0,91;1,61;0,47;2,46;1,61;1,39;1,49;0,87;0,64;0,66;0,5;0,5;0,48;0,52;0,47;0,41;0,77;0,92;1,73;1,73;1,0;1,68;0,99;1,78;0,83;0,89;0,91;1,01;0,91;0,94;1,0;0,89;0,83;0,96;0,93;1,0;0,83;1,06;0,92;1,24;0,97;1,22;1,42;0,89;1,08;0,93;0,97
peo_w.csv;2;10;8;1,32;1,61;0,82;1,84;0,37;2,38;1,84;1,58;1,5;0,81;0,64;0,62;0,43;0,43;0,42;0,48;0,37;0,31;0,66;0,77;1,46;1,46;1,0;1,68;0,89;1,99;0,79;0,89;0,84;1,01;0,91;0,9;1,0;0,89;0,77;0,94;0,93;1,15;0,73;1,04;0,92;1,29;1,03;1,13;1,42;0,99;1,08;0,93;0,88
peo_w.csv;2;10;9;1,44;1,8;0,8;1,94;0,4;2,33;1,94;1,75;1,58;0,8;0,72;0,7;0,5;0,44;0,42;0,52;0,4;0,34;0,7;0,82;1,39;1,39;1,0;1,68;0,89;1,95;0,79;0,89;0,83;0,99;0,91;0,9;1,0;0,99;0,77;0,94;0,93;1,17;0,66;1,04;1,04;1,25;1,03;1,11;1,51;1,05;1,03;0,92;0,87
peo_w.csv;2;10;10;1,23;1,58;0,78;2,0;0,38;2,08;2,0;1,86;1,39;0,78;0,72;0,78;0,56;0,49;0,47;0,59;0,38;0,36;0,85;0,9;1,31;1,22;1,0;1,42;0,89;1,84;0,89;0,89;0,81;0,99;0,91;0,9;1,08;0,98;0,85;0,78;0,93;1,37;0,66;1,02;1,04;1,25;1,0;1,06;1,51;1,05;1,0;0,9;0,86
peo_w.csv;3;3;3;2,33;2,63;0,89;1,44;0,47;3,91;1,44;1,1;1,07;1,06;0,92;0,8;0,53;0,43;0,5;0,65;0,47;0,4;1,16;1,39;1,77;2,67;1,36;1,29;1,13;2,5;0,79;0,98;0,88;0,99;0,86;0,93;0,9;1,01;0,94;0,86;0,93;1,37;0,68;0,85;1,06;1,4;1,03;1,16;0,95;0,88;1,22;0,84;1,05
peo_w.csv;3;3;4;2,85;3,32;0,86;2,15;0,4;3,81;2,15;1,5;1,24;1,25;0,99;0,79;0,53;0,39;0,48;0,62;0,4;0,35;1,07;1,14;1,53;2,36;1,36;1,27;1,09;2,44;0,83;0,94;0,87;1,0;0,87;0,87;0,88;0,95;1,02;0,8;0,96;1,45;0,68;0,81;1,19;1,29;1,1;1,2;1,01;0,97;1,38;0,84;1,02
peo_w.csv;3;3;5;1,27;1,51;0,84;1,49;0,27;3,7;1,49;1,4;0,77;0,92;0,72;0,55;0,4;0,27;0,34;0,45;0,27;0,23;0,78;0,63;1,07;1,78;1,36;1,6;0,84;2,46;0,82;0,93;0,85;0,96;0,73;0,88;0,82;0,95;1,05;0,73;0,96;1,53;0,63;0,76;1,1;1,18;1,09;1,2;0,89;1,32;1,03;0,83;1,02
peo_w.csv;3;3;6;0,76;0,89;0,86;1,51;0,28;2,08;1,51;1,48;0,79;0,76;0,63;0,59;0,43;0,33;0,33;0,44;0,28;0,22;0,78;0,57;0,98;1,04;1,0;1,63;0,73;2,46;0,71;0,94;0,85;0,93;0,78;0,85;0,94;0,95;0,99;0,7;0,92;1,46;0,64;0,95;1,0;1,17;1,01;1,15;1,03;1,31;0,94;0,87;0,98
peo_w.csv;3;3;7;1,42;1,52;0,93;3,05;0,25;1,98;3,05;2,47;1,88;1,24;0,88;0,73;0,45;0,35;0,33;0,39;0,25;0,2;0,61;0,51;0,79;0,88;1,0;1,63;0,73;2,46;0,68;0,91;0,79;0,95;0,79;0,83;0,9;1,05;0,87;0,81;0,85;1,42;0,67;1,0;1,0;1,35;1,09;1,47;1,33;1,06;1,05;0,95;0,97
peo_w.csv;3;3;8;1,23;1,54;0,79;3,23;0,25;1,93;3,23;2,78;1,92;1,26;1,01;0,86;0,44;0,35;0,36;0,41;0,25;0,19;0,65;0,49;0,72;0,8;1,0;1,63;0,65;2,55;0,71;0,89;0,81;0,98;0,79;0,75;0,9;1,09;0,87;0,76;0,91;1,48;0,71;0,96;1,0;1,44;1,07;1,36;1,33;1,1;1,05;0,9;0,88
peo_w.csv;3;3;9;0,85;1,17;0,73;2,71;0,26;1,65;2,71;2,44;1,75;1,16;0,99;0,83;0,44;0,35;0,35;0,45;0,26;0,18;0,52;0,39;0,56;0,63;1,0;1,63;0,65;2,5;0,62;0,85;0,8;0,96;0,79;0,75;0,88;1,14;0,87;0,86;0,91;1,45;0,63;0,96;1,0;1,4;1,06;1,33;1,32;1,2;1,01;0,83;0,87
peo_w.csv;3;3;10;0,95;1,36;0,7;2,8;0,33;1,47;2,8;2,6;1,9;1,25;1,05;1,18;0,63;0,56;0,48;0,63;0,33;0,24;0,64;0,45;0,66;0,59;1,0;1,57;0,61;2,36;0,65;0,83;0,83;0,89;0,88;0,75;1,11;1,07;0,87;0,87;0,91;1,58;0,63;1,04;1,0;1,4;0,99;1,27;1,32;1,2;0,97;0,82;0,86
peo_w.csv;3;4;3;3,5;3,44;1,02;1,5;0,54;4,25;1,5;0,93;0,85;0,81;0,74;0,64;0,41;0,46;0,6;0,76;0,54;0,47;1,37;1,63;2,3;3,48;1,36;1,4;1,17;2,46;0,78;0,97;0,89;1,02;1,04;0,89;0,9;1,0;0,98;0,84;0,89;1,37;0,7;0,78;0,93;1,4;1,03;1,09;1,03;0,92;1,44;0,97;1,05
peo_w.csv;3;4;4;3,88;3,94;0,98;2,19;0,4;4,53;2,19;1,34;1,05;0,98;0,81;0,66;0,43;0,42;0,5;0,65;0,4;0,37;1,12;1,36;2,01;3,07;1,36;1,37;1,24;2,4;0,82;0,88;0,93;0,97;1,02;0,84;0,89;0,93;1,02;0,79;0,88;1,45;0,7;0,82;1,04;1,29;1,1;1,12;1,09;1,01;1,44;0,97;1,02
peo_w.csv;3;4;5;2,0;2,08;0,96;1,56;0,3;4,44;1,56;1,26;0,73;0,8;0,66;0,5;0,36;0,35;0,41;0,53;0,3;0,27;0,9;0,83;1,56;2,56;1,36;1,75;0,96;2,42;0,8;0,86;0,91;0,93;0,93;0,85;0,83;0,93;1,05;0,73;0,88;1,53;0,7;0,79;0,96;1,18;1,09;1,12;0,96;1,27;1,1;0,95;1,02
peo_w.csv;3;4;6;1,06;1,14;0,93;1,71;0,27;2,5;1,71;1,49;0,84;0,71;0,61;0,54;0,38;0,34;0,3;0,43;0,27;0,22;0,73;0,61;1,17;1,31;1,0;1,77;0,83;2,42;0,7;0,9;0,91;0,91;0,87;0,81;0,9;0,93;0,99;0,71;0,86;1,46;0,64;1,02;0,96;1,17;1,01;1,08;1,18;1,25;0,99;0,94;0,98
peo_w.csv;3;4;7;1,67;1,65;1,01;3,28;0,21;2,38;3,28;2,58;2,09;1,2;0,87;0,68;0,4;0,32;0,28;0,35;0,21;0,18;0,52;0,49;0,84;0,98;1,0;1,77;0,83;2,42;0,67;0,86;0,84;0,92;0,78;0,79;0,86;1,04;0,87;0,82;0,8;1,42;0,67;1,06;0,98;1,35;1,09;1,43;1,52;1,02;1,02;1,03;0,97
peo_w.csv;3;4;8;1,25;1,44;0,87;3,23;0,19;2,35;3,23;2,7;1,88;1,08;0,88;0,71;0,35;0,28;0,29;0,33;0,19;0,16;0,54;0,46;0,75;0,88;1,0;1,77;0,74;2,55;0,7;0,85;0,8;0,98;0,78;0,71;0,86;1,08;0,87;0,74;0,85;1,48;0,71;0,94;0,98;1,44;1,07;1,33;1,52;1,06;1,02;0,98;0,88
peo_w.csv;3;4;9;0,94;1,11;0,85;2,76;0,2;2,02;2,76;2,41;1,71;0,99;0,86;0,68;0,35;0,28;0,29;0,36;0,2;0,14;0,43;0,37;0,58;0,69;1,0;1,77;0,74;2,5;0,61;0,8;0,79;0,96;0,78;0,71;0,84;1,13;0,87;0,83;0,85;1,45;0,63;0,94;0,98;1,4;1,06;1,3;1,51;1,17;0,97;0,97;0,87
peo_w.csv;3;4;10;1,12;1,36;0,82;2,84;0,27;1,79;2,84;2,57;1,8;1,04;0,89;0,98;0,5;0,45;0,39;0,51;0,27;0,2;0,58;0,46;0,74;0,68;1,0;1,71;0,69;2,36;0,64;0,83;0,82;0,89;0,88;0,71;1,08;1,07;0,87;0,82;0,85;1,58;0,63;1,03;0,98;1,4;0,99;1,24;1,51;1,17;0,94;0,95;0,86
peo_w.csv;3;5;3;1,99;1,94;1,02;1,59;0,44;2,75;1,59;1,03;1,01;1,0;0,92;0,77;0,47;0,56;0,7;0,7;0,44;0,37;0,68;0,81;1,1;1,73;1,36;1,28;1,17;1,75;0,77;0,84;0,85;0,99;1,04;0,86;0,86;0,94;0,98;0,95;0,93;1,34;0,84;0,8;0,87;1,4;1,03;1,02;0,99;0,97;1,44;0,98;1,05
peo_w.csv;3;5;4;1,82;1,83;0,99;1,7;0,37;2,93;1,7;1,08;1,03;1,1;0,94;0,73;0,49;0,51;0,64;0,67;0,37;0,32;0,63;0,76;1,06;1,68;1,36;1,25;1,24;1,71;0,81;0,78;0,88;0,94;1,03;0,86;0,86;0,91;1,02;0,89;0,92;1,41;0,84;0,76;0,97;1,29;1,1;1,05;0,95;0,94;1,44;0,98;1,02
peo_w.csv;3;5;5;1,17;1,19;0,98;1,21;0,27;3,61;1,21;0,98;0,73;0,92;0,79;0,58;0,42;0,42;0,51;0,53;0,27;0,24;0,55;0,5;0,97;1,66;1,36;1,75;0,96;1,99;0,8;0,77;0,86;0,89;0,89;0,87;0,79;0,91;1,05;0,89;0,88;1,5;0,84;0,73;0,9;1,18;1,09;1,05;0,84;1,18;1,1;0,97;1,02
peo_w.csv;3;5;6;0,68;0,76;0,9;1,39;0,27;2,03;1,39;1,2;0,91;0,87;0,78;0,69;0,49;0,42;0,41;0,46;0,27;0,22;0,48;0,4;0,79;0,89;1,0;1,77;0,83;1,99;0,69;0,84;0,86;0,87;0,84;0,83;0,89;0,91;0,99;0,89;0,86;1,42;0,78;0,9;0,96;1,17;1,01;1,01;1,05;1,17;0,99;0,92;0,98
peo_w.csv;3;5;7;1,08;1,1;0,98;3,12;0,18;1,94;3,12;2,46;2,16;1,3;0,9;0,7;0,42;0,32;0,3;0,31;0,18;0,15;0,34;0,32;0,59;0,7;1,0;1,77;0,83;1,99;0,66;0,81;0,79;0,91;0,75;0,81;0,85;0,97;0,87;0,88;0,8;1,39;0,75;1,0;0,98;1,35;1,09;1,41;1,45;0,99;1,02;1,01;0,97
peo_w.csv;3;5;8;0,82;0,97;0,85;2,84;0,18;1,94;2,84;2,37;1,77;1,07;0,84;0,67;0,36;0,28;0,3;0,33;0,18;0,14;0,38;0,33;0,57;0,67;1,0;1,77;0,74;2,1;0,7;0,8;0,76;0,97;0,75;0,77;0,85;1,02;0,87;0,79;0,85;1,48;0,71;0,89;0,98;1,44;1,07;1,31;1,45;1,06;1,02;0,96;0,88
peo_w.csv;3;5;9;0,66;0,79;0,82;2,55;0,19;1,66;2,55;2,23;1,55;0,89;0,77;0,61;0,36;0,28;0,3;0,36;0,19;0,13;0,34;0,29;0,47;0,56;1,0;1,77;0,74;2,05;0,61;0,76;0,75;0,95;0,75;0,82;0,84;1,11;0,87;0,81;0,85;1,45;0,63;0,89;0,98;1,4;1,06;1,28;1,51;1,17;0,97;0,95;0,87
peo_w.csv;3;5;10;0,88;1,1;0,8;2,63;0,27;1,57;2,63;2,38;1,67;0,96;0,84;0,92;0,54;0,47;0,43;0,54;0,27;0,21;0,5;0,4;0,64;0,59;1,0;1,71;0,69;1,93;0,69;0,78;0,78;0,89;0,85;0,82;1,08;1,07;0,87;0,82;0,85;1,58;0,63;0,97;0,98;1,4;0,99;1,22;1,51;1,17;0,94;0,93;0,86
peo_w.csv;3;6;3;1,57;1,44;1,09;1,27;0,42;2,69;1,27;0,79;0,89;0,86;0,87;0,68;0,46;0,58;0,7;0,69;0,42;0,38;0,69;0,77;1,04;1,76;1,36;1,28;1,11;1,74;0,8;0,82;0,87;0,99;1,04;0,89;0,8;0,94;1,0;0,95;0,9;1,34;0,88;0,83;0,82;1,32;1,02;0,94;1,03;0,85;1,44;1,04;1,05
peo_w.csv;3;6;4;1,31;1,24;1,05;1,43;0,32;2,72;1,43;0,89;0,89;0,93;0,83;0,61;0,43;0,48;0,56;0,54;0,32;0,29;0,55;0,62;0,85;1,46;1,36;1,25;1,18;1,7;0,8;0,77;0,84;0,94;1,03;0,86;0,79;0,91;1,04;0,89;0,89;1,3;0,88;0,8;0,92;1,22;1,08;1,02;0,99;0,88;1,44;1,04;1,02
peo_w.csv;3;6;5;0,92;0,88;1,05;1,1;0,24;3,35;1,1;0,86;0,65;0,79;0,7;0,48;0,38;0,39;0,48;0,45;0,24;0,22;0,49;0,43;0,78;1,45;1,36;1,65;0,96;1,97;0,79;0,75;0,83;0,89;0,89;0,87;0,74;0,91;1,09;0,89;0,86;1,43;0,88;0,73;0,86;1,11;1,07;1,02;0,89;1,18;1,1;1,03;1,02
peo_w.csv;3;6;6;0,52;0,54;0,96;1,18;0,24;1,9;1,18;1,03;0,78;0,77;0,71;0,61;0,45;0,41;0,39;0,4;0,24;0,19;0,43;0,35;0,64;0,76;1,0;1,68;0,83;1,97;0,69;0,82;0,83;0,87;0,84;0,81;0,85;0,91;1,03;0,89;0,86;1,36;0,81;0,9;0,91;1,1;0,99;0,98;1,05;1,17;0,99;0,98;0,98
peo_w.csv;3;6;7;0,86;0,87;0,98;2,68;0,18;1,81;2,68;2,11;1,86;1,24;0,88;0,67;0,41;0,32;0,3;0,29;0,18;0,15;0,33;0,28;0,49;0,61;1,0;1,68;0,83;1,97;0,66;0,81;0,76;0,91;0,75;0,79;0,81;0,97;0,97;0,88;0,8;1,33;0,79;0,95;0,98;1,28;1,07;1,37;1,45;0,99;1,02;1,01;0,97
peo_w.csv;3;6;8;0,63;0,74;0,85;2,57;0,17;1,66;2,57;2,15;1,6;1,07;0,86;0,66;0,35;0,27;0,31;0,31;0,17;0,13;0,34;0,26;0,43;0,53;1,0;1,68;0,74;2,1;0,63;0,8;0,73;0,97;0,75;0,75;0,81;1,02;0,97;0,79;0,85;1,42;0,74;0,84;0,98;1,42;1,07;1,27;1,45;1,06;1,02;0,96;0,88
peo_w.csv;3;6;9;0,51;0,62;0,82;2,37;0,18;1,42;2,37;2,07;1,44;0,92;0,82;0,62;0,36;0,28;0,32;0,34;0,18;0,12;0,3;0,23;0,35;0,45;1,0;1,68;0,74;2,05;0,55;0,76;0,72;0,95;0,75;0,8;0,79;1,11;0,97;0,81;0,85;1,39;0,67;0,84;0,98;1,37;1,06;1,24;1,51;1,17;0,97;0,95;0,87
peo_w.csv;3;6;10;0,73;0,91;0,8;2,45;0,28;1,34;2,45;2,21;1,55;1,02;0,89;0,98;0,57;0,5;0,48;0,56;0,28;0,2;0,47;0,33;0,51;0,48;1,0;1,62;0,69;1,93;0,62;0,75;0,78;0,89;0,85;0,8;1,08;1,04;0,99;0,82;0,85;1,51;0,67;0,92;0,98;1,37;0,99;1,19;1,51;1,17;0,94;0,93;0,86
peo_w.csv;3;7;3;1,53;1,32;1,15;1,08;0,51;2,41;1,08;0,73;0,72;0,7;0,74;0,68;0,51;0,73;0,84;0,83;0,51;0,43;0,75;0,89;1,14;1,7;1,29;1,22;1,2;1,65;0,78;0,81;0,87;1,01;1,08;0,92;0,86;0,96;1,0;0,95;0,92;1,33;0,88;0,88;0,76;1,22;0,94;0,91;1,03;0,95;1,37;1,1;1,05
peo_w.csv;3;7;4;1,48;1,32;1,12;1,35;0,4;2,44;1,35;0,91;0,81;0,85;0,77;0,65;0,52;0,61;0,7;0,67;0,4;0,34;0,61;0,75;0,97;1,47;1,29;1,19;1,27;1,61;0,78;0,77;0,85;0,96;1,08;0,9;0,85;0,92;1,04;0,89;0,92;1,29;0,88;0,84;0,92;1,12;1,0;1,02;0,99;1,0;1,37;1,1;1,02
peo_w.csv;3;7;5;1,15;1,04;1,11;1,06;0,33;3,01;1,06;0,9;0,61;0,74;0,67;0,54;0,5;0,55;0,63;0,61;0,33;0,28;0,59;0,56;0,95;1,55;1,29;1,58;1,03;1,87;0,77;0,75;0,85;0,9;0,95;0,94;0,79;0,92;1,09;0,89;0,9;1,42;0,88;0,79;0,85;1,03;0,99;1,02;0,89;1,3;1,06;1,09;1,02
peo_w.csv;3;7;6;0,69;0,67;1,03;1,13;0,31;1,88;1,13;0,98;0,67;0,67;0,62;0,62;0,54;0,51;0,5;0,52;0,31;0,25;0,53;0,46;0,84;0,93;1,0;1,68;0,9;1,87;0,67;0,82;0,85;0,88;0,91;0,88;0,91;0,92;1,03;0,89;0,83;1,35;0,81;0,9;0,97;1,01;0,92;0,98;1,05;1,29;0,96;1,05;0,98
peo_w.csv;3;7;7;1,04;1,06;0,98;2,32;0,25;1,79;2,32;1,82;1,46;0,97;0,73;0,66;0,46;0,43;0,39;0,41;0,25;0,21;0,45;0,41;0,69;0,76;1,0;1,68;0,89;1,87;0,64;0,81;0,83;0,86;0,85;0,86;0,91;1,0;0,97;0,88;0,77;1,31;0,79;0,95;0,92;1,24;0,99;1,34;1,45;1,1;0,99;1,01;0,97
peo_w.csv;3;7;8;0,82;0,97;0,85;2,36;0,24;1,73;2,36;2,0;1,27;0,85;0,68;0,6;0,38;0,35;0,39;0,42;0,24;0,17;0,47;0,39;0,65;0,72;1,0;1,68;0,8;2,1;0,61;0,8;0,79;0,94;0,85;0,82;0,91;1,0;0,97;0,77;0,84;1,42;0,74;0,84;0,92;1,29;1,04;1,24;1,45;1,22;0,99;0,96;0,88
peo_w.csv;3;7;9;0,59;0,72;0,82;1,85;0,26;1,49;1,85;1,64;1,14;0,73;0,65;0,56;0,4;0,37;0,41;0,48;0,26;0,17;0,43;0,36;0,56;0,63;1,0;1,68;0,8;2,05;0,54;0,76;0,79;0,92;0,85;0,9;0,89;1,08;0,97;0,8;0,84;1,39;0,67;0,84;0,92;1,25;1,03;1,21;1,51;1,15;0,94;0,95;0,87
peo_w.csv;3;7;10;0,75;0,94;0,8;1,9;0,33;1,51;1,9;1,75;1,23;0,81;0,72;0,77;0,56;0,52;0,52;0,66;0,33;0,23;0,56;0,45;0,7;0,68;1,0;1,62;0,8;1,93;0,6;0,75;0,85;0,92;0,85;0,9;1,03;1,04;0,99;0,81;0,84;1,51;0,67;0,92;0,92;1,25;0,97;1,16;1,51;1,15;0,91;0,93;0,86
peo_w.csv;3;8;3;1,91;1,65;1,15;1,16;0,59;2,41;1,16;0,73;0,75;0,7;0,71;0,68;0,51;0,73;0,82;0,82;0,59;0,51;0,86;1,04;1,32;1,89;1,29;1,22;1,2;1,65;0,78;0,87;0,87;1,04;1,08;0,92;0,89;0,96;1,0;0,97;0,91;1,2;0,88;0,92;0,76;1,22;0,94;0,94;1,07;0,95;1,43;1,1;1,05
peo_w.csv;3;8;4;1,99;1,78;1,12;1,48;0,49;2,44;1,48;0,94;0,89;0,9;0,76;0,68;0,54;0,64;0,72;0,7;0,49;0,42;0,72;0,89;1,14;1,66;1,29;1,19;1,27;1,61;0,78;0,83;0,85;1,01;1,08;0,9;0,89;0,92;1,04;0,94;0,91;1,17;0,88;0,89;0,92;1,12;1,0;1,08;1,03;1,0;1,43;1,1;1,02
peo_w.csv;3;8;5;1,75;1,58;1,11;1,28;0,41;3,01;1,28;0,92;0,67;0,75;0,64;0,54;0,5;0,55;0,67;0,65;0,41;0,36;0,71;0,71;1,21;1,86;1,29;1,58;1,03;1,87;0,77;0,81;0,85;1,01;0,95;0,94;0,84;0,92;1,03;0,94;0,88;1,28;0,88;0,83;0,85;1,03;0,99;1,08;0,92;1,3;1,23;1,09;1,02
peo_w.csv;3;8;6;0,98;0,95;1,03;1,26;0,4;1,88;1,26;0,93;0,68;0,66;0,56;0,55;0,51;0,48;0,53;0,55;0,4;0,32;0,65;0,59;1,08;1,19;1,0;1,68;0,9;1,87;0,67;0,88;0,85;0,98;0,91;0,94;0,91;0,92;0,98;0,94;0,82;1,22;0,81;0,9;0,97;1,01;0,92;1,08;1,01;1,29;1,11;1,05;0,98
peo_w.csv;3;8;7;1,33;1,36;0,98;2,43;0,31;1,79;2,43;1,65;1,42;0,95;0,68;0,62;0,47;0,43;0,44;0,46;0,31;0,26;0,51;0,47;0,83;0,91;1,0;1,68;0,89;1,87;0,64;0,8;0,83;0,96;0,85;0,94;0,91;0,95;0,97;0,95;0,77;1,19;0,79;0,95;0,92;1,24;0,99;1,34;1,45;1,1;1,14;1,01;0,97
peo_w.csv;3;8;8;1,26;1,49;0,85;2,61;0,33;1,73;2,61;1,92;1,48;0,99;0,76;0,66;0,46;0,42;0,53;0,54;0,33;0,24;0,53;0,44;0,79;0,87;1,0;1,68;0,8;2,1;0,61;0,79;0,79;1,05;0,85;0,9;0,91;0,95;0,97;0,94;0,84;1,29;0,78;0,84;0,92;1,29;1,04;1,24;1,45;1,22;1,14;0,96;0,88
peo_w.csv;3;8;9;0,86;1,04;0,82;2,12;0,33;1,49;2,12;1,63;1,38;0,89;0,75;0,64;0,46;0,43;0,52;0,58;0,33;0,21;0,44;0,37;0,6;0,68;1,0;1,68;0,8;2,05;0,54;0,74;0,79;1,03;0,85;0,9;0,89;1,03;0,97;0,97;0,84;1,31;0,71;0,84;0,92;1,25;1,03;1,21;1,51;1,15;1,09;0,95;0,87
peo_w.csv;3;8;10;0,93;1,17;0,8;2,19;0,35;1,51;2,19;1,74;1,22;0,8;0,72;0,77;0,55;0,51;0,57;0,68;0,35;0,25;0,61;0,49;0,76;0,74;1,0;1,62;0,8;1,93;0,6;0,74;0,85;1,03;0,85;0,9;1,03;1,04;0,99;0,81;0,84;1,43;0,71;0,92;0,92;1,25;0,97;1,16;1,51;1,15;1,05;0,93;0,86
peo_w.csv;3;9;3;1,64;1,46;1,13;1,03;0,6;2,34;1,03;0,81;0,8;0,74;0,71;0,69;0,52;0,72;0,74;0,72;0,6;0,48;0,76;0,91;1,23;1,78;1,29;1,22;1,18;1,49;0,85;0,9;0,9;1,0;1,01;0,92;0,89;0,9;0,99;0,93;1,08;1,08;0,93;0,97;0,73;1,22;0,93;0,93;1,07;0,95;1,37;1,07;1,05
peo_w.csv;3;9;4;1,52;1,39;1,09;1,24;0,47;2,37;1,24;0,98;0,89;0,88;0,74;0,71;0,57;0,63;0,66;0,6;0,47;0,37;0,6;0,73;1,01;1,46;1,29;1,19;1,25;1,46;0,85;0,82;0,85;0,97;1,01;0,9;0,89;0,87;1,02;0,9;1,08;1,05;0,93;0,92;0,92;1,12;0,93;1,04;1,03;1,0;1,37;1,07;1,02
peo_w.csv;3;9;5;1,52;1,41;1,08;1,09;0,42;3,07;1,09;0,89;0,68;0,75;0,62;0,61;0,56;0,59;0,65;0,59;0,42;0,34;0,66;0,66;1,2;1,74;1,29;1,58;1,02;1,78;0,84;0,82;0,85;0,97;0,89;0,94;0,89;0,87;1,02;0,9;1,05;1,15;0,93;0,88;0,85;1,03;0,91;1,04;0,92;1,18;1,28;1,06;1,02
peo_w.csv;3;9;6;0,86;0,83;1,03;1,16;0,38;1,92;1,16;0,98;0,75;0,72;0,6;0,61;0,57;0,51;0,5;0,46;0,38;0,28;0,55;0,5;0,97;1,12;1,0;1,68;0,88;1,78;0,73;0,89;0,85;0,95;0,86;0,94;0,87;0,87;0,97;0,9;0,98;1,1;0,93;0,96;0,97;1,01;0,85;1,04;1,01;1,17;1,17;1,05;0,98
peo_w.csv;3;9;7;1,21;1,23;0,98;2,17;0,31;1,83;2,17;1,87;1,7;1,12;0,8;0,74;0,57;0,49;0,43;0,4;0,31;0,23;0,45;0,41;0,76;0,87;1,0;1,68;0,88;1,78;0,7;0,82;0,83;0,93;0,8;0,94;0,87;0,91;0,96;0,91;0,94;1,07;0,9;1,06;0,92;1,24;0,93;1,28;1,45;1,0;1,1;1,01;0,97
peo_w.csv;3;9;8;1,03;1,16;0,89;2,19;0,3;1,77;2,19;1,88;1,51;1,0;0,77;0,68;0,47;0,41;0,45;0,45;0,3;0,21;0,47;0,39;0,72;0,83;1,0;1,68;0,79;1,99;0,67;0,81;0,79;1,01;0,8;0,9;0,87;0,91;0,96;0,89;0,94;1,23;0,78;0,93;0,92;1,29;0,97;1,19;1,45;1,11;1,1;1,01;0,88
peo_w.csv;3;9;9;0,88;1,01;0,87;1,78;0,33;1,73;1,78;1,6;1,47;0,93;0,81;0,71;0,51;0,45;0,47;0,52;0,33;0,23;0,47;0,39;0,64;0,76;1,0;1,68;0,79;1,95;0,67;0,79;0,79;0,99;0,8;0,9;0,85;1,02;0,96;0,96;0,94;1,25;0,71;0,93;0,92;1,25;0,97;1,16;1,51;1,05;1,05;1,0;0,87
peo_w.csv;3;9;10;0,83;0,98;0,84;1,65;0,34;1,76;1,65;1,54;1,17;0,77;0,71;0,78;0,56;0,48;0,52;0,63;0,34;0,27;0,61;0,49;0,77;0,78;1,0;1,62;0,79;1,84;0,75;0,74;0,85;0,99;0,8;0,9;0,99;1,03;0,99;0,8;0,94;1,37;0,71;0,92;0,92;1,25;0,91;1,11;1,51;1,05;1,01;0,98;0,86
peo_w.csv;3;10;3;1,47;1,42;1,04;0,69;0,76;2,7;0,69;0,53;0,59;0,51;0,5;0,53;0,44;0,6;0,68;0,78;0,76;0,66;0,93;1,33;1,84;2,53;1,29;1,22;1,3;1,49;0,89;0,94;0,99;1,04;1,01;0,97;0,94;0,88;0,91;1,05;1,03;0,96;0,86;0,92;0,73;1,18;0,89;0,88;1,07;0,93;1,35;0,99;1,05
peo_w.csv;3;10;4;1,3;1,29;1,0;0,83;0,59;2,62;0,83;0,63;0,64;0,56;0,48;0,51;0,44;0,49;0,57;0,62;0,59;0,51;0,75;1,11;1,56;2,15;1,29;1,19;1,32;1,46;0,89;0,89;0,93;1,04;1,01;0,94;0,94;0,85;0,9;0,99;1,03;0,93;0,86;0,88;0,92;1,09;0,89;0,99;1,03;0,97;1,35;0,99;1,02
peo_w.csv;3;10;5;1,51;1,52;0,99;0,77;0,57;3,45;0,77;0,61;0,52;0,5;0,43;0,46;0,44;0,52;0,64;0,7;0,57;0,51;0,92;1,1;2,06;2,82;1,29;1,58;1,08;1,78;0,89;0,89;0,93;1,04;1,01;0,94;0,94;0,85;0,9;0,99;1,0;1,08;0,86;0,84;0,85;0,99;0,88;0,99;0,92;1,16;1,27;0,98;1,02
peo_w.csv;3;10;6;1,1;1,16;0,95;0,86;0,52;2,58;0,86;0,7;0,6;0,51;0,44;0,5;0,48;0,48;0,51;0,55;0,52;0,48;0,87;1,02;2,03;2,17;1,0;1,68;1,0;1,78;0,87;0,97;0,93;1,01;0,98;0,94;0,94;0,85;0,85;0,99;0,94;1,03;0,86;0,96;0,97;0,98;0,81;0,99;1,01;1,14;1,15;0,97;0,98
peo_w.csv;3;10;7;1,65;1,82;0,91;1,67;0,44;2,46;1,67;1,44;1,38;0,82;0,6;0,63;0,48;0,47;0,45;0,5;0,44;0,39;0,73;0,86;1,62;1,73;1,0;1,68;0,99;1,78;0,83;0,89;0,91;1,01;0,91;0,94;0,94;0,89;0,84;0,96;0,93;1,0;0,83;1,06;0,92;1,24;0,9;1,22;1,42;1,0;1,08;0,93;0,97
peo_w.csv;3;10;8;1,3;1,59;0,82;1,69;0,4;2,38;1,69;1,45;1,23;0,73;0,58;0,57;0,4;0,39;0,43;0,51;0,4;0,34;0,71;0,76;1,43;1,52;1,0;1,68;0,89;1,99;0,79;0,89;0,87;1,01;0,91;0,9;0,94;0,89;0,84;0,94;0,93;1,15;0,73;0,93;0,92;1,29;0,94;1,13;1,42;1,11;1,08;0,93;0,88
peo_w.csv;3;10;9;1,09;1,36;0,8;1,4;0,42;2,33;1,4;1,26;1,14;0,63;0,57;0,56;0,4;0,4;0,42;0,55;0,42;0,35;0,73;0,78;1,32;1,44;1,0;1,68;0,89;1,95;0,79;0,89;0,86;0,99;0,91;0,9;0,92;0,99;0,84;0,94;0,93;1,17;0,66;0,93;0,92;1,25;0,93;1,11;1,51;1,05;1,03;0,92;0,87
peo_w.csv;3;10;10;1,0;1,29;0,78;1,39;0,39;2,37;1,39;1,3;0,97;0,59;0,54;0,62;0,44;0,44;0,47;0,61;0,39;0,38;0,88;0,86;1,43;1,44;1,0;1,62;0,89;1,84;0,89;0,89;0,85;0,99;0,91;0,9;0,99;0,98;0,92;0,78;0,93;1,37;0,66;0,92;0,92;1,25;0,87;1,06;1,51;1,05;1,0;0,9;0,86
peo_w.csv;4;4;4;3,88;3,94;0,98;2,19;0,4;4,53;2,19;1,34;1,05;0,98;0,81;0,66;0,43;0,42;0,5;0,65;0,4;0,37;1,12;1,36;2,01;3,07;1,36;1,37;1,24;2,4;0,82;0,88;0,93;0,97;1,02;0,84;0,89;0,93;1,02;0,79;0,88;1,45;0,7;0,82;1,04;1,29;1,1;1,12;1,09;1,01;1,44;0,97;1,02
peo_w.csv;4;4;5;2,03;2,11;0,96;1,56;0,3;4,44;1,56;1,28;0,74;0,81;0,67;0,51;0,37;0,35;0,42;0,54;0,3;0,27;0,9;0,83;1,56;2,56;1,36;1,75;0,96;2,42;0,8;0,86;0,91;0,93;0,93;0,85;0,83;0,93;1,05;0,73;0,9;1,53;0,7;0,79;0,96;1,18;1,09;1,12;0,96;1,27;1,1;0,95;1,02
peo_w.csv;4;4;6;1,1;1,19;0,93;1,83;0,26;2,5;1,83;1,51;0,86;0,72;0,62;0,55;0,38;0,36;0,32;0,42;0,26;0,22;0,75;0,63;1,2;1,34;1,0;1,77;0,83;2,42;0,7;0,9;0,91;0,91;0,89;0,81;0,9;0,93;0,99;0,71;0,82;1,46;0,68;1,02;0,96;1,17;1,01;1,08;1,18;1,25;0,99;0,94;0,98
peo_w.csv;4;4;7;1,85;1,83;1,01;3,28;0,23;2,38;3,28;2,58;2,09;1,2;0,87;0,68;0,4;0,35;0,31;0,39;0,23;0,2;0,58;0,55;0,94;1,09;1,0;1,77;0,83;2,42;0,67;0,86;0,84;0,92;0,87;0,79;0,86;1,04;0,87;0,82;0,8;1,42;0,67;1,06;0,98;1,35;1,09;1,43;1,52;1,02;1,02;1,03;0,97
peo_w.csv;4;4;8;1,35;1,55;0,87;3,34;0,2;2,35;3,34;2,79;1,95;1,12;0,91;0,73;0,36;0,32;0,31;0,35;0,2;0,16;0,56;0,48;0,78;0,91;1,0;1,77;0,74;2,55;0,7;0,85;0,8;0,92;0,87;0,71;0,86;1,08;0,87;0,74;0,85;1,48;0,71;0,97;0,98;1,44;1,07;1,33;1,52;1,06;1,02;0,98;0,88
peo_w.csv;4;4;9;1,03;1,22;0,85;2,69;0,22;2,02;2,69;2,35;1,77;1,02;0,89;0,71;0,36;0,35;0,32;0,41;0,22;0,16;0,48;0,41;0,65;0,77;1,0;1,77;0,74;2,5;0,61;0,8;0,79;0,89;0,95;0,71;0,84;1,13;0,87;0,83;0,85;1,45;0,63;0,97;0,98;1,4;1,06;1,3;1,51;1,11;0,97;0,97;0,87
peo_w.csv;4;4;10;1,12;1,37;0,82;3,04;0,25;1,79;3,04;2,66;1,82;1,05;0,9;0,99;0,5;0,45;0,37;0,48;0,25;0,19;0,55;0,44;0,71;0,65;1,0;1,71;0,69;2,36;0,64;0,83;0,82;0,86;0,88;0,71;1,08;1,07;0,87;0,8;0,85;1,58;0,63;1,06;0,98;1,4;0,99;1,24;1,51;1,17;0,97;0,95;0,86
peo_w.csv;4;5;4;1,82;1,83;0,99;1,7;0,37;2,93;1,7;1,08;1,03;1,1;0,94;0,73;0,49;0,51;0,64;0,67;0,37;0,32;0,63;0,76;1,06;1,68;1,36;1,25;1,24;1,71;0,81;0,78;0,88;0,94;1,03;0,86;0,86;0,91;1,02;0,89;0,92;1,41;0,84;0,76;0,97;1,29;1,1;1,05;0,95;0,94;1,44;0,98;1,02
peo_w.csv;4;5;5;1,18;1,2;0,98;1,21;0,28;3,61;1,21;0,99;0,75;0,93;0,8;0,59;0,43;0,43;0,52;0,54;0,28;0,24;0,55;0,5;0,97;1,66;1,36;1,75;0,96;1,99;0,8;0,77;0,86;0,89;0,89;0,87;0,79;0,91;1,05;0,89;0,9;1,5;0,84;0,73;0,9;1,18;1,09;1,05;0,84;1,18;1,1;0,97;1,02
peo_w.csv;4;5;6;0,71;0,79;0,9;1,48;0,26;2,03;1,48;1,22;0,93;0,88;0,79;0,7;0,49;0,44;0,43;0,44;0,26;0,22;0,5;0,42;0,81;0,91;1,0;1,77;0,83;1,99;0,69;0,84;0,86;0,87;0,86;0,83;0,89;0,91;0,99;0,89;0,82;1,42;0,83;0,9;0,96;1,17;1,01;1,01;1,05;1,17;0,99;0,92;0,98
peo_w.csv;4;5;7;1,2;1,22;0,98;3,12;0,2;1,94;3,12;2,46;2,16;1,3;0,9;0,7;0,42;0,36;0,33;0,35;0,2;0,17;0,38;0,36;0,66;0,77;1,0;1,77;0,83;1,99;0,66;0,81;0,79;0,91;0,84;0,81;0,85;0,97;0,87;0,88;0,8;1,39;0,75;1,0;0,98;1,35;1,09;1,41;1,45;0,99;1,02;1,01;0,97
peo_w.csv;4;5;8;0,88;1,04;0,85;2,94;0,18;1,94;2,94;2,46;1,83;1,1;0,86;0,69;0,37;0,32;0,32;0,34;0,18;0,15;0,4;0,34;0,59;0,69;1,0;1,77;0,74;2,1;0,7;0,8;0,76;0,91;0,84;0,77;0,85;1,02;0,87;0,79;0,85;1,48;0,71;0,92;0,98;1,44;1,07;1,31;1,45;1,06;1,02;0,96;0,88
peo_w.csv;4;5;9;0,73;0,88;0,82;2,49;0,21;1,66;2,49;2,18;1,6;0,92;0,8;0,63;0,37;0,35;0,34;0,41;0,21;0,15;0,39;0,33;0,53;0,63;1,0;1,77;0,74;2,05;0,61;0,76;0,75;0,89;0,91;0,82;0,84;1,11;0,87;0,81;0,85;1,45;0,63;0,92;0,98;1,4;1,06;1,28;1,51;1,11;0,97;0,95;0,87
peo_w.csv;4;5;10;0,86;1,08;0,8;2,82;0,24;1,57;2,82;2,47;1,65;0,95;0,83;0,91;0,53;0,48;0,4;0,49;0,24;0,2;0,48;0,39;0,61;0,57;1,0;1,71;0,69;1,93;0,69;0,78;0,78;0,83;0,88;0,82;1,08;1,07;0,87;0,78;0,85;1,58;0,63;1,0;0,98;1,4;0,99;1,22;1,51;1,17;0,97;0,93;0,86
peo_w.csv;4;6;4;1,31;1,24;1,05;1,43;0,32;2,72;1,43;0,89;0,89;0,93;0,83;0,61;0,43;0,48;0,56;0,54;0,32;0,29;0,55;0,62;0,85;1,46;1,36;1,25;1,18;1,7;0,8;0,77;0,84;0,94;1,03;0,86;0,79;0,91;1,04;0,89;0,89;1,3;0,88;0,8;0,92;1,22;1,08;1,02;0,99;0,88;1,44;1,04;1,02
peo_w.csv;4;6;5;0,93;0,89;1,05;1,1;0,24;3,35;1,1;0,87;0,66;0,8;0,71;0,49;0,38;0,4;0,49;0,46;0,24;0,22;0,49;0,43;0,78;1,45;1,36;1,65;0,96;1,97;0,79;0,75;0,83;0,89;0,89;0,87;0,74;0,91;1,09;0,89;0,87;1,43;0,88;0,73;0,86;1,11;1,07;1,02;0,89;1,18;1,1;1,03;1,02
peo_w.csv;4;6;6;0,53;0,55;0,96;1,27;0,23;1,9;1,27;1,01;0,77;0,76;0,7;0,6;0,44;0,41;0,4;0,38;0,23;0,2;0,44;0,35;0,66;0,78;1,0;1,68;0,83;1,97;0,69;0,82;0,83;0,87;0,86;0,81;0,85;0,91;1,03;0,89;0,79;1,36;0,87;0,9;0,91;1,1;0,99;0,98;1,05;1,17;0,99;0,98;0,98
peo_w.csv;4;6;7;0,95;0,97;0,98;2,68;0,2;1,81;2,68;2,11;1,86;1,24;0,88;0,67;0,41;0,35;0,34;0,33;0,2;0,16;0,37;0,31;0,55;0,67;1,0;1,68;0,83;1,97;0,66;0,81;0,76;0,91;0,84;0,79;0,81;0,97;0,97;0,88;0,8;1,33;0,79;0,95;0,98;1,28;1,07;1,37;1,45;0,99;1,02;1,01;0,97
peo_w.csv;4;6;8;0,67;0,8;0,85;2,66;0,18;1,66;2,66;2,22;1,66;1,11;0,9;0,68;0,36;0,31;0,33;0,32;0,18;0,13;0,36;0,27;0,45;0,55;1,0;1,68;0,74;2,1;0,63;0,8;0,73;0,91;0,84;0,75;0,81;1,02;0,97;0,79;0,85;1,42;0,74;0,87;0,98;1,42;1,07;1,27;1,45;1,06;1,02;0,96;0,88
peo_w.csv;4;6;9;0,57;0,69;0,82;2,31;0,21;1,42;2,31;2,02;1,49;0,95;0,85;0,64;0,37;0,35;0,36;0,38;0,21;0,14;0,34;0,26;0,4;0,51;1,0;1,68;0,74;2,05;0,55;0,76;0,72;0,89;0,91;0,8;0,79;1,11;0,97;0,81;0,85;1,39;0,67;0,87;0,98;1,37;1,06;1,24;1,51;1,11;0,97;0,95;0,87
peo_w.csv;4;6;10;0,71;0,89;0,8;2,62;0,25;1,34;2,62;2,29;1,53;1,01;0,88;0,96;0,56;0,51;0,44;0,51;0,25;0,18;0,45;0,32;0,49;0,46;1,0;1,62;0,69;1,93;0,62;0,75;0,78;0,83;0,88;0,8;1,08;1,04;0,99;0,78;0,85;1,51;0,67;0,95;0,98;1,37;0,99;1,19;1,51;1,17;0,97;0,93;0,86
peo_w.csv;4;7;4;1,48;1,32;1,12;1,35;0,4;2,44;1,35;0,91;0,81;0,85;0,77;0,65;0,52;0,61;0,7;0,67;0,4;0,34;0,61;0,75;0,97;1,47;1,29;1,19;1,27;1,61;0,78;0,77;0,85;0,96;1,08;0,9;0,85;0,92;1,04;0,89;0,92;1,29;0,88;0,84;0,92;1,12;1,0;1,02;0,99;1,0;1,37;1,1;1,02
peo_w.csv;4;7;5;1,15;1,04;1,11;1,06;0,33;3,01;1,06;0,9;0,61;0,74;0,67;0,54;0,5;0,55;0,63;0,61;0,33;0,28;0,59;0,56;0,95;1,55;1,29;1,58;1,03;1,87;0,77;0,75;0,85;0,9;0,95;0,94;0,79;0,92;1,09;0,89;0,9;1,42;0,88;0,79;0,85;1,03;0,99;1,02;0,89;1,3;1,06;1,09;1,02
peo_w.csv;4;7;6;0,76;0,74;1,03;1,21;0,32;1,88;1,21;1,05;0,72;0,71;0,67;0,66;0,57;0,55;0,54;0,53;0,32;0,26;0,54;0,47;0,86;0,95;1,0;1,68;0,9;1,87;0,67;0,82;0,85;0,88;0,94;0,88;0,91;0,92;1,03;0,89;0,83;1,35;0,87;0,9;0,97;1,01;0,92;0,98;1,05;1,29;0,96;1,05;0,98
peo_w.csv;4;7;7;1,12;1,14;0,98;2,32;0,27;1,79;2,32;1,82;1,46;0,97;0,73;0,66;0,46;0,46;0,42;0,44;0,27;0,22;0,48;0,44;0,74;0,82;1,0;1,68;0,89;1,87;0,64;0,81;0,83;0,86;0,91;0,86;0,91;1,0;0,97;0,88;0,77;1,31;0,79;0,95;0,92;1,24;0,99;1,34;1,45;1,1;0,99;1,01;0,97
peo_w.csv;4;7;8;0,84;0,99;0,85;2,45;0,23;1,73;2,45;2,07;1,31;0,88;0,71;0,62;0,39;0,39;0,38;0,41;0,23;0,17;0,46;0,38;0,64;0,71;1,0;1,68;0,8;2,1;0,61;0,8;0,79;0,86;0,91;0,82;0,91;1,0;0,97;0,77;0,84;1,42;0,74;0,87;0,92;1,29;1,04;1,24;1,45;1,22;0,99;0,96;0,88
peo_w.csv;4;7;9;0,74;0,89;0,82;2,12;0,28;1,49;2,12;1,88;1,18;0,75;0,67;0,58;0,42;0,42;0,44;0,52;0,28;0,18;0,46;0,39;0,6;0,68;1,0;1,68;0,8;2,05;0,54;0,76;0,79;0,92;0,91;0,9;0,89;1,08;0,97;0,8;0,84;1,39;0,67;0,87;0,92;1,25;1,03;1,21;1,51;1,28;0,94;0,95;0,87
peo_w.csv;4;7;10;0,7;0,88;0,8;2,04;0,29;1,51;2,04;1,81;1,21;0,8;0,71;0,76;0,55;0,53;0,46;0,58;0,29;0,2;0,51;0,42;0,65;0,63;1,0;1,62;0,8;1,93;0,6;0,75;0,85;0,82;0,88;0,9;1,03;1,04;0,99;0,77;0,84;1,51;0,67;0,95;0,92;1,25;0,97;1,16;1,51;1,15;0,94;0,93;0,86
peo_w.csv;4;8;4;1,99;1,78;1,12;1,48;0,49;2,44;1,48;0,94;0,89;0,9;0,76;0,68;0,54;0,64;0,72;0,7;0,49;0,42;0,72;0,89;1,14;1,66;1,29;1,19;1,27;1,61;0,78;0,83;0,85;1,01;1,08;0,9;0,89;0,92;1,04;0,94;0,91;1,17;0,88;0,89;0,92;1,12;1,0;1,08;1,03;1,0;1,43;1,1;1,02
peo_w.csv;4;8;5;1,75;1,58;1,11;1,28;0,41;3,01;1,28;0,92;0,67;0,75;0,64;0,54;0,5;0,55;0,67;0,65;0,41;0,36;0,71;0,71;1,21;1,86;1,29;1,58;1,03;1,87;0,77;0,81;0,85;1,01;0,95;0,94;0,84;0,92;1,03;0,94;0,88;1,28;0,88;0,83;0,85;1,03;0,99;1,08;0,92;1,3;1,23;1,09;1,02
peo_w.csv;4;8;6;1,07;1,04;1,03;1,35;0,41;1,88;1,35;0,99;0,73;0,7;0,6;0,59;0,55;0,53;0,58;0,56;0,41;0,33;0,66;0,61;1,11;1,22;1,0;1,68;0,9;1,87;0,67;0,88;0,85;0,98;0,94;0,94;0,91;0,92;0,98;0,94;0,82;1,22;0,87;0,9;0,97;1,01;0,92;1,08;1,01;1,29;1,11;1,05;0,98
peo_w.csv;4;8;7;1,43;1,46;0,98;2,43;0,33;1,79;2,43;1,65;1,42;0,95;0,68;0,62;0,47;0,47;0,47;0,5;0,33;0,28;0,55;0,5;0,89;0,98;1,0;1,68;0,89;1,87;0,64;0,8;0,83;0,96;0,91;0,94;0,91;0,95;0,97;0,95;0,77;1,19;0,79;0,95;0,92;1,24;0,99;1,34;1,45;1,1;1,14;1,01;0,97
peo_w.csv;4;8;8;1,28;1,52;0,85;2,71;0,32;1,73;2,71;1,99;1,53;1,03;0,78;0,68;0,47;0,47;0,52;0,53;0,32;0,24;0,53;0,44;0,77;0,85;1,0;1,68;0,8;2,1;0,61;0,79;0,79;0,96;0,91;0,9;0,91;0,95;0,97;0,94;0,84;1,29;0,78;0,87;0,92;1,29;1,04;1,24;1,45;1,22;1,14;0,96;0,88
peo_w.csv;4;8;9;1,06;1,29;0,82;2,44;0,35;1,49;2,44;1,88;1,43;0,92;0,78;0,67;0,48;0,48;0,56;0,62;0,35;0,23;0,48;0,4;0,65;0,73;1,0;1,68;0,8;2,05;0,54;0,74;0,79;1,03;0,91;0,9;0,89;1,03;0,97;0,97;0,84;1,31;0,71;0,87;0,92;1,25;1,03;1,21;1,51;1,28;1,09;0,95;0,87
peo_w.csv;4;8;10;1,07;1,34;0,8;2,34;0,38;1,51;2,34;1,8;1,47;0,97;0,87;0,93;0,66;0,64;0,61;0,73;0,38;0,27;0,56;0,45;0,7;0,68;1,0;1,62;0,8;1,93;0,6;0,74;0,85;0,91;0,88;0,9;1,03;1,04;0,99;0,94;0,84;1,43;0,71;0,95;0,92;1,25;0,97;1,16;1,51;1,15;1,09;0,93;0,86
peo_w.csv;4;9;4;1,51;1,38;1,09;1,24;0,47;2,37;1,24;0,98;0,89;0,88;0,74;0,71;0,57;0,63;0,66;0,6;0,47;0,37;0,6;0,73;1,0;1,45;1,29;1,19;1,25;1,46;0,85;0,82;0,85;0,97;1,01;0,9;0,89;0,87;1,02;0,9;1,08;1,05;0,93;0,92;0,92;1,12;0,93;1,04;1,03;1,0;1,37;1,07;1,02
peo_w.csv;4;9;5;1,48;1,37;1,08;1,09;0,41;3,07;1,09;0,89;0,68;0,75;0,62;0,61;0,56;0,59;0,65;0,59;0,41;0,33;0,65;0,65;1,17;1,7;1,29;1,58;1,02;1,78;0,84;0,8;0,85;0,97;0,89;0,94;0,89;0,87;1,02;0,9;1,05;1,15;0,93;0,88;0,85;1,03;0,91;1,04;0,92;1,18;1,28;1,06;1,02
peo_w.csv;4;9;6;0,86;0,83;1,03;1,16;0,38;1,92;1,16;0,98;0,75;0,72;0,6;0,61;0,57;0,52;0,52;0,47;0,38;0,28;0,55;0,5;0,97;1,12;1,0;1,68;0,88;1,78;0,73;0,87;0,85;0,95;0,88;0,94;0,87;0,87;0,97;0,9;0,98;1,1;0,93;0,96;0,97;1,01;0,85;1,04;1,01;1,17;1,17;1,05;0,98
peo_w.csv;4;9;7;1,25;1,27;0,98;2,17;0,32;1,83;2,17;1,87;1,7;1,12;0,8;0,74;0,57;0,53;0,47;0,43;0,32;0,24;0,46;0,42;0,78;0,9;1,0;1,68;0,88;1,78;0,7;0,79;0,83;0,93;0,86;0,94;0,87;0,91;0,96;0,91;0,94;1,07;0,9;1,06;0,92;1,24;0,93;1,28;1,45;1,0;1,1;1,01;0,97
peo_w.csv;4;9;8;1,01;1,13;0,89;2,27;0,28;1,77;2,27;1,95;1,56;1,03;0,79;0,71;0,49;0,46;0,44;0,45;0,28;0,2;0,44;0,37;0,68;0,78;1,0;1,68;0,79;1,99;0,67;0,78;0,79;0,93;0,86;0,9;0,87;0,91;0,96;0,89;0,94;1,23;0,78;0,97;0,92;1,29;0,97;1,19;1,45;1,11;1,1;1,01;0,88
peo_w.csv;4;9;9;1,02;1,17;0,87;2,05;0,33;1,73;2,05;1,85;1,52;0,96;0,84;0,74;0,53;0,5;0,51;0,56;0,33;0,23;0,47;0,39;0,65;0,77;1,0;1,68;0,79;1,95;0,67;0,74;0,79;0,99;0,86;0,9;0,85;1,02;0,96;0,96;0,94;1,25;0,71;0,97;0,92;1,25;0,97;1,16;1,51;1,16;1,05;1,0;0,87
peo_w.csv;4;9;10;0,98;1,16;0,84;1,77;0,37;1,76;1,77;1,59;1,41;0,93;0,86;0,94;0,67;0,64;0,58;0,69;0,37;0,29;0,59;0,47;0,74;0,75;1,0;1,62;0,79;1,84;0,75;0,74;0,85;0,86;0,88;0,9;0,99;1,03;0,99;0,93;0,94;1,37;0,71;0,95;0,92;1,25;0,91;1,11;1,51;1,05;1,05;0,98;0,86
peo_w.csv;4;10;4;1,32;1,31;1,0;0,85;0,59;2,62;0,85;0,65;0,66;0,58;0,49;0,51;0,44;0,49;0,57;0,62;0,59;0,51;0,75;1,1;1,55;2,13;1,29;1,19;1,32;1,46;0,89;0,88;0,93;1,04;1,01;0,94;0,94;0,85;0,9;0,99;1,03;0,93;0,86;0,88;0,92;1,09;0,91;0,99;1,03;0,97;1,35;0,99;1,02
peo_w.csv;4;10;5;1,51;1,52;0,99;0,79;0,56;3,45;0,79;0,62;0,53;0,52;0,44;0,46;0,44;0,52;0,64;0,7;0,56;0,49;0,89;1,07;2,0;2,75;1,29;1,58;1,08;1,78;0,89;0,87;0,93;1,04;1,01;0,94;0,94;0,85;0,9;0,99;1,0;1,08;0,86;0,84;0,85;0,99;0,9;0,99;0,92;1,16;1,27;0,98;1,02
peo_w.csv;4;10;6;1,13;1,19;0,95;0,88;0,52;2,58;0,88;0,72;0,62;0,52;0,45;0,5;0,48;0,5;0,53;0,57;0,52;0,48;0,87;1,02;2,03;2,17;1,0;1,68;1,0;1,78;0,87;0,94;0,93;1,01;1,0;0,94;0,94;0,85;0,85;0,99;0,94;1,03;0,86;0,96;0,97;0,98;0,84;0,99;1,01;1,14;1,15;0,97;0,98
peo_w.csv;4;10;7;1,74;1,92;0,91;1,71;0,46;2,46;1,71;1,48;1,42;0,84;0,61;0,63;0,48;0,51;0,49;0,53;0,46;0,41;0,75;0,89;1,67;1,79;1,0;1,68;0,99;1,78;0,83;0,85;0,91;1,01;0,98;0,94;0,94;0,89;0,84;0,96;0,93;1,0;0,83;1,06;0,92;1,24;0,92;1,22;1,42;1,0;1,08;0,93;0,97
peo_w.csv;4;10;8;1,43;1,73;0,82;1,79;0,41;2,38;1,79;1,54;1,31;0,78;0,61;0,6;0,41;0,44;0,46;0,55;0,41;0,35;0,73;0,78;1,47;1,57;1,0;1,68;0,89;1,99;0,79;0,85;0,87;1,01;0,98;0,9;0,94;0,89;0,84;0,94;0,93;1,15;0,73;0,97;0,92;1,29;0,96;1,13;1,42;1,11;1,08;0,93;0,88
peo_w.csv;4;10;9;1,29;1,61;0,8;1,65;0,42;2,33;1,65;1,49;1,21;0,67;0,6;0,58;0,41;0,44;0,45;0,59;0,42;0,36;0,74;0,79;1,33;1,45;1,0;1,68;0,89;1,95;0,79;0,83;0,86;0,99;0,98;0,9;0,92;0,99;0,84;0,94;0,93;1,17;0,66;0,97;0,92;1,25;0,95;1,11;1,51;1,16;1,03;0,92;0,87
peo_w.csv;4;10;10;1,14;1,47;0,78;1,52;0,41;2,37;1,52;1,38;1,19;0,73;0,67;0,74;0,53;0,58;0,52;0,67;0,41;0,39;0,79;0,76;1,27;1,29;1,0;1,62;0,89;1,84;0,89;0,83;0,85;0,86;1,0;0,9;0,99;0,98;0,92;0,91;0,93;1,37;0,66;0,95;0,92;1,25;0,89;1,06;1,51;1,05;1,03;0,9;0,86
peo_w.csv;5;5;5;1,22;1,2;1,01;1,21;0,28;3,61;1,21;0,99;0,75;0,93;0,8;0,59;0,43;0,43;0,52;0,54;0,28;0,24;0,55;0,5;0,97;1,66;1,36;1,75;0,96;1,99;0,8;0,77;0,86;0,89;0,89;0,87;0,79;0,91;1,05;0,89;0,9;1,5;0,84;0,73;0,9;1,18;1,09;1,05;0,84;1,18;1,1;0,97;1,05
peo_w.csv;5;5;6;0,74;0,79;0,93;1,48;0,26;2,03;1,48;1,22;0,93;0,88;0,79;0,7;0,49;0,44;0,43;0,44;0,26;0,22;0,5;0,42;0,81;0,91;1,0;1,77;0,83;1,99;0,69;0,84;0,86;0,87;0,86;0,83;0,89;0,91;0,99;0,89;0,82;1,42;0,83;0,9;0,96;1,17;1,01;1,01;1,05;1,17;0,99;0,92;1,02
peo_w.csv;5;5;7;1,31;1,28;1,02;3,19;0,21;1,94;3,19;2,51;2,27;1,36;0,94;0,73;0,44;0,38;0,34;0,35;0,21;0,17;0,38;0,36;0,66;0,77;1,0;1,77;0,83;1,99;0,66;0,81;0,79;0,91;0,84;0,81;0,85;0,97;0,87;0,9;0,8;1,39;0,77;1,0;0,98;1,35;1,09;1,41;1,45;0,99;1,02;1,01;1,02
peo_w.csv;5;5;8;1,02;1,05;0,97;3,2;0,17;1,94;3,2;2,67;2,0;1,21;0,87;0,7;0,37;0,32;0,32;0,31;0,17;0,14;0,37;0,32;0,59;0,69;1,0;1,77;0,74;2,1;0,7;0,8;0,76;0,91;0,84;0,77;0,85;0,95;0,87;0,79;0,85;1,48;0,77;0,92;0,98;1,44;1,07;1,31;1,45;1,06;1,02;0,96;1,02
peo_w.csv;5;5;9;0,78;0,82;0,95;2,7;0,18;1,66;2,7;2,37;1,62;0,93;0,75;0,59;0,35;0,32;0,32;0,35;0,18;0,13;0,36;0,3;0,53;0,63;1,0;1,77;0,74;2,05;0,61;0,76;0,75;0,89;0,91;0,82;0,84;1,02;0,87;0,76;0,85;1,45;0,68;0,92;0,98;1,4;1,06;1,28;1,51;1,11;0,97;0,95;1,0
peo_w.csv;5;5;10;0,92;1,0;0,92;2,82;0,23;1,57;2,82;2,47;1,54;0,88;0,78;0,85;0,49;0,45;0,37;0,46;0,23;0,18;0,48;0,39;0,61;0,57;1,0;1,71;0,69;1,93;0,69;0,78;0,78;0,83;0,88;0,82;1,08;1,07;0,87;0,73;0,85;1,58;0,63;1,0;0,98;1,4;0,99;1,22;1,51;1,17;0,97;0,93;0,99
peo_w.csv;5;6;5;1,05;0,97;1,08;1,1;0,24;3,66;1,1;0,87;0,66;0,8;0,71;0,49;0,38;0,4;0,49;0,46;0,24;0,24;0,53;0,47;0,85;1,58;1,36;1,65;0,96;1,97;0,86;0,75;0,83;0,89;0,89;0,87;0,74;0,91;1,09;0,89;0,87;1,43;0,88;0,73;0,86;1,11;1,07;1,02;0,89;1,18;1,1;1,03;1,05
peo_w.csv;5;6;6;0,59;0,6;0,99;1,27;0,23;2,07;1,27;1,01;0,77;0,76;0,7;0,6;0,44;0,41;0,4;0,38;0,23;0,22;0,48;0,39;0,72;0,85;1,0;1,68;0,83;1,97;0,75;0,82;0,83;0,87;0,86;0,81;0,85;0,91;1,03;0,89;0,79;1,36;0,87;0,9;0,91;1,1;0,99;0,98;1,05;1,17;0,99;0,98;1,02
peo_w.csv;5;6;7;1,13;1,1;1,02;2,74;0,2;1,97;2,74;2,16;1,95;1,3;0,92;0,7;0,43;0,37;0,35;0,33;0,2;0,18;0,4;0,34;0,6;0,73;1,0;1,68;0,83;1,97;0,72;0,81;0,76;0,91;0,84;0,79;0,81;0,97;0,97;0,9;0,8;1,33;0,8;0,95;0,98;1,28;1,07;1,37;1,45;0,99;1,02;1,01;1,02
peo_w.csv;5;6;8;0,85;0,88;0,97;2,89;0,17;1,81;2,89;2,42;1,81;1,21;0,9;0,69;0,37;0,31;0,33;0,3;0,17;0,14;0,36;0,28;0,49;0,6;1,0;1,68;0,74;2,1;0,69;0,8;0,73;0,91;0,84;0,75;0,81;0,95;0,97;0,79;0,85;1,42;0,8;0,87;0,98;1,42;1,07;1,27;1,45;1,06;1,02;0,96;1,02
peo_w.csv;5;6;9;0,66;0,7;0,95;2,51;0,18;1,55;2,51;2,2;1,5;0,96;0,8;0,6;0,35;0,33;0,33;0,33;0,18;0,13;0,35;0,27;0,44;0,55;1,0;1,68;0,74;2,05;0,6;0,76;0,72;0,89;0,91;0,8;0,79;1,02;0,97;0,76;0,85;1,39;0,73;0,87;0,98;1,37;1,06;1,24;1,51;1,11;0,97;0,95;1,0
peo_w.csv;5;6;10;0,83;0,9;0,92;2,62;0,24;1,47;2,62;2,29;1,43;0,94;0,82;0,9;0,52;0,47;0,41;0,48;0,24;0,19;0,49;0,34;0,54;0,5;1,0;1,62;0,69;1,93;0,67;0,75;0,78;0,83;0,88;0,8;1,08;1,04;0,99;0,73;0,85;1,51;0,67;0,95;0,98;1,37;0,99;1,19;1,51;1,17;0,97;0,93;0,99
peo_w.csv;5;7;5;1,18;1,04;1,14;1,06;0,33;3,01;1,06;0,9;0,61;0,74;0,67;0,54;0,5;0,55;0,63;0,61;0,33;0,28;0,59;0,56;0,95;1,55;1,29;1,58;1,03;1,87;0,77;0,75;0,85;0,9;0,95;0,94;0,79;0,92;1,09;0,89;0,9;1,42;0,88;0,79;0,85;1,03;0,99;1,02;0,89;1,3;1,06;1,09;1,05
peo_w.csv;5;7;6;0,78;0,74;1,06;1,21;0,32;1,88;1,21;1,05;0,72;0,71;0,67;0,66;0,57;0,55;0,54;0,53;0,32;0,26;0,54;0,47;0,86;0,95;1,0;1,68;0,9;1,87;0,67;0,82;0,85;0,88;0,94;0,88;0,91;0,92;1,03;0,89;0,83;1,35;0,87;0,9;0,97;1,01;0,92;0,98;1,05;1,29;0,96;1,05;1,02
peo_w.csv;5;7;7;1,22;1,19;1,02;2,38;0,28;1,79;2,38;1,86;1,52;1,02;0,76;0,69;0,48;0,48;0,44;0,45;0,28;0,23;0,48;0,44;0,74;0,82;1,0;1,68;0,89;1,87;0,64;0,81;0,83;0,86;0,91;0,86;0,91;1,0;0,97;0,9;0,77;1,31;0,8;0,95;0,92;1,24;0,99;1,34;1,45;1,1;0,99;1,01;1,02
peo_w.csv;5;7;8;1,05;1,08;0,97;2,66;0,23;1,73;2,66;2,25;1,43;0,96;0,77;0,67;0,43;0,42;0,42;0,42;0,23;0,17;0,46;0,38;0,64;0,71;1,0;1,68;0,8;2,1;0,61;0,8;0,79;0,86;0,91;0,82;0,91;1,0;0,97;0,78;0,84;1,42;0,8;0,87;0,92;1,29;1,04;1,24;1,45;1,22;0,99;0,96;1,02
peo_w.csv;5;7;9;0,85;0,9;0,95;2,31;0,26;1,49;2,31;2,05;1,19;0,76;0,68;0,59;0,42;0,42;0,45;0,48;0,26;0,17;0,46;0,39;0,6;0,68;1,0;1,68;0,8;2,05;0,54;0,76;0,79;0,92;0,91;0,9;0,89;1,08;0,97;0,74;0,84;1,39;0,73;0,87;0,92;1,25;1,03;1,21;1,51;1,28;0,94;0,95;1,0
peo_w.csv;5;7;10;0,75;0,82;0,92;2,04;0,27;1,51;2,04;1,81;1,13;0,74;0,67;0,71;0,51;0,49;0,43;0,54;0,27;0,19;0,51;0,42;0,65;0,63;1,0;1,62;0,8;1,93;0,6;0,75;0,85;0,82;0,88;0,9;1,03;1,04;0,99;0,72;0,84;1,51;0,67;0,95;0,92;1,25;0,97;1,16;1,51;1,15;0,94;0,93;0,99
peo_w.csv;5;8;5;1,8;1,58;1,14;1,28;0,41;3,01;1,28;0,92;0,67;0,75;0,64;0,54;0,5;0,55;0,67;0,65;0,41;0,36;0,71;0,71;1,21;1,86;1,29;1,58;1,03;1,87;0,77;0,81;0,85;1,01;0,95;0,94;0,84;0,92;1,03;0,94;0,88;1,28;0,88;0,83;0,85;1,03;0,99;1,08;0,92;1,3;1,23;1,09;1,05
peo_w.csv;5;8;6;1,11;1,04;1,06;1,35;0,41;1,88;1,35;0,99;0,73;0,7;0,6;0,59;0,55;0,53;0,58;0,56;0,41;0,33;0,66;0,61;1,11;1,22;1,0;1,68;0,9;1,87;0,67;0,88;0,85;0,98;0,94;0,94;0,91;0,92;0,98;0,94;0,82;1,22;0,87;0,9;0,97;1,01;0,92;1,08;1,01;1,29;1,11;1,05;1,02
peo_w.csv;5;8;7;1,53;1,49;1,02;2,49;0,33;1,79;2,49;1,69;1,46;0,97;0,69;0,63;0,48;0,48;0,48;0,5;0,33;0,28;0,55;0,5;0,89;0,98;1,0;1,68;0,89;1,87;0,64;0,8;0,83;0,96;0,91;0,94;0,91;0,95;0,97;0,95;0,77;1,19;0,81;0,95;0,92;1,24;0,99;1,34;1,45;1,1;1,14;1,01;1,02
peo_w.csv;5;8;8;1,63;1,68;0,97;2,94;0,33;1,73;2,94;2,16;1,69;1,13;0,87;0,75;0,52;0,52;0,58;0,54;0,33;0,24;0,53;0,44;0,77;0,85;1,0;1,68;0,8;2,1;0,61;0,79;0,79;0,96;0,91;0,9;0,91;0,95;0,97;0,96;0,84;1,29;0,85;0,87;0,92;1,29;1,04;1,24;1,45;1,22;1,14;0,96;1,02
peo_w.csv;5;8;9;1,24;1,31;0,95;2,65;0,33;1,49;2,65;2,04;1,46;0,94;0,79;0,68;0,49;0,49;0,57;0,58;0,33;0,21;0,48;0,4;0,65;0,73;1,0;1,68;0,8;2,05;0,54;0,74;0,79;1,03;0,91;0,9;0,89;1,03;0,97;0,92;0,84;1,31;0,77;0,87;0,92;1,25;1,03;1,21;1,51;1,28;1,09;0,95;1,0
peo_w.csv;5;8;10;1,15;1,26;0,92;2,34;0,36;1,51;2,34;1,8;1,39;0,91;0,82;0,87;0,63;0,6;0,58;0,69;0,36;0,25;0,56;0,45;0,7;0,68;1,0;1,62;0,8;1,93;0,6;0,74;0,85;0,91;0,88;0,9;1,03;1,04;0,99;0,89;0,84;1,43;0,71;0,95;0,92;1,25;0,97;1,16;1,51;1,15;1,09;0,93;0,99
peo_w.csv;5;9;5;1,43;1,28;1,12;1,02;0,41;3,07;1,02;0,83;0,63;0,7;0,58;0,57;0,52;0,55;0,65;0,59;0,41;0,33;0,65;0,65;1,17;1,7;1,29;1,58;1,02;1,78;0,84;0,8;0,85;0,97;0,89;0,94;0,89;0,87;1,02;0,9;1,05;1,15;0,93;0,82;0,85;1,03;0,91;1,04;0,92;1,18;1,28;1,06;1,05
peo_w.csv;5;9;6;0,83;0,78;1,07;1,08;0,38;1,92;1,08;0,91;0,7;0,67;0,56;0,57;0,53;0,49;0,52;0,47;0,38;0,28;0,55;0,5;0,97;1,12;1,0;1,68;0,88;1,78;0,73;0,87;0,85;0,95;0,88;0,94;0,87;0,87;0,97;0,9;0,98;1,1;0,93;0,89;0,97;1,01;0,85;1,04;1,01;1,17;1,17;1,05;1,02
peo_w.csv;5;9;7;1,18;1,15;1,02;1,98;0,32;1,83;1,98;1,7;1,55;1,02;0,73;0,68;0,52;0,48;0,48;0,43;0,32;0,24;0,46;0,42;0,78;0,9;1,0;1,68;0,88;1,78;0,7;0,79;0,83;0,93;0,86;0,94;0,87;0,91;0,96;0,91;0,94;1,07;0,92;0,94;0,92;1,24;0,93;1,28;1,45;1,0;1,1;1,01;1,02
peo_w.csv;5;9;8;1,14;1,11;1,02;2,2;0,29;1,77;2,2;1,89;1,54;1,02;0,78;0,7;0,48;0,45;0,49;0,45;0,29;0,2;0,44;0,37;0,68;0,78;1,0;1,68;0,79;1,99;0,67;0,78;0,79;0,93;0,86;0,9;0,87;0,91;0,96;0,91;0,94;1,23;0,85;0,86;0,92;1,29;0,97;1,19;1,45;1,11;1,1;1,01;1,02
peo_w.csv;5;9;9;1,02;1,02;1,0;1,98;0,3;1,73;1,98;1,79;1,33;0,84;0,74;0,65;0,46;0,43;0,5;0,51;0,3;0,21;0,47;0,39;0,65;0,77;1,0;1,68;0,79;1,95;0,67;0,74;0,79;0,99;0,86;0,9;0,85;1,02;0,96;0,87;0,94;1,25;0,77;0,86;0,92;1,25;0,97;1,16;1,51;1,16;1,05;1,0;1,0
peo_w.csv;5;9;10;1,02;1,05;0,97;1,77;0,34;1,76;1,77;1,59;1,28;0,84;0,77;0,84;0,6;0,58;0,52;0,63;0,34;0,27;0,59;0,47;0,74;0,75;1,0;1,62;0,79;1,84;0,75;0,74;0,85;0,86;0,88;0,9;0,99;1,03;0,99;0,84;0,94;1,37;0,71;0,95;0,92;1,25;0,91;1,11;1,51;1,05;1,05;0,98;0,99
peo_w.csv;5;10;5;1,5;1,46;1,03;0,74;0,57;3,45;0,74;0,58;0,5;0,49;0,42;0,44;0,42;0,5;0,66;0,71;0,57;0,51;0,91;1,07;2,0;2,75;1,29;1,58;1,08;1,78;0,89;0,87;0,93;1,04;1,01;0,94;0,94;0,85;0,92;0,99;1,0;1,08;0,86;0,78;0,85;0,99;0,9;0,99;0,92;1,16;1,27;0,98;1,05
peo_w.csv;5;10;6;1,12;1,14;0,98;0,82;0,54;2,58;0,82;0,67;0,58;0,5;0,43;0,48;0,46;0,47;0,54;0,58;0,54;0,5;0,89;1,02;2,03;2,17;1,0;1,68;1,0;1,78;0,87;0,94;0,93;1,01;1,0;0,94;0,94;0,85;0,87;0,99;0,94;1,03;0,86;0,89;0,97;0,98;0,84;0,99;1,01;1,14;1,15;0,97;1,02
peo_w.csv;5;10;7;1,69;1,79;0,94;1,56;0,47;2,46;1,56;1,35;1,29;0,79;0,57;0,58;0,45;0,47;0,51;0,55;0,47;0,42;0,77;0,89;1,67;1,79;1,0;1,68;0,99;1,78;0,83;0,85;0,91;1,01;0,98;0,94;0,94;0,89;0,86;0,96;0,93;1,0;0,85;0,94;0,92;1,24;0,92;1,22;1,42;1,0;1,08;0,93;1,02
peo_w.csv;5;10;8;1,65;1,75;0,94;1,73;0,42;2,38;1,73;1,49;1,29;0,78;0,62;0,6;0,42;0,44;0,52;0,58;0,42;0,36;0,75;0,78;1,47;1,57;1,0;1,68;0,89;1,99;0,79;0,85;0,87;1,01;0,98;0,9;0,94;0,89;0,86;0,96;0,93;1,15;0,79;0,86;0,92;1,29;0,96;1,13;1,42;1,11;1,08;0,93;1,02
peo_w.csv;5;10;9;1,5;1,62;0,92;1,6;0,44;2,33;1,6;1,44;1,19;0,68;0,61;0,58;0,42;0,44;0,51;0,61;0,44;0,37;0,76;0,79;1,33;1,45;1,0;1,68;0,89;1,95;0,79;0,83;0,86;0,99;0,98;0,9;0,92;0,99;0,86;0,96;0,93;1,17;0,72;0,86;0,92;1,25;0,95;1,11;1,51;1,16;1,03;0,92;1,0
peo_w.csv;5;10;10;1,37;1,54;0,89;1,52;0,43;2,37;1,52;1,38;1,22;0,76;0,7;0,77;0,55;0,6;0,54;0,7;0,43;0,41;0,81;0,76;1,27;1,29;1,0;1,62;0,89;1,84;0,89;0,83;0,85;0,86;1,0;0,9;0,99;0,98;0,94;0,92;0,93;1,37;0,66;0,95;0,92;1,25;0,89;1,06;1,51;1,05;1,03;0,9;0,99
peo_w.csv;6;6;6;0,67;0,68;0,99;1,53;0,21;2,11;1,53;1,22;0,84;0,83;0,7;0,6;0,5;0,41;0,37;0,35;0,21;0,2;0,44;0,36;0,67;0,79;1,0;1,68;0,85;1,97;0,75;0,82;0,81;0,82;0,74;0,93;0,85;0,91;1,03;0,89;0,79;1,36;0,87;0,9;0,91;1,1;0,99;1,08;1,05;1,29;0,99;0,98;1,02
peo_w.csv;6;6;7;1,26;1,23;1,02;3,03;0,2;2,01;3,03;2,38;1,95;1,3;0,94;0,71;0,5;0,37;0,33;0,33;0,2;0,18;0,4;0,35;0,6;0,73;1,0;1,68;0,84;1,97;0,72;0,81;0,8;0,86;0,72;0,91;0,81;0,98;0,97;0,9;0,8;1,33;0,8;0,95;0,98;1,28;1,07;1,37;1,45;1,1;1,02;1,01;1,02
peo_w.csv;6;6;8;1,03;1,06;0,97;3,19;0,18;1,85;3,19;2,67;1,81;1,21;0,94;0,71;0,46;0,34;0,33;0,32;0,18;0,14;0,38;0,3;0,52;0,64;1,0;1,68;0,76;2,1;0,69;0,8;0,76;0,86;0,72;0,91;0,81;0,98;0,97;0,79;0,85;1,42;0,8;0,87;0,98;1,42;1,07;1,27;1,45;1,17;1,02;0,96;1,02
peo_w.csv;6;6;9;0,81;0,86;0,95;2,77;0,2;1,58;2,77;2,43;1,41;0,96;0,83;0,62;0,45;0,34;0,34;0,36;0,2;0,14;0,37;0,29;0,47;0,59;1,0;1,68;0,76;2,05;0,6;0,76;0,76;0,89;0,73;1,0;0,79;1,06;0,97;0,76;0,85;1,39;0,73;0,87;0,98;1,37;1,06;1,24;1,41;1,31;0,97;0,95;1,0
peo_w.csv;6;6;10;0,94;1,02;0,92;2,89;0,25;1,44;2,89;2,53;1,85;0,94;0,82;0,9;0,65;0,47;0,41;0,5;0,25;0,17;0,46;0,35;0,55;0,51;1,0;1,62;0,76;1,93;0,6;0,75;0,82;0,83;0,7;1,0;1,08;1,04;0,99;0,73;0,85;1,51;0,67;0,95;0,98;1,37;0,99;1,19;1,96;1,0;0,97;0,93;0,99
peo_w.csv;6;7;6;0,65;0,61;1,06;1,21;0,27;1,88;1,21;1,05;0,72;0,71;0,67;0,66;0,61;0,46;0,45;0,44;0,27;0,22;0,46;0,4;0,72;0,8;1,0;1,68;0,9;1,87;0,67;0,82;0,85;0,88;0,74;0,93;0,91;0,92;1,03;0,89;0,83;1,35;0,87;0,9;0,97;1,01;0,92;0,98;1,05;1,29;0,96;1,05;1,02
peo_w.csv;6;7;7;1,02;0,99;1,02;2,38;0,23;1,79;2,38;1,86;1,52;1,02;0,76;0,69;0,51;0,4;0,36;0,38;0,23;0,19;0,4;0,37;0,62;0,69;1,0;1,68;0,89;1,87;0,64;0,81;0,83;0,86;0,72;0,91;0,91;1,0;0,97;0,9;0,77;1,31;0,8;0,95;0,92;1,24;0,99;1,34;1,45;1,1;0,99;1,01;1,02
peo_w.csv;6;7;8;0,92;0,95;0,97;2,66;0,21;1,73;2,66;2,25;1,43;0,96;0,77;0,67;0,47;0,37;0,37;0,37;0,21;0,15;0,41;0,34;0,57;0,62;1,0;1,68;0,8;2,1;0,61;0,8;0,79;0,86;0,72;0,91;0,91;1,0;0,97;0,78;0,84;1,42;0,8;0,87;0,92;1,29;1,04;1,24;1,45;1,22;0,99;0,96;1,02
peo_w.csv;6;7;9;0,75;0,79;0,95;2,31;0,23;1,49;2,31;2,05;1,19;0,76;0,68;0,59;0,47;0,37;0,39;0,42;0,23;0,15;0,41;0,34;0,53;0,59;1,0;1,68;0,8;2,05;0,54;0,76;0,79;0,92;0,73;1,0;0,89;1,08;0,97;0,74;0,84;1,39;0,73;0,87;0,92;1,25;1,03;1,21;1,51;1,28;0,94;0,95;1,0
peo_w.csv;6;7;10;0,65;0,71;0,92;2,25;0,23;1,35;2,25;1,99;1,43;0,74;0,67;0,71;0,57;0,43;0,37;0,47;0,23;0,15;0,4;0,33;0,51;0,49;1,0;1,62;0,8;1,93;0,54;0,75;0,85;0,82;0,7;1,0;1,03;1,04;0,99;0,72;0,84;1,51;0,67;0,95;0,92;1,25;0,97;1,16;1,92;1,0;0,94;0,93;0,99
peo_w.csv;6;8;6;0,93;0,87;1,06;1,35;0,34;1,88;1,35;0,99;0,73;0,7;0,6;0,59;0,58;0,44;0,49;0,47;0,34;0,28;0,55;0,51;0,93;1,02;1,0;1,68;0,9;1,87;0,67;0,88;0,85;0,98;0,74;1,0;0,91;0,92;0,98;0,94;0,82;1,22;0,87;0,9;0,97;1,01;0,92;1,08;1,01;1,29;1,11;1,05;1,02
peo_w.csv;6;8;7;1,28;1,25;1,02;2,49;0,28;1,79;2,49;1,69;1,46;0,97;0,69;0,63;0,51;0,4;0,4;0,42;0,28;0,23;0,46;0,42;0,75;0,82;1,0;1,68;0,89;1,87;0,64;0,8;0,83;0,96;0,72;1,0;0,91;0,95;0,97;0,95;0,77;1,19;0,81;0,95;0,92;1,24;0,99;1,34;1,45;1,1;1,14;1,01;1,02
peo_w.csv;6;8;8;1,43;1,47;0,97;2,94;0,29;1,73;2,94;2,16;1,69;1,13;0,87;0,75;0,58;0,46;0,51;0,47;0,29;0,21;0,46;0,38;0,68;0,75;1,0;1,68;0,8;2,1;0,61;0,79;0,79;0,96;0,72;1,0;0,91;0,95;0,97;0,96;0,84;1,29;0,85;0,87;0,92;1,29;1,04;1,24;1,45;1,22;1,14;0,96;1,02
peo_w.csv;6;8;9;1,09;1,15;0,95;2,65;0,29;1,49;2,65;2,04;1,46;0,94;0,79;0,68;0,54;0,43;0,5;0,51;0,29;0,19;0,42;0,35;0,57;0,64;1,0;1,68;0,8;2,05;0,54;0,74;0,79;1,03;0,72;1,0;0,89;1,03;0,97;0,92;0,84;1,31;0,77;0,87;0,92;1,25;1,03;1,21;1,51;1,28;1,09;0,95;1,0
peo_w.csv;6;8;10;1,0;1,09;0,92;2,59;0,31;1,35;2,59;1,99;1,76;0,91;0,82;0,87;0,7;0,53;0,51;0,61;0,31;0,2;0,44;0,35;0,55;0,53;1,0;1,62;0,8;1,93;0,54;0,74;0,85;0,91;0,7;1,0;1,03;1,04;0,99;0,89;0,84;1,43;0,71;0,95;0,92;1,25;0,97;1,16;1,92;1,0;1,09;0,93;0,99
peo_w.csv;6;9;6;0,69;0,65;1,07;1,08;0,31;1,92;1,08;0,91;0,7;0,67;0,56;0,57;0,57;0,41;0,43;0,39;0,31;0,23;0,46;0,42;0,81;0,93;1,0;1,68;0,88;1,78;0,73;0,87;0,85;0,95;0,7;1,0;0,87;0,87;0,97;0,9;0,98;1,1;0,93;0,89;0,97;1,01;0,85;1,04;1,01;1,17;1,17;1,05;1,02
peo_w.csv;6;9;7;0,99;0,97;1,02;1,98;0,27;1,83;1,98;1,7;1,55;1,02;0,73;0,68;0,55;0,41;0,4;0,36;0,27;0,2;0,39;0,35;0,65;0,75;1,0;1,68;0,88;1,78;0,7;0,79;0,83;0,93;0,68;1,0;0,87;0,91;0,96;0,91;0,94;1,07;0,92;0,94;0,92;1,24;0,93;1,28;1,45;1,0;1,1;1,01;1,02
peo_w.csv;6;9;8;1,0;0,98;1,02;2,2;0,25;1,77;2,2;1,89;1,54;1,02;0,78;0,7;0,54;0,4;0,43;0,4;0,25;0,18;0,39;0,32;0,59;0,68;1,0;1,68;0,79;1,99;0,67;0,78;0,79;0,93;0,68;1,0;0,87;0,91;0,96;0,91;0,94;1,23;0,85;0,86;0,92;1,29;0,97;1,19;1,45;1,11;1,1;1,01;1,02
peo_w.csv;6;9;9;0,9;0,9;1,0;1,98;0,26;1,73;1,98;1,79;1,33;0,84;0,74;0,65;0,51;0,38;0,44;0,45;0,26;0,18;0,42;0,34;0,57;0,67;1,0;1,68;0,79;1,95;0,67;0,74;0,79;0,99;0,68;1,0;0,85;1,02;0,96;0,87;0,94;1,25;0,77;0,86;0,92;1,25;0,97;1,16;1,51;1,16;1,05;1,0;1,0
peo_w.csv;6;9;10;0,88;0,91;0,97;1,95;0,3;1,57;1,95;1,76;1,47;0,84;0,77;0,84;0,67;0,51;0,46;0,55;0,3;0,21;0,46;0,37;0,58;0,59;1,0;1,62;0,79;1,84;0,67;0,74;0,85;0,86;0,7;1,0;0,99;1,03;0,99;0,84;0,94;1,37;0,71;0,95;0,92;1,25;0,91;1,11;1,74;1,0;1,05;0,98;0,99
peo_w.csv;6;10;6;0,83;0,84;0,98;0,82;0,4;2,58;0,82;0,67;0,58;0,5;0,43;0,48;0,49;0,35;0,4;0,43;0,4;0,37;0,66;0,75;1,5;1,6;1,0;1,68;1,0;1,78;0,87;0,94;0,93;1,01;0,7;1,0;0,94;0,85;0,87;0,99;0,94;1,03;0,86;0,89;0,97;0,98;0,84;0,99;1,01;1,14;1,15;0,97;1,02
peo_w.csv;6;10;7;1,25;1,32;0,94;1,56;0,34;2,46;1,56;1,35;1,29;0,79;0,57;0,58;0,47;0,35;0,38;0,4;0,34;0,31;0,57;0,65;1,23;1,32;1,0;1,68;0,99;1,78;0,83;0,85;0,91;1,01;0,68;1,0;0,94;0,89;0,86;0,96;0,93;1,0;0,85;0,94;0,92;1,24;0,92;1,22;1,42;1,0;1,08;0,93;1,02
peo_w.csv;6;10;8;1,28;1,36;0,94;1,73;0,33;2,38;1,73;1,49;1,29;0,78;0,62;0,6;0,46;0,34;0,4;0,45;0,33;0,28;0,58;0,6;1,14;1,22;1,0;1,68;0,89;1,99;0,79;0,85;0,87;1,01;0,68;1,0;0,94;0,89;0,86;0,96;0,93;1,15;0,79;0,86;0,92;1,29;0,96;1,13;1,42;1,11;1,08;0,93;1,02
peo_w.csv;6;10;9;1,16;1,26;0,92;1,6;0,34;2,33;1,6;1,44;1,19;0,68;0,61;0,58;0,46;0,34;0,4;0,48;0,34;0,29;0,59;0,61;1,03;1,13;1,0;1,68;0,89;1,95;0,79;0,83;0,86;0,99;0,68;1,0;0,92;0,99;0,86;0,96;0,93;1,17;0,72;0,86;0,92;1,25;0,95;1,11;1,51;1,16;1,03;0,92;1,0
peo_w.csv;6;10;10;1,05;1,17;0,89;1,68;0,33;2,12;1,68;1,52;1,4;0,76;0,7;0,77;0,62;0,47;0,42;0,54;0,33;0,28;0,56;0,53;0,88;0,89;1,0;1,62;0,89;1,84;0,79;0,83;0,85;0,86;0,7;1,0;0,99;0,98;0,94;0,92;0,93;1,37;0,66;0,95;0,92;1,25;0,89;1,06;1,74;1,0;1,03;0,9;0,99
peo_w.csv;7;7;7;1,21;1,16;1,05;2,49;0,26;1,79;2,49;1,87;1,64;1,1;0,79;0,72;0,53;0,42;0,42;0,42;0,26;0,21;0,45;0,41;0,69;0,76;1,0;1,68;0,89;1,87;0,64;0,81;0,83;0,96;0,72;0,91;0,91;1,0;0,97;0,9;0,77;1,31;0,84;0,95;0,92;1,24;0,99;1,39;1,45;1,02;1,03;1,03;1,02
peo_w.csv;7;7;8;1,16;1,17;0,99;2,94;0,23;1,73;2,94;2,39;1,63;1,09;0,85;0,74;0,52;0,41;0,45;0,41;0,23;0,17;0,45;0,37;0,63;0,7;1,0;1,68;0,8;2,1;0,61;0,8;0,79;0,96;0,72;0,91;0,91;1,0;0,97;0,78;0,84;1,42;0,88;0,87;0,92;1,29;1,04;1,29;1,45;1,14;1,03;0,98;1,02
peo_w.csv;7;7;9;0,95;0,98;0,98;2,55;0,26;1,49;2,55;2,17;1,36;0,87;0,75;0,64;0,51;0,41;0,48;0,47;0,26;0,16;0,45;0,38;0,59;0,66;1,0;1,68;0,8;2,05;0,54;0,76;0,79;1,03;0,73;1,0;0,89;1,08;0,97;0,74;0,84;1,39;0,8;0,87;0,92;1,25;1,03;1,26;1,51;1,19;0,98;0,98;1,0
peo_w.csv;7;7;10;0,94;0,98;0,96;2,6;0,28;1,35;2,6;2,21;1,59;0,88;0,73;0,83;0,66;0,51;0,49;0,56;0,28;0,18;0,48;0,39;0,6;0,55;1,0;1,62;0,8;1,93;0,54;0,75;0,85;0,91;0,7;1,0;1,1;1,04;0,99;0,72;0,84;1,51;0,74;0,95;0,92;1,25;0,97;1,26;1,79;1,0;0,98;0,98;0,99
peo_w.csv;7;8;7;1,22;1,17;1,05;2,33;0,28;1,79;2,33;1,75;1,51;1,01;0,69;0,63;0,51;0,4;0,4;0,42;0,28;0,23;0,46;0,42;0,75;0,82;1,0;1,68;0,89;1,87;0,64;0,8;0,83;0,96;0,72;1,0;0,91;0,95;0,97;0,95;0,77;1,19;0,81;0,95;0,92;1,24;0,99;1,39;1,45;1,1;1,03;1,03;1,02
peo_w.csv;7;8;8;1,37;1,38;0,99;2,75;0,29;1,73;2,75;2,23;1,75;1,17;0,87;0,75;0,58;0,46;0,51;0,47;0,29;0,21;0,46;0,38;0,68;0,75;1,0;1,68;0,8;2,1;0,61;0,79;0,79;0,96;0,72;1,0;0,91;0,95;0,97;0,96;0,84;1,29;0,85;0,87;0,92;1,29;1,04;1,29;1,45;1,22;1,03;0,98;1,02
peo_w.csv;7;8;9;1,06;1,08;0,98;2,48;0,29;1,49;2,48;2,11;1,52;0,97;0,79;0,68;0,54;0,43;0,5;0,51;0,29;0,19;0,42;0,35;0,57;0,64;1,0;1,68;0,8;2,05;0,54;0,74;0,79;1,03;0,72;1,0;0,89;1,03;0,97;0,92;0,84;1,31;0,77;0,87;0,92;1,25;1,03;1,26;1,51;1,28;0,98;0,98;1,0
peo_w.csv;7;8;10;1,1;1,14;0,96;2,53;0,33;1,35;2,53;2,15;1,91;0,99;0,82;0,93;0,74;0,56;0,54;0,65;0,33;0,21;0,47;0,38;0,59;0,53;1,0;1,62;0,8;1,93;0,54;0,74;0,85;0,91;0,7;1,0;1,1;1,04;0,99;0,89;0,84;1,43;0,71;0,95;0,92;1,25;0,97;1,26;1,92;1,0;0,98;0,98;0,99
peo_w.csv;7;9;7;0,96;0,92;1,05;1,88;0,27;1,83;1,88;1,76;1,6;1,06;0,73;0,68;0,55;0,41;0,4;0,36;0,27;0,2;0,39;0,35;0,65;0,75;1,0;1,68;0,88;1,78;0,7;0,79;0,83;0,93;0,68;1,0;0,87;0,91;0,96;0,91;0,94;1,07;0,92;0,94;0,92;1,24;0,93;1,33;1,45;1,0;1,01;1,03;1,02
peo_w.csv;7;9;8;0,97;0,93;1,05;2,09;0,25;1,77;2,09;1,96;1,59;1,05;0,78;0,7;0,54;0,4;0,43;0,4;0,25;0,18;0,39;0,32;0,59;0,68;1,0;1,68;0,79;1,99;0,67;0,78;0,79;0,93;0,68;1,0;0,87;0,91;0,96;0,91;0,94;1,23;0,85;0,86;0,92;1,29;0,97;1,23;1,45;1,11;1,01;1,03;1,02
peo_w.csv;7;9;9;0,88;0,85;1,03;1,89;0,26;1,73;1,89;1,85;1,38;0,87;0,74;0,65;0,51;0,38;0,44;0,45;0,26;0,18;0,42;0,34;0,57;0,67;1,0;1,68;0,79;1,95;0,67;0,74;0,79;0,99;0,68;1,0;0,85;1,02;0,96;0,87;0,94;1,25;0,77;0,86;0,92;1,25;0,97;1,21;1,51;1,16;0,96;1,03;1,0
peo_w.csv;7;9;10;1,03;1,01;1,02;1,95;0,33;1,57;1,95;1,91;1,59;0,91;0,77;0,94;0,75;0,57;0,51;0,61;0,33;0,23;0,51;0,41;0,64;0,59;1,0;1,62;0,79;1,84;0,67;0,74;0,85;0,86;0,7;1,0;1,1;1,03;0,99;0,84;0,94;1,37;0,71;0,95;0,92;1,25;0,91;1,21;1,74;1,0;0,96;1,03;0,99
peo_w.csv;7;10;7;1,3;1,24;1,05;1,46;0,34;2,46;1,46;1,47;1,41;0,86;0,57;0,58;0,47;0,35;0,38;0,4;0,34;0,31;0,57;0,65;1,23;1,32;1,0;1,68;0,99;1,78;0,83;0,85;0,91;1,01;0,68;1,0;0,94;0,89;0,86;0,96;0,93;1,0;0,85;0,94;0,92;1,24;0,92;1,33;1,42;1,0;0,93;1,03;1,02
peo_w.csv;7;10;8;1,33;1,27;1,05;1,62;0,33;2,38;1,62;1,63;1,4;0,85;0,62;0,6;0,46;0,34;0,4;0,45;0,33;0,28;0,58;0,6;1,14;1,22;1,0;1,68;0,89;1,99;0,79;0,85;0,87;1,01;0,68;1,0;0,94;0,89;0,86;0,96;0,93;1,15;0,79;0,86;0,92;1,29;0,96;1,23;1,42;1,11;0,93;1,03;1,02
peo_w.csv;7;10;9;1,22;1,18;1,03;1,5;0,34;2,33;1,5;1,57;1,29;0,74;0,61;0,58;0,46;0,34;0,4;0,48;0,34;0,29;0,59;0,61;1,03;1,13;1,0;1,68;0,89;1,95;0,79;0,83;0,86;0,99;0,68;1,0;0,92;0,99;0,86;0,96;0,93;1,17;0,72;0,86;0,92;1,25;0,95;1,21;1,51;1,16;0,89;1,03;1,0
peo_w.csv;7;10;10;1,3;1,28;1,02;1,65;0,37;2,12;1,65;1,73;1,6;0,87;0,7;0,86;0,69;0,52;0,47;0,6;0,37;0,31;0,62;0,59;0,98;0,89;1,0;1,62;0,89;1,84;0,79;0,83;0,85;0,86;0,7;1,0;1,1;0,98;0,94;0,92;0,93;1,37;0,66;0,95;0,92;1,25;0,89;1,21;1,74;1,0;0,89;1,03;0,99
peo_w.csv;8;8;8;1,46;1,47;0,99;2,75;0,31;1,73;2,75;2,23;1,75;1,17;0,87;0,75;0,58;0,46;0,51;0,47;0,31;0,23;0,49;0,41;0,73;0,8;1,0;1,68;0,8;2,1;0,61;0,84;0,79;0,96;0,72;1,0;0,91;0,95;0,97;0,96;0,84;1,29;0,85;0,87;0,92;1,29;1,04;1,29;1,45;1,22;1,03;0,98;1,02
peo_w.csv;8;8;9;1,15;1,18;0,98;2,48;0,32;1,49;2,48;2,11;1,52;0,97;0,79;0,68;0,54;0,43;0,5;0,51;0,32;0,2;0,46;0,38;0,62;0,7;1,0;1,68;0,8;2,05;0,54;0,81;0,79;1,03;0,72;1,0;0,89;1,03;0,97;0,92;0,84;1,31;0,77;0,87;0,92;1,25;1,03;1,26;1,51;1,28;0,98;0,98;1,0
peo_w.csv;8;8;10;1,2;1,24;0,96;2,53;0,36;1,35;2,53;2,15;1,91;0,99;0,82;0,93;0,74;0,56;0,54;0,65;0,36;0,23;0,51;0,41;0,64;0,58;1,0;1,62;0,8;1,93;0,54;0,8;0,85;0,91;0,7;1,0;1,1;1,04;0,99;0,89;0,84;1,43;0,71;0,95;0,92;1,25;0,97;1,26;1,92;1,0;0,98;0,98;0,99
peo_w.csv;8;9;8;1,04;0,99;1,05;2,09;0,27;1,77;2,09;1,96;1,59;1,05;0,78;0,69;0,54;0,4;0,43;0,4;0,27;0,19;0,42;0,34;0,63;0,73;1,0;1,68;0,79;1,99;0,67;0,83;0,79;0,93;0,68;1,0;0,87;0,91;0,96;0,9;0,94;1,23;0,85;0,86;0,92;1,29;0,97;1,23;1,45;1,11;1,01;1,03;1,02
peo_w.csv;8;9;9;0,96;0,93;1,03;1,89;0,28;1,73;1,89;1,85;1,37;0,87;0,73;0,64;0,51;0,38;0,44;0,44;0,28;0,2;0,45;0,38;0,62;0,73;1,0;1,68;0,79;1,95;0,67;0,8;0,79;0,99;0,68;1,0;0,85;1,02;0,96;0,86;0,94;1,25;0,77;0,86;0,92;1,25;0,97;1,21;1,51;1,16;0,96;1,03;1,0
peo_w.csv;8;9;10;1,14;1,12;1,02;1,95;0,36;1,57;1,95;1,91;1,61;0,92;0,78;0,95;0,76;0,58;0,52;0,62;0,36;0,26;0,56;0,45;0,7;0,64;1,0;1,62;0,79;1,84;0,67;0,8;0,85;0,86;0,7;1,0;1,1;1,03;0,99;0,85;0,94;1,37;0,71;0,95;0,92;1,25;0,91;1,21;1,74;1,0;0,96;1,03;0,99
peo_w.csv;8;10;8;1,33;1,27;1,05;1,62;0,33;2,38;1,62;1,63;1,44;0,88;0,63;0,62;0,48;0,35;0,42;0,46;0,33;0,28;0,57;0,59;1,11;1,18;1,0;1,68;0,89;1,99;0,79;0,83;0,87;1,01;0,68;1,0;0,94;0,89;0,86;0,99;0,93;1,15;0,79;0,86;0,92;1,29;0,96;1,23;1,42;1,11;0,93;1,03;1,02
peo_w.csv;8;10;9;1,21;1,17;1,03;1,5;0,34;2,33;1,5;1,57;1,33;0,76;0,63;0,6;0,48;0,35;0,41;0,49;0,34;0,29;0,57;0,59;1,0;1,09;1,0;1,68;0,89;1,95;0,79;0,8;0,86;0,99;0,68;1,0;0,92;0,99;0,86;0,99;0,93;1,17;0,72;0,86;0,92;1,25;0,95;1,21;1,51;1,16;0,89;1,03;1,0
peo_w.csv;8;10;10;1,32;1,29;1,02;1,65;0,37;2,12;1,65;1,73;1,67;0,91;0,73;0,9;0,72;0,55;0,49;0,63;0,37;0,32;0,6;0,57;0,95;0,86;1,0;1,62;0,89;1,84;0,79;0,8;0,85;0,86;0,7;1,0;1,1;0,98;0,94;0,97;0,93;1,37;0,66;0,95;0,92;1,25;0,89;1,21;1,74;1,0;0,89;1,03;0,99
peo_w.csv;9;9;9;0,84;0,81;1,03;1,89;0,34;1,25;1,89;1,85;1,55;0,98;0,83;0,72;0,58;0,43;0,5;0,5;0,34;0,16;0,32;0,3;0,48;0,57;1,0;1,65;0,89;1,95;0,43;0,86;0,78;1,0;0,68;1,0;0,85;1,02;0,96;0,97;0,94;1,25;0,77;0,86;0,92;1,25;0,97;1,21;1,51;1,16;0,96;1,03;1,0
peo_w.csv;9;9;10;0,99;0,98;1,02;1,95;0,44;1,13;1,95;1,91;1,82;1,04;0,88;1,07;0,86;0,65;0,68;0,7;0,44;0,2;0,39;0,35;0,55;0,5;1,0;1,59;0,89;1,84;0,43;0,86;0,73;1,0;0,7;1,0;1,1;1,03;0,99;0,95;0,94;1,37;0,71;0,95;0,92;1,25;0,91;1,21;1,74;1,0;0,96;1,03;0,99
peo_w.csv;9;10;9;1,3;1,26;1,03;1,5;0,36;2,33;1,5;1,57;1,33;0,76;0,63;0,6;0,48;0,35;0,41;0,49;0,36;0,31;0,61;0,63;1,07;1,17;1,0;1,68;0,89;1,95;0,79;0,86;0,86;1,0;0,68;1,0;0,92;0,99;0,86;0,99;0,93;1,17;0,72;0,86;0,92;1,25;0,95;1,21;1,51;1,16;0,89;1,03;1,0
peo_w.csv;9;10;10;1,41;1,39;1,02;1,65;0,4;2,12;1,65;1,73;1,67;0,91;0,73;0,9;0,72;0,55;0,57;0,64;0,4;0,34;0,65;0,61;1,02;0,92;1,0;1,62;0,89;1,84;0,79;0,86;0,73;1,0;0,7;1,0;1,1;0,98;0,94;0,97;0,93;1,37;0,66;0,95;0,92;1,25;0,89;1,21;1,74;1,0;0,89;1,03;0,99
peo_w.csv;10;10;10;2,47;2,43;1,02;2,0;0,57;2,12;2,0;2,1;2,03;1,1;0,89;0,96;0,77;0,84;0,83;0,91;0,57;0,49;0,93;0,88;1,46;1,33;1,0;1,62;0,89;1,84;0,79;0,86;0,73;1,0;1,0;1,0;1,1;0,98;0,94;0,97;0,93;1,37;0,66;1,02;0,92;1,23;1,03;1,21;1,74;1,0;0,89;1,03;0,99
