file;ignore;entry_buy;entry_sell;maxdownlen;maxdown;sum;sumXX;sum1990;sum2000;sum2010;sum2020;10y2009;10y2010;10y2011;10y2012;10y2013;10y2014;10y2015;10y2016;10y2017;10y2018;10y2019;10y2020;10y2021;10y2022;10y2023;10y2024;2024;2023;2022;2021;2020;2019;2018;2017;2016;2015;2014;2013;2012;2011;2010
pzu_w.csv;1;1;1;8;0,7;2,15;2,15;1,0;1,0;1,0;2,15;0;0;0;0;0;0;0;0;0;0;1,0;0,89;1,45;0,99;1,74;1,54;0,98;1,89;0,93;1,28;0,98;0,98;0,93;1,07;0,79;0,93;1,11;1,08;1,35;0,79;1,09
pzu_w.csv;1;1;2;6;0,55;2,64;2,64;1,0;1,0;1,02;2,59;0;0;0;0;0;0;0;0;0;0;1,02;0,78;1,78;1,23;2,18;1,86;0,98;1,97;0,94;1,74;0,82;0,93;0,98;1,42;0,65;0,85;1,14;1,12;1,36;0,77;1,06
pzu_w.csv;1;1;3;8;0,54;2,49;2,49;1,0;1,0;1,18;2,12;0;0;0;0;0;0;0;0;0;0;1,18;0,82;1,68;1,24;1,56;1,6;1,17;1,41;1,01;1,61;0,79;0,93;0,93;1,62;0,67;0,81;1,15;1,12;1,36;0,79;1,13
pzu_w.csv;1;1;4;8;0,48;1,96;1,96;1,0;1,0;1,08;1,81;0;0;0;0;0;0;0;0;0;0;1,08;0,69;1,34;1,23;1,12;1,21;1,21;1,47;0,89;1,6;0,72;0,96;0,87;1,66;0,69;0,7;1,11;1,62;0,97;0,82;1,12
pzu_w.csv;1;1;5;6;0,53;2,66;2,66;1,0;1,0;1,31;2,03;0;0;0;0;0;0;0;0;0;0;1,31;0,87;1,72;1,57;1,5;1,58;1,24;1,44;0,84;1,83;0,74;0,99;0,9;1,66;0,73;0,72;1,17;1,5;0,92;0,93;1,11
pzu_w.csv;1;1;6;3;0,57;2,24;2,24;1,0;1,0;1,25;1,79;0;0;0;0;0;0;0;0;0;0;1,25;0,74;1,45;1,32;1,44;1,8;1,24;1,47;0,84;1,83;0,64;0,99;0,9;1,57;0,83;0,86;0,99;1,35;0,92;0,93;1,09
pzu_w.csv;1;1;7;3;0,65;1,97;1,97;1,0;1,0;1,58;1,24;0;0;0;0;0;0;0;0;0;0;1,58;0,95;1,73;1,55;1,45;1,48;1,0;1,34;0,81;1,77;0,65;1,03;0,96;1,46;0,91;0,9;0,98;1,42;0,9;0,97;1,09
pzu_w.csv;1;1;8;3;0,62;1,93;1,93;1,0;1,0;1,61;1,2;0;0;0;0;0;0;0;0;0;0;1,61;0,94;1,76;1,59;1,48;1,4;1,0;1,34;0,81;1,77;0,63;1,1;0,89;1,46;0,91;0,89;1,05;1,44;0,89;0,95;1,07
pzu_w.csv;1;1;9;3;0,64;1,98;1,98;1,0;1,0;1,84;1,08;0;0;0;0;0;0;0;0;0;0;1,84;1,15;2,16;1,55;1,49;1,41;1,0;1,34;0,72;1,73;0,65;1,08;0,91;1,57;0,91;0,92;1,05;1,39;1,0;0,92;1,04
pzu_w.csv;1;2;1;6;0,73;2,19;2,19;1,0;1,0;1,05;2,09;0;0;0;0;0;0;0;0;0;0;1,05;0,96;1,43;0,95;1,77;1,66;0,98;1,82;0,9;1,28;1,01;0,97;0,98;1,15;0,83;0,88;1,05;0,98;1,35;0,86;1,11
pzu_w.csv;1;2;2;6;0,55;2,16;2,16;1,0;1,0;0,93;2,32;0;0;0;0;0;0;0;0;0;0;0,93;0,74;1,52;1,0;1,92;1,74;0,98;1,86;0,88;1,72;0,85;0,92;0,97;1,51;0,68;0,81;1,08;0,96;1,35;0,84;1,06
pzu_w.csv;1;2;3;8;0,56;1,86;1,86;1,0;1,0;1,04;1,78;0;0;0;0;0;0;0;0;0;0;1,04;0,71;1,33;0,93;1,36;1,38;1,1;1,41;0,94;1,58;0,77;0,91;0,9;1,68;0,73;0,77;1,08;0,97;1,35;0,84;1,13
pzu_w.csv;1;2;4;9;0,47;1,6;1,6;1,0;1,0;0,99;1,62;0;0;0;0;0;0;0;0;0;0;0,99;0,61;1,1;0,98;0,97;1,08;1,21;1,47;0,83;1,57;0,7;0,96;0,85;1,66;0,74;0,67;1,08;1,49;0,93;0,88;1,12
pzu_w.csv;1;2;5;8;0,51;2,05;2,05;1,0;1,0;1,11;1,86;0;0;0;0;0;0;0;0;0;0;1,11;0,72;1,41;1,21;1,26;1,37;1,24;1,44;0,79;1,83;0,72;0,99;0,88;1,66;0,75;0,68;1,14;1,38;0,92;0,93;1,11
pzu_w.csv;1;2;6;5;0,54;1,72;1,72;1,0;1,0;1,05;1,64;0;0;0;0;0;0;0;0;0;0;1,05;0,6;1,18;1,01;1,21;1,5;1,24;1,47;0,79;1,83;0,62;0,99;0,88;1,51;0,89;0,79;0,99;1,23;0,92;0,93;1,09
pzu_w.csv;1;2;7;3;0,63;1,63;1,63;1,0;1,0;1,39;1,17;0;0;0;0;0;0;0;0;0;0;1,39;0,83;1,52;1,28;1,31;1,34;1,0;1,34;0,76;1,77;0,65;1,02;0,95;1,46;0,91;0,88;0,98;1,31;0,9;0,97;1,09
pzu_w.csv;1;2;8;3;0,62;1,69;1,69;1,0;1,0;1,49;1,13;0;0;0;0;0;0;0;0;0;0;1,49;0,88;1,63;1,39;1,35;1,28;1,0;1,34;0,76;1,77;0,63;1,09;0,89;1,46;0,91;0,87;1,05;1,38;0,89;0,95;1,07
pzu_w.csv;1;2;9;3;0,64;1,75;1,75;1,0;1,0;1,71;1,02;0;0;0;0;0;0;0;0;0;0;1,71;1,07;2,01;1,36;1,37;1,3;1,0;1,34;0,68;1,73;0,65;1,07;0,91;1,57;0,91;0,9;1,05;1,34;1,0;0,92;1,04
pzu_w.csv;1;3;1;6;0,79;2,2;2,2;1,0;1,0;1,09;2,02;0;0;0;0;0;0;0;0;0;0;1,09;1,1;1,66;1,17;2,06;1,78;0,93;1,71;0,9;1,32;1,06;1,02;0,96;1,14;0,9;0,88;1,08;0,97;1,29;0,87;1,06
pzu_w.csv;1;3;2;3;0,65;2,85;2,85;1,0;1,0;1,25;2,28;0;0;0;0;0;0;0;0;0;0;1,25;1,2;2,25;1,48;2,79;2,26;0,9;1,79;0,89;1,63;0,98;0,97;1,0;1,57;0,81;0,81;1,11;0,95;1,35;0,87;1,02
pzu_w.csv;1;3;3;3;0,61;2,58;2,58;1,0;1,0;1,51;1,71;0;0;0;0;0;0;0;0;0;0;1,51;1,21;1,99;1,31;1,84;1,67;1,04;1,36;0,89;1,5;0,91;0,97;0,97;1,68;0,8;0,77;1,15;0,97;1,35;0,91;1,13
pzu_w.csv;1;3;4;6;0,53;2,12;2,12;1,0;1,0;1,19;1,78;0;0;0;0;0;0;0;0;0;0;1,19;0,96;1,59;1,41;1,34;1,41;1,14;1,41;0,82;1,49;0,9;0,99;0,91;1,66;0,79;0,67;1,08;1,49;0,93;0,9;1,12
pzu_w.csv;1;3;5;6;0,54;2,55;2,55;1,0;1,0;1,32;1,94;0;0;0;0;0;0;0;0;0;0;1,32;1,03;1,75;1,5;1,5;1,63;1,24;1,38;0,78;1,67;0,87;0,98;0,96;1,66;0,79;0,68;1,14;1,38;0,92;0,98;1,11
pzu_w.csv;1;3;6;3;0,69;2,05;2,05;1,0;1,0;1,18;1,73;0;0;0;0;0;0;0;0;0;0;1,18;0,81;1,38;1,18;1,37;1,71;1,24;1,43;0,78;1,67;0,75;0,97;0,96;1,51;0,89;0,79;0,99;1,23;0,92;0,98;1,09
pzu_w.csv;1;3;7;3;0,72;1,67;1,67;1,0;1,0;1,35;1,24;0;0;0;0;0;0;0;0;0;0;1,35;0,97;1,57;1,31;1,3;1,33;1,0;1,3;0,75;1,61;0,79;0,99;0,92;1,46;0,91;0,88;0,98;1,31;0,9;1,0;1,09
pzu_w.csv;1;3;8;3;0,71;1,76;1,76;1,0;1,0;1,47;1,2;0;0;0;0;0;0;0;0;0;0;1,47;1,04;1,72;1,45;1,36;1,29;1,0;1,3;0,75;1,61;0,76;1,08;0,87;1,46;0,91;0,87;1,05;1,38;0,89;0,98;1,07
pzu_w.csv;1;3;9;3;0,68;1,76;1,76;1,0;1,0;1,65;1,06;0;0;0;0;0;0;0;0;0;0;1,65;1,21;2,01;1,36;1,33;1,27;1,0;1,3;0,68;1,57;0,76;1,06;0,87;1,57;0,91;0,9;1,05;1,34;1,0;0,95;1,04
pzu_w.csv;1;4;1;8;0,79;2,01;2,01;1,0;1,0;1,14;1,76;0;0;0;0;0;0;0;0;0;0;1,14;1,09;1,43;1,03;1,87;1,74;0,93;1,75;0,93;1,14;1,01;1,02;0,99;1,19;0,97;0,85;1,0;0,97;1,3;0,87;1,06
pzu_w.csv;1;4;2;4;0,68;2,48;2,48;1,0;1,0;1,27;1,95;0;0;0;0;0;0;0;0;0;0;1,27;1,16;1,84;1,18;2,27;1,96;0,9;1,84;0,91;1,38;0,93;0,94;0,99;1,58;0,87;0,78;1,04;0,95;1,43;0,87;1,02
pzu_w.csv;1;4;3;3;0,65;2,33;2,33;1,0;1,0;1,42;1,64;0;0;0;0;0;0;0;0;0;0;1,42;1,08;1,55;0,99;1,61;1,55;1,04;1,57;0,91;1,27;0,86;0,94;0,97;1,6;0,87;0,74;1,09;0,97;1,43;0,89;1,13
pzu_w.csv;1;4;4;8;0,56;2,14;2,14;1,0;1,0;1,31;1,63;0;0;0;0;0;0;0;0;0;0;1,31;1,02;1,48;1,18;1,29;1,4;1,14;1,63;0,79;1,27;0,87;0,99;0,93;1,66;0,87;0,65;1,06;1,49;0,99;0,88;1,12
pzu_w.csv;1;4;5;6;0,57;2,55;2,55;1,0;1,0;1,34;1,91;0;0;0;0;0;0;0;0;0;0;1,34;1,02;1,62;1,25;1,44;1,6;1,24;1,59;0,76;1,52;0,84;0,98;0,92;1,66;0,84;0,67;1,11;1,38;0,98;0,95;1,11
pzu_w.csv;1;4;6;9;0,64;1,63;1,63;1,0;1,0;1,1;1,48;0;0;0;0;0;0;0;0;0;0;1,1;0,74;1,18;0,91;1,05;1,33;1,24;1,43;0,76;1,52;0,73;0,97;0,92;1,51;0,86;0,78;0,97;1,23;0,98;0,95;1,09
pzu_w.csv;1;4;7;7;0,66;1,39;1,39;1,0;1,0;1,31;1,06;0;0;0;0;0;0;0;0;0;0;1,31;0,92;1,4;1,03;1,02;1,05;1,0;1,3;0,72;1,47;0,76;0,99;0,88;1,46;0,91;0,85;0,98;1,31;0,98;0,97;1,09
pzu_w.csv;1;4;8;7;0,66;1,52;1,52;1,0;1,0;1,49;1,02;0;0;0;0;0;0;0;0;0;0;1,49;1,02;1,58;1,18;1,11;1,05;1,0;1,3;0,72;1,47;0,74;1,03;0,87;1,46;0,91;0,87;1,05;1,38;0,97;0,95;1,07
pzu_w.csv;1;4;9;7;0,63;1,44;1,44;1,0;1,0;1,54;0,94;0;0;0;0;0;0;0;0;0;0;1,54;1,09;1,7;1,15;1,12;1,07;1,0;1,3;0,68;1,43;0,74;1,01;0,87;1,57;0,91;0,9;1,05;1,34;1,0;0,92;1,04
pzu_w.csv;1;5;1;8;0,76;1,86;1,86;1,0;1,0;1,14;1,62;0;0;0;0;0;0;0;0;0;0;1,14;1,0;1,3;0,97;1,76;1,68;0,93;1,75;0,93;1,14;0,94;1,03;0,99;1,26;0,91;0,89;0,97;0,96;1,25;0,87;1,07
pzu_w.csv;1;5;2;3;0,71;2,43;2,43;1,0;1,0;1,35;1,8;0;0;0;0;0;0;0;0;0;0;1,35;1,13;1,79;1,16;2,25;1,92;0,9;1,84;0,91;1,38;0,86;0,96;0,99;1,57;0,87;0,82;1,05;0,95;1,4;0,87;1,03
pzu_w.csv;1;5;3;10;0,62;1,86;1,86;1,0;1,0;1,23;1,52;0;0;0;0;0;0;0;0;0;0;1,23;0,9;1,23;0,8;1,43;1,44;1,04;1,57;0,91;1,27;0,8;0,96;0,97;1,51;0,87;0,78;1,04;0,88;1,4;0,92;1,09
pzu_w.csv;1;5;4;8;0,61;1,66;1,66;1,0;1,0;1,16;1,43;0;0;0;0;0;0;0;0;0;0;1,16;0,82;1,14;0,91;1,04;1,17;1,14;1,63;0,79;1,26;0,77;0,93;0,93;1,56;0,87;0,7;1,01;1,43;0,99;0,91;1,09
pzu_w.csv;1;5;5;8;0,58;1,95;1,95;1,0;1,0;1,17;1,67;0;0;0;0;0;0;0;0;0;0;1,17;0,8;1,28;0,99;1,14;1,32;1,24;1,59;0,75;1,52;0,74;0,95;0,92;1,56;0,84;0,69;1,07;1,38;0,98;0,95;1,08
pzu_w.csv;1;5;6;10;0,54;1,33;1,33;1,0;1,0;1,02;1,29;0;0;0;0;0;0;0;0;0;0;1,02;0,62;0,99;0,76;0,89;1,13;1,24;1,43;0,75;1,52;0,64;0,95;0,92;1,51;0,86;0,77;0,97;1,23;0,98;0,95;1,05
pzu_w.csv;1;5;7;7;0,63;1,22;1,22;1,0;1,0;1,22;1,0;0;0;0;0;0;0;0;0;0;0;1,22;0,84;1,27;0,93;0,93;0,95;1,0;1,3;0,72;1,47;0,72;0,99;0,88;1,46;0,91;0,82;0,98;1,31;0,98;0,97;1,05
pzu_w.csv;1;5;8;7;0,62;1,34;1,34;1,0;1,0;1,39;0,97;0;0;0;0;0;0;0;0;0;0;1,39;0,93;1,44;1,07;1,01;0,96;1,0;1,3;0,72;1,47;0,7;1,03;0,87;1,46;0,91;0,83;1,05;1,38;0,97;0,95;1,04
pzu_w.csv;1;5;9;7;0,6;1,3;1,3;1,0;1,0;1,47;0,89;0;0;0;0;0;0;0;0;0;0;1,47;1,02;1,58;1,07;1,05;1,0;1,0;1,3;0,68;1,43;0,7;1,01;0,87;1,57;0,91;0,89;1,05;1,34;1,0;0,92;1,01
pzu_w.csv;1;6;1;4;0,88;2,18;2,18;1,0;1,0;1,22;1,79;0;0;0;0;0;0;0;0;0;0;1,22;1,13;1,48;1,19;2,14;2,11;0,97;1,75;0,93;1,17;0,96;1,05;1,01;1,21;0,96;0,96;0,99;0,97;1,17;0,9;1,03
pzu_w.csv;1;6;2;4;0,77;3,07;3,07;1,0;1,0;1,46;2,1;0;0;0;0;0;0;0;0;0;0;1,46;1,3;2,06;1,4;2,77;2,73;0,97;1,88;0,91;1,42;0,88;1,03;1,01;1,54;0,87;0,94;0,99;0,95;1,34;0,9;1,0
pzu_w.csv;1;6;3;4;0,71;2,49;2,49;1,0;1,0;1,39;1,8;0;0;0;0;0;0;0;0;0;0;1,39;1,08;1,62;1,1;1,96;2,2;1,09;1,61;0,91;1,34;0,84;1,03;1,01;1,47;0,87;0,92;0,98;0,9;1,34;0,9;1,07
pzu_w.csv;1;6;4;3;0,73;2,17;2,17;1,0;1,0;1,44;1,5;0;0;0;0;0;0;0;0;0;0;1,44;1,09;1,64;1,31;1,5;1,74;1,1;1,61;0,79;1,33;0,81;0,99;0,97;1,56;0,87;0,89;0,95;1,4;0,99;0,88;1,07
pzu_w.csv;1;6;5;3;0,71;2,51;2,51;1,0;1,0;1,39;1,81;0;0;0;0;0;0;0;0;0;0;1,39;1,13;1,85;1,41;1,7;2,11;1,19;1,57;0,74;1,52;0,86;1,02;1,0;1,56;0,84;0,88;0,96;1,3;0,98;0,92;1,06
pzu_w.csv;1;6;6;3;0,74;1,73;1,73;1,0;1,0;1,23;1,4;0;0;0;0;0;0;0;0;0;0;1,23;0,88;1,45;1,1;1,32;1,8;1,19;1,41;0,74;1,52;0,74;1,02;1,0;1,51;0,86;0,97;0,88;1,18;0,98;0,92;1,03
pzu_w.csv;1;6;7;3;0,71;1,48;1,48;1,0;1,0;1,32;1,12;0;0;0;0;0;0;0;0;0;0;1,32;1,07;1,68;1,21;1,32;1,4;1,0;1,28;0,71;1,47;0,84;0,99;1,0;1,46;0,91;0,95;0,94;1,18;0,98;0,94;1,03
pzu_w.csv;1;6;8;3;0,71;1,71;1,71;1,0;1,0;1,58;1,08;0;0;0;0;0;0;0;0;0;0;1,58;1,25;2,0;1,46;1,45;1,43;1,0;1,28;0,71;1,47;0,81;1,03;0,98;1,46;0,91;0,98;1,01;1,29;0,97;0,92;1,02
pzu_w.csv;1;6;9;3;0,67;1,53;1,53;1,0;1,0;1,54;1,0;0;0;0;0;0;0;0;0;0;0;1,54;1,27;2,03;1,35;1,33;1,31;1,0;1,28;0,67;1,43;0,81;1,01;0,87;1,57;0,91;1,04;1,01;1,31;1,0;0,9;0,99
pzu_w.csv;1;7;1;7;0,83;1,94;1,94;1,0;1,0;1,07;1,8;0;0;0;0;0;0;0;0;0;0;1,07;1,03;1,29;1,18;1,94;2,02;0,97;1,67;1,0;1,12;0,99;1,03;1,01;1,21;0,91;0,98;0,94;1,01;1,1;0,89;1,03
pzu_w.csv;1;7;2;4;0,82;3,06;3,06;1,0;1,0;1,45;2,12;0;0;0;0;0;0;0;0;0;0;1,45;1,32;2,01;1,56;2,82;2,93;0,97;1,79;0,98;1,36;0,91;1,01;1,01;1,54;0,9;0,98;0,94;0,99;1,27;0,89;1,0
pzu_w.csv;1;7;3;4;0,76;2,66;2,66;1,0;1,0;1,37;1,94;0;0;0;0;0;0;0;0;0;0;1,37;1,16;1,69;1,31;2,14;2,53;1,09;1,53;0,98;1,3;0,91;1,01;1,01;1,47;0,9;0,96;0,93;0,94;1,27;0,89;1,07
pzu_w.csv;1;7;4;3;0,75;2,57;2,57;1,0;1,0;1,42;1,81;0;0;0;0;0;0;0;0;0;0;1,42;1,17;1,69;1,68;1,83;2,24;1,1;1,53;0,95;1,29;0,88;0,98;0,97;1,56;0,9;0,93;0,9;1,4;0,96;0,89;1,07
pzu_w.csv;1;7;5;3;0,76;2,67;2,67;1,0;1,0;1,29;2,07;0;0;0;0;0;0;0;0;0;0;1,29;1,05;1,88;1,78;2,04;2,68;1,19;1,5;0,89;1,52;0,86;1,0;0,99;1,56;0,9;0,93;0,91;1,3;0,94;0,84;1,06
pzu_w.csv;1;7;6;6;0,72;1,86;1,86;1,0;1,0;1,16;1,61;0;0;0;0;0;0;0;0;0;0;1,16;0,83;1,49;1,41;1,61;2,21;1,19;1,34;0,89;1,52;0,74;1,0;0,99;1,56;0,86;1,03;0,87;1,18;0,94;0,84;1,03
pzu_w.csv;1;7;7;4;0,82;1,81;1,81;1,0;1,0;1,41;1,29;0;0;0;0;0;0;0;0;0;0;1,41;1,14;1,86;1,69;1,76;1,89;1,0;1,22;0,85;1,47;0,84;0,98;0,99;1,51;0,91;1,09;0,93;1,18;0,94;0,9;1,03
pzu_w.csv;1;7;8;3;0,81;2,09;2,09;1,0;1,0;1,68;1,24;0;0;0;0;0;0;0;0;0;0;1,68;1,34;2,22;2,04;1,93;1,91;1,0;1,22;0,85;1,47;0,81;1,01;0,98;1,51;0,91;1,12;1,01;1,29;0,92;0,88;1,02
pzu_w.csv;1;7;9;3;0,7;1,51;1,51;1,0;1,0;1,42;1,07;0;0;0;0;0;0;0;0;0;0;1,42;1,17;1,95;1,46;1,43;1,42;1,0;1,22;0,75;1,43;0,81;0,99;0,87;1,62;0,91;1,03;1,01;1,25;1,0;0,86;0,99
pzu_w.csv;1;8;1;6;0,89;1,92;1,92;1,0;1,0;1,0;1,93;0;0;0;0;0;0;0;0;0;0;1,0;0,96;1,2;1,18;1,98;1,93;0,97;1,69;1,06;1,12;0,99;1,01;0,93;1,15;0,93;1,0;1,0;1,01;1,08;0,89;1,03
pzu_w.csv;1;8;2;4;0,83;2,97;2,97;1,0;1,0;1,42;2,09;0;0;0;0;0;0;0;0;0;0;1,42;1,27;1,93;1,58;2,67;2,61;0,97;1,68;1,03;1,36;0,91;0,99;0,93;1,48;0,92;1,0;1,0;0,99;1,27;0,89;1,02
pzu_w.csv;1;8;3;4;0,83;2,5;2,5;1,0;1,0;1,31;1,91;0;0;0;0;0;0;0;0;0;0;1,31;1,14;1,65;1,35;2,2;2,29;1,02;1,53;1,03;1,3;0,91;0,99;0,93;1,42;0,92;1,0;0,99;0,94;1,27;0,89;1,05
pzu_w.csv;1;8;4;5;0,75;2,52;2,52;1,0;1,0;1,41;1,79;0;0;0;0;0;0;0;0;0;0;1,41;1,19;1,72;1,79;1,95;2,1;1,03;1,53;1,0;1,29;0,88;0,96;0,89;1,5;0,92;1,0;0,96;1,4;0,96;0,89;1,04
pzu_w.csv;1;8;5;3;0,78;2,84;2,84;1,0;1,0;1,3;2,19;0;0;0;0;0;0;0;0;0;0;1,3;1,08;1,94;2,06;2,37;2,73;1,12;1,5;1,0;1,52;0,86;1,0;0,91;1,5;0,92;1,0;0,97;1,3;0,94;0,84;1,03
pzu_w.csv;1;8;6;6;0,67;1,67;1,67;1,0;1,0;0,98;1,7;0;0;0;0;0;0;0;0;0;0;0,98;0,72;1,3;1,38;1,57;1,87;1,12;1,34;1,0;1,52;0,74;1,0;0,91;1,43;0,83;1,03;0,94;1,18;0,94;0,84;1,01
pzu_w.csv;1;8;7;3;0,75;1,79;1,79;1,0;1,0;1,24;1,45;0;0;0;0;0;0;0;0;0;0;1,24;1,03;1,67;1,71;1,78;1,76;1,0;1,22;0,96;1,47;0,84;0,97;0,91;1,38;0,91;1,09;1,01;1,18;0,94;0,9;1,01
pzu_w.csv;1;8;8;3;0,74;1,83;1,83;1,0;1,0;1,31;1,4;0;0;0;0;0;0;0;0;0;0;1,31;1,06;1,77;1,83;1,73;1,71;1,0;1,22;0,96;1,47;0,81;0,95;0,96;1,38;0,91;1,08;1,01;1,29;0,92;0,88;1,0
pzu_w.csv;1;8;9;5;0,64;1,56;1,56;1,0;1,0;1,15;1,36;0;0;0;0;0;0;0;0;0;0;1,15;0,97;1,61;1,54;1,52;1,5;1,0;1,22;0,96;1,43;0,81;0,93;0,85;1,54;0,91;0,99;1,01;1,25;1,0;0,86;0,96
pzu_w.csv;1;9;1;11;0,87;1,75;1,75;1,0;1,0;0,93;1,88;0;0;0;0;0;0;0;0;0;0;0,93;0,88;1,11;1,16;1,95;1,91;1,0;1,62;1,06;1,12;0,98;1,0;0,9;1,13;0,99;1,0;1,02;0,97;1,01;0,89;1,03
pzu_w.csv;1;9;2;4;0,8;2,84;2,84;1,0;1,0;1,42;2,0;0;0;0;0;0;0;0;0;0;0;1,42;1,26;1,88;1,6;2,7;2,64;1,0;1,61;1,03;1,34;0,9;0,98;0,9;1,52;0,98;1,0;1,02;0,95;1,22;0,89;1,02
pzu_w.csv;1;9;3;4;0,8;2,56;2,56;1,0;1,0;1,34;1,92;0;0;0;0;0;0;0;0;0;0;1,34;1,15;1,65;1,4;2,38;2,45;1,05;1,53;1,03;1,28;0,9;0,98;0,9;1,47;0,98;1,0;1,02;0,9;1,22;0,89;1,05
pzu_w.csv;1;9;4;5;0,72;2,67;2,67;1,0;1,0;1,49;1,79;0;0;0;0;0;0;0;0;0;0;1,49;1,24;1,77;1,86;2,11;2,16;1,06;1,53;1,0;1,27;0,87;0,95;0,87;1,5;0,98;1,0;1,03;1,35;0,96;0,89;1,04
pzu_w.csv;1;9;5;3;0,75;2,85;2,85;1,0;1,0;1,37;2,07;0;0;0;0;0;0;0;0;0;0;1,37;1,13;2,04;2,16;2,59;2,66;1,07;1,5;1,0;1,52;0,85;0,96;0,91;1,5;0,98;1,0;1,04;1,25;0,94;0,84;1,03
pzu_w.csv;1;9;6;6;0,65;1,67;1,67;1,0;1,0;1,04;1,61;0;0;0;0;0;0;0;0;0;0;1,04;0,76;1,36;1,45;1,72;1,82;1,07;1,34;1,0;1,52;0,74;0,96;0,91;1,43;0,88;1,03;1,01;1,13;0,94;0,84;1,01
pzu_w.csv;1;9;7;6;0,72;1,5;1,5;1,0;1,0;1,04;1,43;0;0;0;0;0;0;0;0;0;0;1,04;0,86;1,4;1,43;1,55;1,54;1,0;1,22;0,96;1,47;0,83;0,94;0,91;1,38;0,88;1,03;1,01;1,13;0,94;0,9;1,01
pzu_w.csv;1;9;8;3;0,73;1,59;1,59;1,0;1,0;1,15;1,39;0;0;0;0;0;0;0;0;0;0;1,15;0,93;1,54;1,59;1,55;1,54;1,0;1,22;0,96;1,47;0,81;0,94;0,96;1,38;0,88;1,01;1,01;1,26;0,92;0,88;1,0
pzu_w.csv;1;9;9;5;0,63;1,36;1,36;1,0;1,0;1,01;1,35;0;0;0;0;0;0;0;0;0;0;1,01;0,84;1,41;1,34;1,36;1,35;1,0;1,22;0,96;1,43;0,81;0,92;0,85;1,54;0,88;0,93;1,01;1,21;1,0;0,86;0,96
pzu_w.csv;2;2;2;6;0,55;2,2;2,2;1,0;1,0;0,95;2,32;0;0;0;0;0;0;0;0;0;0;0,95;0,74;1,52;1,0;1,92;1,74;0,98;1,86;0,88;1,72;0,85;0,92;0,97;1,51;0,68;0,81;1,08;0,96;1,35;0,84;1,08
pzu_w.csv;2;2;3;8;0,56;1,87;1,87;1,0;1,0;1,05;1,78;0;0;0;0;0;0;0;0;0;0;1,05;0,71;1,34;0,94;1,37;1,39;1,1;1,41;0,94;1,58;0,77;0,91;0,9;1,69;0,73;0,77;1,08;0,97;1,35;0,84;1,13
pzu_w.csv;2;2;4;9;0,46;1,62;1,62;1,0;1,0;1,0;1,62;0;0;0;0;0;0;0;0;0;0;1,0;0,62;1,1;0,97;0,96;1,07;1,21;1,47;0,83;1,57;0,7;0,96;0,85;1,63;0,74;0,67;1,08;1,49;0,94;0,88;1,13
pzu_w.csv;2;2;5;8;0,51;2,11;2,11;1,0;1,0;1,1;1,92;0;0;0;0;0;0;0;0;0;0;1,1;0,71;1,39;1,28;1,33;1,45;1,24;1,44;0,82;1,83;0,72;0,99;0,88;1,69;0,75;0,68;1,14;1,38;0,9;0,93;1,12
pzu_w.csv;2;2;6;5;0,54;2,08;2,08;1,0;1,0;1,23;1,7;0;0;0;0;0;0;0;0;0;0;1,23;0,69;1,35;1,18;1,41;1,75;1,24;1,47;0,82;1,83;0,62;0,99;0,88;1,56;0,93;0,82;0,99;1,23;0,94;0,93;1,11
pzu_w.csv;2;2;7;3;0,6;1,87;1,87;1,0;1,0;1,62;1,16;0;0;0;0;0;0;0;0;0;0;1,62;0,93;1,69;1,46;1,49;1,52;1,0;1,34;0,79;1,77;0,62;1,02;0,95;1,54;0,96;0,92;0,98;1,31;0,91;0,97;1,09
pzu_w.csv;2;2;8;3;0,62;2,03;2,03;1,0;1,0;1,79;1,13;0;0;0;0;0;0;0;0;0;0;1,79;1,04;1,9;1,58;1,53;1,45;1,0;1,34;0,76;1,77;0,63;1,09;0,89;1,51;0,96;0,91;1,05;1,38;0,91;0,97;1,09
pzu_w.csv;2;2;9;3;0,64;2,28;2,28;1,0;1,0;1,97;1,16;0;0;0;0;0;0;0;0;0;0;1,97;1,19;2,12;1,67;1,68;1,6;1,0;1,34;0,77;1,73;0,65;1,07;0,91;1,63;0,91;0,94;1,05;1,33;0,98;0,97;1,07
pzu_w.csv;2;3;2;3;0,65;2,91;2,91;1,0;1,0;1,28;2,28;0;0;0;0;0;0;0;0;0;0;1,28;1,2;2,25;1,48;2,79;2,26;0,9;1,79;0,89;1,63;0,98;0,97;1,0;1,57;0,81;0,81;1,11;0,95;1,35;0,87;1,04
pzu_w.csv;2;3;3;3;0,61;2,6;2,6;1,0;1,0;1,52;1,71;0;0;0;0;0;0;0;0;0;0;1,52;1,22;2,01;1,32;1,86;1,69;1,04;1,36;0,89;1,5;0,91;0,97;0,97;1,69;0,8;0,77;1,15;0,97;1,35;0,91;1,13
pzu_w.csv;2;3;4;6;0,53;2,15;2,15;1,0;1,0;1,21;1,78;0;0;0;0;0;0;0;0;0;0;1,21;0,96;1,59;1,39;1,32;1,39;1,14;1,41;0,82;1,49;0,9;0,99;0,91;1,63;0,79;0,67;1,08;1,49;0,94;0,9;1,13
pzu_w.csv;2;3;5;6;0,54;2,63;2,63;1,0;1,0;1,31;2,01;0;0;0;0;0;0;0;0;0;0;1,31;1,01;1,73;1,58;1,58;1,72;1,24;1,38;0,81;1,67;0,87;0,98;0,96;1,69;0,79;0,68;1,14;1,38;0,89;0,98;1,12
pzu_w.csv;2;3;6;3;0,7;2,48;2,48;1,0;1,0;1,38;1,8;0;0;0;0;0;0;0;0;0;0;1,38;0,93;1,58;1,38;1,6;1,99;1,24;1,43;0,81;1,67;0,75;0,97;0,96;1,56;0,93;0,82;0,99;1,23;0,93;0,98;1,11
pzu_w.csv;2;3;7;3;0,68;1,92;1,92;1,0;1,0;1,57;1,22;0;0;0;0;0;0;0;0;0;0;1,57;1,08;1,75;1,49;1,49;1,52;1,0;1,3;0,78;1,61;0,75;0,99;0,92;1,54;0,96;0,92;0,98;1,31;0,91;1,0;1,09
pzu_w.csv;2;3;8;3;0,71;2,12;2,12;1,0;1,0;1,77;1,2;0;0;0;0;0;0;0;0;0;0;1,77;1,24;2,0;1,64;1,55;1,47;1,0;1,3;0,75;1,61;0,76;1,08;0,87;1,51;0,96;0,91;1,05;1,38;0,91;1,0;1,09
pzu_w.csv;2;3;9;3;0,7;2,29;2,29;1,0;1,0;1,9;1,21;0;0;0;0;0;0;0;0;0;0;1,9;1,35;2,12;1,67;1,64;1,56;1,0;1,3;0,77;1,57;0,76;1,06;0,87;1,63;0,91;0,94;1,05;1,33;0,98;1,0;1,07
pzu_w.csv;2;4;2;4;0,68;2,51;2,51;1,0;1,0;1,29;1,95;0;0;0;0;0;0;0;0;0;0;1,29;1,15;1,83;1,17;2,25;1,94;0,9;1,84;0,91;1,38;0,93;0,96;0,99;1,55;0,87;0,78;1,04;0,95;1,43;0,87;1,04
pzu_w.csv;2;4;3;3;0,65;2,46;2,46;1,0;1,0;1,5;1,64;0;0;0;0;0;0;0;0;0;0;1,5;1,14;1,64;1,05;1,7;1,64;1,04;1,57;0,91;1,27;0,86;0,96;0,97;1,67;0,87;0,74;1,09;0,97;1,43;0,89;1,13
pzu_w.csv;2;4;4;8;0,56;2,16;2,16;1,0;1,0;1,31;1,65;0;0;0;0;0;0;0;0;0;0;1,31;1,03;1,49;1,17;1,28;1,38;1,14;1,63;0,79;1,27;0,89;0,99;0,93;1,61;0,87;0,65;1,06;1,49;1,01;0,88;1,13
pzu_w.csv;2;4;5;6;0,57;2,66;2,66;1,0;1,0;1,33;2,0;0;0;0;0;0;0;0;0;0;0;1,33;1,02;1,62;1,33;1,54;1,71;1,24;1,59;0,78;1,52;0,86;0,98;0,92;1,69;0,84;0,67;1,11;1,38;0,95;0,95;1,12
pzu_w.csv;2;4;6;5;0,66;2,0;2,0;1,0;1,0;1,29;1,55;0;0;0;0;0;0;0;0;0;0;1,29;0,85;1,36;1,07;1,24;1,58;1,24;1,43;0,78;1,52;0,74;0,97;0,92;1,56;0,91;0,81;0,97;1,23;1,0;0,95;1,11
pzu_w.csv;2;4;7;7;0,64;1,62;1,62;1,0;1,0;1,53;1,06;0;0;0;0;0;0;0;0;0;0;1,53;1,04;1,57;1,19;1,18;1,21;1,0;1,3;0,75;1,47;0,74;0,99;0,88;1,54;0,96;0,89;0,98;1,31;0,99;0,97;1,09
pzu_w.csv;2;4;8;7;0,67;1,85;1,85;1,0;1,0;1,78;1,04;0;0;0;0;0;0;0;0;0;0;1,78;1,23;1,86;1,35;1,28;1,21;1,0;1,3;0,72;1,47;0,75;1,03;0,87;1,51;0,96;0,91;1,05;1,38;0,99;0,97;1,09
pzu_w.csv;2;4;9;7;0,66;1,99;1,99;1,0;1,0;1,84;1,08;0;0;0;0;0;0;0;0;0;0;1,84;1,28;1,89;1,49;1,41;1,34;1,0;1,3;0,77;1,43;0,75;1,01;0,87;1,63;0,91;0,94;1,05;1,38;0,98;0,97;1,07
pzu_w.csv;2;5;2;3;0,71;2,45;2,45;1,0;1,0;1,36;1,8;0;0;0;0;0;0;0;0;0;0;1,36;1,11;1,76;1,15;2,22;1,89;0,9;1,84;0,91;1,38;0,86;0,95;0,99;1,57;0,87;0,82;1,05;0,95;1,4;0,87;1,06
pzu_w.csv;2;5;3;10;0,62;1,85;1,85;1,0;1,0;1,22;1,52;0;0;0;0;0;0;0;0;0;0;1,22;0,89;1,22;0,8;1,42;1,43;1,04;1,57;0,91;1,27;0,8;0,95;0,97;1,52;0,87;0,78;1,04;0,88;1,4;0,92;1,09
pzu_w.csv;2;5;4;8;0,61;1,71;1,71;1,0;1,0;1,12;1,53;0;0;0;0;0;0;0;0;0;0;1,12;0,84;1,17;0,92;1,05;1,18;1,14;1,63;0,79;1,26;0,82;0,93;0,93;1,47;0,87;0,7;1,01;1,43;1,01;0,91;1,09
pzu_w.csv;2;5;5;8;0,58;2,29;2,29;1,0;1,0;1,24;1,85;0;0;0;0;0;0;0;0;0;0;1,24;0,9;1,44;1,11;1,29;1,49;1,24;1,59;0,78;1,52;0,79;0,95;0,92;1,58;0,84;0,69;1,07;1,38;1,01;0,95;1,09
pzu_w.csv;2;5;6;5;0,59;1,71;1,71;1,0;1,0;1,2;1,43;0;0;0;0;0;0;0;0;0;0;1,2;0,76;1,21;0,95;1,11;1,4;1,24;1,43;0,78;1,52;0,68;0,95;0,92;1,56;0,91;0,79;0,97;1,23;0,99;0,95;1,08
pzu_w.csv;2;5;7;7;0,59;1,39;1,39;1,0;1,0;1,43;0,98;0;0;0;0;0;0;0;0;0;0;1,43;0,93;1,4;1,05;1,05;1,07;1,0;1,3;0,75;1,47;0,68;0,99;0,88;1,54;0,96;0,86;0,98;1,31;0,99;0,97;1,05
pzu_w.csv;2;5;8;7;0,67;1,72;1,72;1,0;1,0;1,66;1,03;0;0;0;0;0;0;0;0;0;0;1,66;1,18;1,79;1,3;1,22;1,16;1,0;1,3;0,72;1,47;0,75;1,03;0,87;1,51;0,96;0,87;1,05;1,38;0,99;0,97;1,05
pzu_w.csv;2;5;9;7;0,66;1,9;1,9;1,0;1,0;1,76;1,08;0;0;0;0;0;0;0;0;0;0;1,76;1,26;1,86;1,46;1,38;1,31;1,0;1,3;0,77;1,43;0,75;1,01;0,87;1,63;0,91;0,93;1,05;1,38;0,98;0,97;1,04
pzu_w.csv;2;6;2;4;0,81;3,2;3,2;1,0;1,0;1,53;2,1;0;0;0;0;0;0;0;0;0;0;1,53;1,32;2,1;1,43;2,83;2,65;0,97;1,88;0,91;1,42;0,88;1,0;1,01;1,54;0,87;0,94;1,04;0,95;1,34;0,9;1,02
pzu_w.csv;2;6;3;4;0,74;2,57;2,57;1,0;1,0;1,43;1,8;0;0;0;0;0;0;0;0;0;0;1,43;1,12;1,67;1,14;2,02;2,15;1,09;1,61;0,91;1,34;0,84;1,0;1,01;1,49;0,87;0,92;1,03;0,9;1,34;0,9;1,07
pzu_w.csv;2;6;4;3;0,77;2,27;2,27;1,0;1,0;1,43;1,58;0;0;0;0;0;0;0;0;0;0;1,43;1,14;1,71;1,34;1,53;1,69;1,1;1,61;0,79;1,33;0,85;0,99;0,97;1,43;0,87;0,89;1,0;1,4;1,01;0,88;1,07
pzu_w.csv;2;6;5;2;0,74;3,05;3,05;1,0;1,0;1,54;1,98;0;0;0;0;0;0;0;0;0;0;1,54;1,31;2,16;1,64;1,98;2,34;1,19;1,57;0,77;1,52;0,91;1,02;1,0;1,58;0,84;0,88;1,01;1,3;1,01;0,92;1,07
pzu_w.csv;2;6;6;3;0,77;2,32;2,32;1,0;1,0;1,51;1,53;0;0;0;0;0;0;0;0;0;0;1,51;1,12;1,84;1,43;1,71;2,21;1,19;1,41;0,77;1,52;0,78;1,02;1,0;1,56;0,91;1,01;0,92;1,18;0,99;0,92;1,06
pzu_w.csv;2;6;7;3;0,73;1,75;1,75;1,0;1,0;1,62;1,08;0;0;0;0;0;0;0;0;0;0;1,62;1,22;1,91;1,41;1,54;1,64;1,0;1,28;0,73;1,47;0,78;0,99;1,0;1,54;0,96;1,04;0,94;1,18;0,99;0,94;1,03
pzu_w.csv;2;6;8;3;0,71;2,16;2,16;1,0;1,0;1,89;1,14;0;0;0;0;0;0;0;0;0;0;1,89;1,57;2,45;1,75;1,73;1,72;1,0;1,28;0,71;1,47;0,86;1,03;0,98;1,51;0,96;1,02;1,01;1,29;0,99;0,94;1,03
pzu_w.csv;2;6;9;3;0,75;2,11;2,11;1,0;1,0;1,76;1,19;0;0;0;0;0;0;0;0;0;0;1,76;1,48;2,25;1,74;1,73;1,71;1,0;1,28;0,76;1,43;0,86;1,01;0,87;1,63;0,91;1,09;1,01;1,29;0,98;0,94;1,02
pzu_w.csv;2;7;2;4;0,86;3,18;3,18;1,0;1,0;1,5;2,12;0;0;0;0;0;0;0;0;0;0;1,5;1,34;2,04;1,59;2,86;2,83;0,97;1,79;0,98;1,36;0,91;0,98;1,01;1,54;0,9;0,98;0,98;0,99;1,27;0,89;1,02
pzu_w.csv;2;7;3;4;0,79;2,72;2,72;1,0;1,0;1,4;1,94;0;0;0;0;0;0;0;0;0;0;1,4;1,19;1,73;1,35;2,19;2,46;1,09;1,53;0,98;1,3;0,91;0,98;1,01;1,49;0,9;0,96;0,97;0,94;1,27;0,89;1,07
pzu_w.csv;2;7;4;3;0,79;2,68;2,68;1,0;1,0;1,41;1,9;0;0;0;0;0;0;0;0;0;0;1,41;1,21;1,74;1,7;1,86;2,16;1,1;1,53;0,95;1,29;0,92;0,98;0,97;1,43;0,9;0,93;0,95;1,4;0,97;0,89;1,07
pzu_w.csv;2;7;5;3;0,8;3,23;3,23;1,0;1,0;1,43;2,25;0;0;0;0;0;0;0;0;0;0;1,43;1,21;2,18;2,07;2,38;2,97;1,19;1,5;0,92;1,52;0,9;1,0;0,99;1,58;0,9;0,93;0,96;1,3;0,97;0,84;1,07
pzu_w.csv;2;7;6;6;0,77;2,4;2,4;1,0;1,0;1,37;1,75;0;0;0;0;0;0;0;0;0;0;1,37;1,01;1,81;1,75;1,99;2,61;1,19;1,34;0,92;1,52;0,78;1,0;0,99;1,62;0,91;1,03;0,91;1,18;0,96;0,84;1,06
pzu_w.csv;2;7;7;3;0,75;2,03;2,03;1,0;1,0;1,65;1,23;0;0;0;0;0;0;0;0;0;0;1,65;1,24;2,02;1,88;1,95;2,1;1,0;1,22;0,88;1,47;0,78;0,98;0,99;1,59;0,96;1,15;0,93;1,18;0,95;0,9;1,03
pzu_w.csv;2;7;8;3;0,85;2,51;2,51;1,0;1,0;1,93;1,3;0;0;0;0;0;0;0;0;0;0;1,93;1,59;2,58;2,32;2,2;2,18;1,0;1,22;0,85;1,47;0,85;1,01;0,98;1,56;0,96;1,12;1,01;1,29;0,95;0,9;1,03
pzu_w.csv;2;7;9;3;0,74;2,07;2,07;1,0;1,0;1,62;1,27;0;0;0;0;0;0;0;0;0;0;1,62;1,36;2,15;1,95;1,85;1,83;1,0;1,22;0,85;1,43;0,85;0,99;0,87;1,68;0,91;1,08;1,01;1,29;0,94;0,9;1,02
pzu_w.csv;2;8;2;3;0,83;3,15;3,15;1,0;1,0;1,47;2,14;0;0;0;0;0;0;0;0;0;0;1,47;1,31;2,0;1,63;2,83;2,67;0,97;1,72;1,03;1,36;0,91;0,99;0,93;1,48;0,92;1,0;1,03;0,99;1,27;0,89;1,02
pzu_w.csv;2;8;3;4;0,83;2,67;2,67;1,0;1,0;1,36;1,96;0;0;0;0;0;0;0;0;0;0;1,36;1,18;1,72;1,41;2,3;2,36;1,05;1,53;1,03;1,3;0,91;0,99;0,93;1,43;0,92;1,0;1,02;0,94;1,27;0,89;1,05
pzu_w.csv;2;8;4;5;0,75;2,52;2,52;1,0;1,0;1,38;1,83;0;0;0;0;0;0;0;0;0;0;1,38;1,15;1,66;1,71;1,87;1,98;1,06;1,53;1,0;1,29;0,88;0,96;0,89;1,38;0,92;1,0;1,0;1,4;0,97;0,89;1,05
pzu_w.csv;2;8;5;3;0,78;3,19;3,19;1,0;1,0;1,42;2,24;0;0;0;0;0;0;0;0;0;0;1,42;1,18;2,11;2,17;2,5;2,85;1,15;1,5;1,0;1,52;0,86;1,0;0,91;1,53;0,92;1,0;1,01;1,3;0,97;0,84;1,04
pzu_w.csv;2;8;6;6;0,67;1,99;1,99;1,0;1,0;1,15;1,74;0;0;0;0;0;0;0;0;0;0;1,15;0,82;1,48;1,55;1,77;2,08;1,15;1,34;1,0;1,52;0,74;1,0;0,91;1,48;0,87;1,03;0,98;1,18;0,96;0,84;1,03
pzu_w.csv;2;8;7;5;0,66;1,82;1,82;1,0;1,0;1,42;1,27;0;0;0;0;0;0;0;0;0;0;1,42;1,05;1,7;1,72;1,79;1,77;1,0;1,22;0,96;1,47;0,74;0,97;0,91;1,45;0,95;1,13;1,01;1,18;0,95;0,9;1,01
pzu_w.csv;2;8;8;3;0,74;2,17;2,17;1,0;1,0;1,55;1,4;0;0;0;0;0;0;0;0;0;0;1,55;1,25;2,03;2,05;1,95;1,93;1,0;1,22;0,96;1,47;0,81;0,95;0,96;1,43;0,95;1,12;1,01;1,29;0,95;0,9;1,01
pzu_w.csv;2;8;9;5;0,64;1,85;1,85;1,0;1,0;1,36;1,36;0;0;0;0;0;0;0;0;0;0;1,36;1,11;1,76;1,8;1,7;1,68;1,0;1,22;0,96;1,43;0,81;0,93;0,85;1,6;0,91;1,08;1,01;1,29;0,94;0,9;1,0
pzu_w.csv;2;9;2;4;0,8;3,0;3,0;1,0;1,0;1,43;2,1;0;0;0;0;0;0;0;0;0;0;1,43;1,26;1,86;1,58;2,85;2,77;1,0;1,72;1,03;1,31;0,9;0,98;0,9;1,52;0,98;1,0;1,03;0,95;1,22;0,89;1,02
pzu_w.csv;2;9;3;4;0,8;2,76;2,76;1,0;1,0;1,34;2,05;0;0;0;0;0;0;0;0;0;0;1,34;1,16;1,66;1,41;2,39;2,64;1,12;1,53;1,03;1,28;0,9;0,98;0,9;1,48;0,98;1,0;1,02;0,9;1,22;0,89;1,05
pzu_w.csv;2;9;4;5;0,72;2,78;2,78;1,0;1,0;1,45;1,92;0;0;0;0;0;0;0;0;0;0;1,45;1,2;1,71;1,76;2,0;2,28;1,13;1,53;1,0;1,27;0,87;0,95;0,87;1,47;0,98;1,0;1,0;1,35;0,97;0,89;1,05
pzu_w.csv;2;9;5;3;0,75;3,11;3,11;1,0;1,0;1,4;2,22;0;0;0;0;0;0;0;0;0;0;1,4;1,15;2,07;2,12;2,55;2,9;1,15;1,5;1,0;1,52;0,85;0,96;0,91;1,53;0,98;1,0;1,01;1,25;0,97;0,84;1,04
pzu_w.csv;2;9;6;6;0,65;1,95;1,95;1,0;1,0;1,13;1,72;0;0;0;0;0;0;0;0;0;0;1,13;0,81;1,45;1,51;1,8;2,12;1,15;1,34;1,0;1,52;0,74;0,96;0,91;1,48;0,93;1,03;0,97;1,13;0,96;0,84;1,03
pzu_w.csv;2;9;7;5;0,63;1,62;1,62;1,0;1,0;1,28;1,27;0;0;0;0;0;0;0;0;0;0;1,28;0,94;1,52;1,54;1,67;1,65;1,0;1,22;0,96;1,47;0,74;0,94;0,91;1,45;0,93;1,13;1,01;1,13;0,95;0,9;1,01
pzu_w.csv;2;9;8;3;0,73;2,01;2,01;1,0;1,0;1,45;1,39;0;0;0;0;0;0;0;0;0;0;1,45;1,16;1,89;1,91;1,86;1,84;1,0;1,22;0,96;1,47;0,81;0,94;0,96;1,43;0,93;1,12;1,01;1,26;0,95;0,9;1,01
pzu_w.csv;2;9;9;5;0,63;1,72;1,72;1,0;1,0;1,27;1,35;0;0;0;0;0;0;0;0;0;0;1,27;1,03;1,63;1,67;1,63;1,61;1,0;1,22;0,96;1,43;0,81;0,92;0,85;1,6;0,88;1,08;1,01;1,26;0,94;0,9;1,0
pzu_w.csv;3;3;3;3;0,61;2,6;2,6;1,0;1,0;1,52;1,71;0;0;0;0;0;0;0;0;0;0;1,52;1,22;2,01;1,32;1,86;1,69;1,04;1,36;0,89;1,5;0,91;0,97;0,97;1,69;0,8;0,77;1,15;0,97;1,35;0,91;1,13
pzu_w.csv;3;3;4;6;0,53;2,15;2,15;1,0;1,0;1,21;1,78;0;0;0;0;0;0;0;0;0;0;1,21;0,96;1,59;1,39;1,32;1,39;1,14;1,41;0,82;1,49;0,9;0,99;0,91;1,63;0,79;0,67;1,08;1,49;0,94;0,9;1,13
pzu_w.csv;3;3;5;6;0,54;2,87;2,87;1,0;1,0;1,31;2,2;0;0;0;0;0;0;0;0;0;0;1,31;1,11;1,89;1,72;1,73;1,88;1,24;1,38;0,81;1,67;0,95;0,98;0,96;1,69;0,79;0,68;1,14;1,38;0,89;0,98;1,12
pzu_w.csv;3;3;6;3;0,7;2,42;2,42;1,0;1,0;1,34;1,8;0;0;0;0;0;0;0;0;0;0;1,34;0,91;1,54;1,35;1,56;1,92;1,24;1,43;0,81;1,67;0,75;0,97;0,96;1,62;0,87;0,82;1,01;1,23;0,93;0,98;1,11
pzu_w.csv;3;3;7;3;0,68;1,76;1,76;1,0;1,0;1,44;1,22;0;0;0;0;0;0;0;0;0;0;1,44;0,99;1,66;1,43;1,43;1,46;1,0;1,3;0,78;1,61;0,75;0,99;0,92;1,59;0,89;0,92;0,98;1,31;0,9;0,96;1,09
pzu_w.csv;3;3;8;3;0,65;1,82;1,82;1,0;1,0;1,52;1,2;0;0;0;0;0;0;0;0;0;0;1,52;1,06;1,71;1,41;1,33;1,26;1,0;1,3;0,75;1,61;0,76;0,97;0,89;1,56;0,86;0,91;1,05;1,38;0,91;1,0;1,09
pzu_w.csv;3;3;9;7;0,61;1,87;1,87;1,0;1,0;1,55;1,21;0;0;0;0;0;0;0;0;0;0;1,55;1,1;1,73;1,36;1,34;1,27;1,0;1,3;0,77;1,57;0,76;0,95;0,85;1,68;0,82;0,94;1,05;1,33;0,98;1,0;1,07
pzu_w.csv;3;4;3;3;0,65;2,54;2,54;1,0;1,0;1,54;1,64;0;0;0;0;0;0;0;0;0;0;1,54;1,18;1,69;1,08;1,75;1,69;1,04;1,57;0,91;1,27;0,86;0,96;1,0;1,67;0,87;0,74;1,09;0,97;1,43;0,89;1,13
pzu_w.csv;3;4;4;8;0,56;2,23;2,23;1,0;1,0;1,35;1,65;0;0;0;0;0;0;0;0;0;0;1,35;1,06;1,53;1,2;1,31;1,42;1,14;1,63;0,79;1,27;0,89;0,99;0,96;1,61;0,87;0,65;1,06;1,49;1,01;0,88;1,13
pzu_w.csv;3;4;5;6;0,57;3,0;3,0;1,0;1,0;1,37;2,19;0;0;0;0;0;0;0;0;0;0;1,37;1,14;1,82;1,5;1,73;1,93;1,24;1,59;0,78;1,52;0,93;0,98;0,94;1,69;0,84;0,67;1,11;1,38;0,95;0,95;1,12
pzu_w.csv;3;4;6;3;0,67;2,01;2,01;1,0;1,0;1,29;1,55;0;0;0;0;0;0;0;0;0;0;1,29;0,86;1,37;1,08;1,25;1,56;1,24;1,43;0,78;1,52;0,74;0,97;0,94;1,62;0,84;0,81;0,99;1,23;1,0;0,95;1,11
pzu_w.csv;3;4;7;7;0,66;1,53;1,53;1,0;1,0;1,45;1,06;0;0;0;0;0;0;0;0;0;0;1,45;0,98;1,54;1,17;1,17;1,2;1,0;1,3;0,75;1,47;0,74;0,99;0,9;1,59;0,89;0,89;0,98;1,31;0,98;0,94;1,09
pzu_w.csv;3;4;8;7;0,63;1,64;1,64;1,0;1,0;1,58;1,04;0;0;0;0;0;0;0;0;0;0;1,58;1,09;1,64;1,2;1,13;1,07;1,0;1,3;0,72;1,47;0,75;0,97;0,87;1,56;0,86;0,91;1,05;1,38;0,99;0,97;1,09
pzu_w.csv;3;4;9;7;0,59;1,67;1,67;1,0;1,0;1,55;1,08;0;0;0;0;0;0;0;0;0;0;1,55;1,08;1,59;1,25;1,18;1,12;1,0;1,3;0,77;1,43;0,75;0,95;0,83;1,68;0,82;0,94;1,05;1,38;0,98;0,97;1,07
pzu_w.csv;3;5;3;10;0,63;1,95;1,95;1,0;1,0;1,29;1,52;0;0;0;0;0;0;0;0;0;0;1,29;0,93;1,27;0,83;1,49;1,47;1,04;1,57;0,91;1,27;0,8;0,95;1,0;1,52;0,87;0,78;1,06;0,88;1,4;0,92;1,11
pzu_w.csv;3;5;4;8;0,61;1,81;1,81;1,0;1,0;1,19;1,53;0;0;0;0;0;0;0;0;0;0;1,19;0,88;1,22;0,96;1,09;1,21;1,14;1,63;0,79;1,26;0,82;0,93;0,96;1,47;0,87;0,7;1,03;1,43;1,01;0,91;1,11
pzu_w.csv;3;5;5;6;0,58;2,63;2,63;1,0;1,0;1,3;2,02;0;0;0;0;0;0;0;0;0;0;1,3;1,03;1,64;1,27;1,47;1,68;1,24;1,59;0,78;1,52;0,87;0,95;0,94;1,58;0,84;0,69;1,08;1,38;1,01;0,95;1,1
pzu_w.csv;3;5;6;5;0,61;1,76;1,76;1,0;1,0;1,23;1,43;0;0;0;0;0;0;0;0;0;0;1,23;0,77;1,23;0,97;1,13;1,41;1,24;1,43;0,78;1,52;0,68;0,95;0,94;1,62;0,84;0,81;0,99;1,23;0,99;0,95;1,09
pzu_w.csv;3;5;7;7;0,61;1,32;1,32;1,0;1,0;1,36;0,98;0;0;0;0;0;0;0;0;0;0;1,36;0,87;1,36;1,04;1,04;1,06;1,0;1,3;0,75;1,47;0,68;0,99;0,9;1,59;0,89;0,86;0,98;1,31;0,98;0,94;1,06
pzu_w.csv;3;5;8;7;0,63;1,54;1,54;1,0;1,0;1,49;1,03;0;0;0;0;0;0;0;0;0;0;1,49;1,05;1,58;1,15;1,08;1,03;1,0;1,3;0,72;1,47;0,75;0,97;0,87;1,56;0,86;0,87;1,05;1,38;0,99;0,97;1,06
pzu_w.csv;3;5;9;7;0,59;1,61;1,61;1,0;1,0;1,49;1,08;0;0;0;0;0;0;0;0;0;0;1,49;1,06;1,57;1,23;1,16;1,1;1,0;1,3;0,77;1,43;0,75;0,95;0,83;1,68;0,82;0,93;1,05;1,38;0,98;0,97;1,05
pzu_w.csv;3;6;3;4;0,75;2,81;2,81;1,0;1,0;1,56;1,8;0;0;0;0;0;0;0;0;0;0;1,56;1,19;1,73;1,18;2,1;2,2;1,09;1,61;0,91;1,34;0,84;1,0;1,01;1,52;0,87;0,92;1,04;0,9;1,34;0,92;1,11
pzu_w.csv;3;6;4;3;0,77;2,48;2,48;1,0;1,0;1,57;1,58;0;0;0;0;0;0;0;0;0;0;1,57;1,21;1,77;1,39;1,59;1,73;1,1;1,61;0,79;1,33;0,85;0,99;0,97;1,47;0,87;0,89;1,02;1,4;1,01;0,91;1,11
pzu_w.csv;3;6;5;2;0,74;3,27;3,27;1,0;1,0;1,65;1,98;0;0;0;0;0;0;0;0;0;0;1,65;1,37;2,19;1,67;2,01;2,34;1,19;1,57;0,77;1,52;0,91;1,02;1,0;1,58;0,84;0,88;1,03;1,3;1,01;0,95;1,1
pzu_w.csv;3;6;6;3;0,77;2,43;2,43;1,0;1,0;1,58;1,53;0;0;0;0;0;0;0;0;0;0;1,58;1,14;1,82;1,41;1,69;2,16;1,19;1,41;0,77;1,52;0,78;1,02;1,0;1,62;0,84;1,02;0,93;1,18;0,99;0,95;1,09
pzu_w.csv;3;6;7;3;0,73;1,69;1,69;1,0;1,0;1,56;1,08;0;0;0;0;0;0;0;0;0;0;1,56;1,15;1,81;1,36;1,48;1,58;1,0;1,28;0,73;1,47;0,78;0,99;1,0;1,59;0,89;1,04;0,94;1,18;0,98;0,93;1,06
pzu_w.csv;3;6;8;3;0,71;1,96;1,96;1,0;1,0;1,72;1,14;0;0;0;0;0;0;0;0;0;0;1,72;1,38;2,1;1,5;1,49;1,47;1,0;1,28;0,71;1,47;0,86;0,98;0,96;1,56;0,86;1,02;1,01;1,29;0,99;0,97;1,06
pzu_w.csv;3;6;9;3;0,75;2,06;2,06;1,0;1,0;1,72;1,19;0;0;0;0;0;0;0;0;0;0;1,72;1,4;2,08;1,61;1,6;1,58;1,0;1,28;0,76;1,43;0,86;0,96;0,91;1,68;0,82;1,09;1,01;1,29;0,98;0,97;1,05
pzu_w.csv;3;7;3;4;0,84;3,05;3,05;1,0;1,0;1,64;1,86;0;0;0;0;0;0;0;0;0;0;1,64;1,36;1,89;1,41;2,3;2,43;1,09;1,53;0,94;1,3;0,91;0,98;1,01;1,52;0,9;0,96;1,03;0,94;1,27;0,93;1,09
pzu_w.csv;3;7;4;3;0,84;2,83;2,83;1,0;1,0;1,64;1,72;0;0;0;0;0;0;0;0;0;0;1,64;1,38;1,91;1,69;1,84;2,01;1,1;1,53;0,86;1,29;0,92;0,98;0,97;1,47;0,9;0,93;1,01;1,4;0,97;0,93;1,09
pzu_w.csv;3;7;5;3;0,84;3,34;3,34;1,0;1,0;1,64;2,04;0;0;0;0;0;0;0;0;0;0;1,64;1,36;2,33;2,0;2,3;2,7;1,19;1,5;0,84;1,52;0,9;1,0;1,0;1,58;0,9;0,93;1,02;1,3;0,97;0,88;1,09
pzu_w.csv;3;7;6;4;0,78;2,51;2,51;1,0;1,0;1,58;1,58;0;0;0;0;0;0;0;0;0;0;1,58;1,14;1,96;1,72;1,96;2,52;1,19;1,34;0,84;1,52;0,78;1,0;1,0;1,62;0,91;1,09;0,93;1,18;0,96;0,88;1,08
pzu_w.csv;3;7;7;4;0,76;1,82;1,82;1,0;1,0;1,63;1,12;0;0;0;0;0;0;0;0;0;0;1,63;1,2;2,03;1,71;1,78;1,91;1,0;1,22;0,8;1,47;0,78;0,98;1,0;1,59;0,96;1,15;0,93;1,18;0,94;0,87;1,05
pzu_w.csv;3;7;8;3;0,77;2,25;2,25;1,0;1,0;1,91;1,18;0;0;0;0;0;0;0;0;0;0;1,91;1,54;2,4;1,95;1,85;1,83;1,0;1,22;0,77;1,47;0,85;0,96;0,96;1,56;0,96;1,12;1,01;1,29;0,95;0,94;1,05
pzu_w.csv;3;7;9;3;0,74;1,99;1,99;1,0;1,0;1,73;1,15;0;0;0;0;0;0;0;0;0;0;1,73;1,42;2,15;1,77;1,68;1,66;1,0;1,22;0,77;1,43;0,85;0,95;0,91;1,68;0,91;1,08;1,01;1,29;0,94;0,94;1,04
pzu_w.csv;3;8;3;3;0,89;3,26;3,26;1,0;1,0;1,67;1,96;0;0;0;0;0;0;0;0;0;0;1,67;1,41;1,97;1,61;2,62;2,57;1,05;1,53;1,03;1,3;0,91;0,99;0,99;1,46;0,92;1,0;1,07;0,94;1,27;0,93;1,07
pzu_w.csv;3;8;4;3;0,8;3,08;3,08;1,0;1,0;1,68;1,83;0;0;0;0;0;0;0;0;0;0;1,68;1,37;1,9;1,95;2,13;2,15;1,06;1,53;1,0;1,29;0,88;0,96;0,95;1,41;0,92;1,0;1,04;1,4;0,97;0,93;1,07
pzu_w.csv;3;8;5;3;0,83;3,8;3,8;1,0;1,0;1,7;2,24;0;0;0;0;0;0;0;0;0;0;1,7;1,37;2,36;2,42;2,79;3,03;1,15;1,5;1,0;1,52;0,86;1,0;0,97;1,53;0,92;1,0;1,06;1,3;0,97;0,88;1,07
pzu_w.csv;3;8;6;4;0,72;2,38;2,38;1,0;1,0;1,37;1,74;0;0;0;0;0;0;0;0;0;0;1,37;0,96;1,65;1,73;1,97;2,32;1,15;1,34;1,0;1,52;0,74;1,0;0,97;1,48;0,87;1,07;0,98;1,18;0,96;0,88;1,06
pzu_w.csv;3;8;7;4;0,7;1,9;1,9;1,0;1,0;1,49;1,27;0;0;0;0;0;0;0;0;0;0;1,49;1,07;1,81;1,83;1,91;1,89;1,0;1,22;0,96;1,47;0,74;0,97;0,97;1,45;0,95;1,13;1,01;1,18;0,94;0,87;1,03
pzu_w.csv;3;8;8;3;0,73;2,28;2,28;1,0;1,0;1,63;1,4;0;0;0;0;0;0;0;0;0;0;1,63;1,28;2,0;2,02;1,91;1,89;1,0;1,22;0,96;1,47;0,81;0,96;0,93;1,43;0,95;1,12;1,01;1,29;0,95;0,94;1,03
pzu_w.csv;3;8;9;5;0,68;2,1;2,1;1,0;1,0;1,54;1,36;0;0;0;0;0;0;0;0;0;0;1,54;1,23;1,86;1,9;1,8;1,78;1,0;1,22;0,96;1,43;0,81;0,94;0,89;1,6;0,91;1,08;1,01;1,29;0,94;0,94;1,02
pzu_w.csv;3;9;3;4;0,85;3,15;3,15;1,0;1,0;1,53;2,05;0;0;0;0;0;0;0;0;0;0;1,53;1,29;1,77;1,5;2,56;2,69;1,12;1,53;1,03;1,28;0,9;0,98;0,96;1,43;0,98;1,0;1,07;0,9;1,22;0,93;1,07
pzu_w.csv;3;9;4;5;0,76;3,09;3,09;1,0;1,0;1,61;1,92;0;0;0;0;0;0;0;0;0;0;1,61;1,3;1,78;1,83;2,08;2,26;1,13;1,53;1,0;1,27;0,87;0,95;0,92;1,38;0,98;1,0;1,04;1,35;0,97;0,93;1,07
pzu_w.csv;3;9;5;3;0,79;3,69;3,69;1,0;1,0;1,66;2,22;0;0;0;0;0;0;0;0;0;0;1,66;1,33;2,29;2,35;2,82;3,07;1,15;1,5;1,0;1,52;0,85;0,96;0,96;1,53;0,98;1,0;1,05;1,25;0,97;0,88;1,07
pzu_w.csv;3;9;6;6;0,68;2,31;2,31;1,0;1,0;1,34;1,72;0;0;0;0;0;0;0;0;0;0;1,34;0,93;1,6;1,68;2,0;2,35;1,15;1,34;1,0;1,52;0,74;0,96;0,96;1,48;0,93;1,07;0,97;1,13;0,96;0,88;1,06
pzu_w.csv;3;9;7;5;0,67;1,69;1,69;1,0;1,0;1,34;1,27;0;0;0;0;0;0;0;0;0;0;1,34;0,95;1,61;1,63;1,76;1,75;1,0;1,22;0,96;1,47;0,74;0,94;0,96;1,45;0,93;1,13;1,01;1,13;0,94;0,87;1,03
pzu_w.csv;3;9;8;3;0,69;2,05;2,05;1,0;1,0;1,48;1,39;0;0;0;0;0;0;0;0;0;0;1,48;1,15;1,79;1,81;1,77;1,75;1,0;1,22;0,96;1,47;0,81;0,92;0,93;1,43;0,93;1,12;1,01;1,26;0,95;0,94;1,03
pzu_w.csv;3;9;9;5;0,65;1,89;1,89;1,0;1,0;1,4;1,35;0;0;0;0;0;0;0;0;0;0;1,4;1,1;1,67;1,71;1,67;1,65;1,0;1,22;0,96;1,43;0,81;0,91;0,89;1,6;0,88;1,08;1,01;1,26;0,94;0,94;1,02
pzu_w.csv;4;4;4;8;0,56;2,23;2,23;1,0;1,0;1,35;1,65;0;0;0;0;0;0;0;0;0;0;1,35;1,06;1,53;1,2;1,31;1,42;1,14;1,63;0,79;1,27;0,89;0,99;0,96;1,61;0,87;0,65;1,06;1,49;1,01;0,88;1,13
pzu_w.csv;4;4;5;6;0,57;3,08;3,08;1,0;1,0;1,41;2,19;0;0;0;0;0;0;0;0;0;0;1,41;1,18;1,87;1,54;1,78;1,98;1,24;1,59;0,78;1,52;0,93;0,98;0,97;1,69;0,84;0,67;1,11;1,38;0,95;0,95;1,12
pzu_w.csv;4;4;6;3;0,68;2,1;2,1;1,0;1,0;1,35;1,55;0;0;0;0;0;0;0;0;0;0;1,35;0,9;1,43;1,13;1,31;1,64;1,24;1,43;0,78;1,52;0,74;0,97;0,94;1,62;0,88;0,81;0,99;1,23;1,0;0,95;1,11
pzu_w.csv;4;4;7;3;0,69;1,48;1,48;1,0;1,0;1,4;1,06;0;0;0;0;0;0;0;0;0;0;1,4;0,95;1,49;1,13;1,13;1,16;1,0;1,3;0,75;1,47;0,74;0,99;0,94;1,59;0,83;0,89;0,98;1,31;0,98;0,94;1,09
pzu_w.csv;4;4;8;7;0,63;1,64;1,64;1,0;1,0;1,58;1,04;0;0;0;0;0;0;0;0;0;0;1,58;1,09;1,64;1,2;1,13;1,07;1,0;1,3;0,72;1,47;0,75;0,97;0,87;1,56;0,86;0,91;1,05;1,38;0,99;0,97;1,09
pzu_w.csv;4;4;9;7;0,59;1,75;1,75;1,0;1,0;1,62;1,08;0;0;0;0;0;0;0;0;0;0;1,62;1,13;1,67;1,31;1,24;1,18;1,0;1,3;0,77;1,43;0,75;0,95;0,83;1,68;0,86;0,94;1,05;1,38;0,98;0,97;1,07
pzu_w.csv;4;5;4;8;0,61;1,81;1,81;1,0;1,0;1,19;1,53;0;0;0;0;0;0;0;0;0;0;1,19;0,88;1,22;0,96;1,09;1,21;1,14;1,63;0,79;1,26;0,82;0,93;0,96;1,47;0,87;0,7;1,03;1,43;1,01;0,91;1,11
pzu_w.csv;4;5;5;6;0,58;2,71;2,71;1,0;1,0;1,34;2,02;0;0;0;0;0;0;0;0;0;0;1,34;1,06;1,69;1,31;1,51;1,73;1,24;1,59;0,78;1,52;0,87;0,95;0,97;1,58;0,84;0,69;1,08;1,38;1,01;0,95;1,1
pzu_w.csv;4;5;6;5;0,61;1,85;1,85;1,0;1,0;1,29;1,43;0;0;0;0;0;0;0;0;0;0;1,29;0,81;1,29;1,02;1,18;1,48;1,24;1,43;0,78;1,52;0,68;0,95;0,94;1,62;0,88;0,81;0,99;1,23;0,99;0,95;1,09
pzu_w.csv;4;5;7;7;0,64;1,28;1,28;1,0;1,0;1,31;0,98;0;0;0;0;0;0;0;0;0;0;1,31;0,84;1,32;1,01;1,0;1,03;1,0;1,3;0,75;1,47;0,68;0,99;0,94;1,59;0,83;0,86;0,98;1,31;0,98;0,94;1,06
pzu_w.csv;4;5;8;7;0,63;1,54;1,54;1,0;1,0;1,49;1,03;0;0;0;0;0;0;0;0;0;0;1,49;1,05;1,58;1,15;1,08;1,03;1,0;1,3;0,72;1,47;0,75;0,97;0,87;1,56;0,86;0,87;1,05;1,38;0,99;0,97;1,06
pzu_w.csv;4;5;9;7;0,59;1,69;1,69;1,0;1,0;1,56;1,08;0;0;0;0;0;0;0;0;0;0;1,56;1,11;1,64;1,29;1,22;1,16;1,0;1,3;0,77;1,43;0,75;0,95;0,83;1,68;0,86;0,93;1,05;1,38;0,98;0,97;1,05
pzu_w.csv;4;6;4;3;0,77;2,5;2,5;1,0;1,0;1,58;1,58;0;0;0;0;0;0;0;0;0;0;1,58;1,22;1,77;1,39;1,59;1,73;1,1;1,61;0,79;1,33;0,85;0,99;0,97;1,47;0,87;0,89;1,02;1,4;1,01;0,91;1,11
pzu_w.csv;4;6;5;2;0,74;3,28;3,28;1,0;1,0;1,66;1,98;0;0;0;0;0;0;0;0;0;0;1,66;1,37;2,19;1,67;2,01;2,34;1,19;1,57;0,77;1,52;0,91;1,02;1,0;1,58;0,84;0,88;1,03;1,3;1,01;0,95;1,1
pzu_w.csv;4;6;6;3;0,77;2,55;2,55;1,0;1,0;1,67;1,53;0;0;0;0;0;0;0;0;0;0;1,67;1,2;1,91;1,48;1,77;2,26;1,19;1,41;0,77;1,52;0,78;1,02;1,0;1,62;0,88;1,02;0,93;1,18;0,99;0,95;1,09
pzu_w.csv;4;6;7;3;0,73;1,58;1,58;1,0;1,0;1,46;1,08;0;0;0;0;0;0;0;0;0;0;1,46;1,07;1,68;1,26;1,37;1,46;1,0;1,28;0,73;1,47;0,78;0,99;1,0;1,59;0,83;1,04;0,94;1,18;0,98;0,94;1,06
pzu_w.csv;4;6;8;3;0,71;1,97;1,97;1,0;1,0;1,73;1,14;0;0;0;0;0;0;0;0;0;0;1,73;1,39;2,1;1,5;1,49;1,47;1,0;1,28;0,71;1,47;0,86;0,98;0,96;1,56;0,86;1,02;1,01;1,29;0,99;0,97;1,06
pzu_w.csv;4;6;9;3;0,75;2,17;2,17;1,0;1,0;1,82;1,19;0;0;0;0;0;0;0;0;0;0;1,82;1,48;2,18;1,69;1,67;1,66;1,0;1,28;0,76;1,43;0,86;0,96;0,91;1,68;0,86;1,09;1,01;1,29;0,98;0,97;1,05
pzu_w.csv;4;7;4;3;0,84;2,83;2,83;1,0;1,0;1,64;1,72;0;0;0;0;0;0;0;0;0;0;1,64;1,38;1,91;1,69;1,84;2,01;1,1;1,53;0,86;1,29;0,92;0,98;0,97;1,47;0,9;0,93;1,01;1,4;0,97;0,93;1,09
pzu_w.csv;4;7;5;3;0,84;3,34;3,34;1,0;1,0;1,64;2,04;0;0;0;0;0;0;0;0;0;0;1,64;1,36;2,33;2,0;2,3;2,7;1,19;1,5;0,84;1,52;0,9;1,0;1,0;1,58;0,9;0,93;1,02;1,3;0,97;0,88;1,09
pzu_w.csv;4;7;6;4;0,78;2,62;2,62;1,0;1,0;1,66;1,58;0;0;0;0;0;0;0;0;0;0;1,66;1,2;2,06;1,79;2,05;2,64;1,19;1,34;0,84;1,52;0,78;1,0;1,0;1,62;0,95;1,09;0,93;1,18;0,96;0,88;1,08
pzu_w.csv;4;7;7;4;0,76;1,68;1,68;1,0;1,0;1,51;1,12;0;0;0;0;0;0;0;0;0;0;1,51;1,11;1,88;1,59;1,65;1,77;1,0;1,22;0,8;1,47;0,78;0,98;1,0;1,59;0,89;1,15;0,93;1,18;0,94;0,87;1,05
pzu_w.csv;4;7;8;3;0,77;2,25;2,25;1,0;1,0;1,91;1,18;0;0;0;0;0;0;0;0;0;0;1,91;1,54;2,4;1,95;1,85;1,83;1,0;1,22;0,77;1,47;0,85;0,96;0,96;1,56;0,96;1,12;1,01;1,29;0,95;0,94;1,05
pzu_w.csv;4;7;9;3;0,74;2,09;2,09;1,0;1,0;1,82;1,15;0;0;0;0;0;0;0;0;0;0;1,82;1,49;2,26;1,86;1,76;1,74;1,0;1,22;0,77;1,43;0,85;0,95;0,91;1,68;0,96;1,08;1,01;1,29;0,94;0,94;1,04
pzu_w.csv;4;8;4;3;0,8;3,08;3,08;1,0;1,0;1,68;1,83;0;0;0;0;0;0;0;0;0;0;1,68;1,37;1,9;1,95;2,13;2,15;1,06;1,53;1,0;1,29;0,88;0,96;0,95;1,41;0,92;1,0;1,04;1,4;0,97;0,93;1,07
pzu_w.csv;4;8;5;3;0,83;3,8;3,8;1,0;1,0;1,7;2,24;0;0;0;0;0;0;0;0;0;0;1,7;1,37;2,36;2,42;2,79;3,03;1,15;1,5;1,0;1,52;0,86;1,0;0,97;1,53;0,92;1,0;1,06;1,3;0,97;0,88;1,07
pzu_w.csv;4;8;6;4;0,72;2,49;2,49;1,0;1,0;1,43;1,74;0;0;0;0;0;0;0;0;0;0;1,43;1,0;1,73;1,81;2,06;2,43;1,15;1,34;1,0;1,52;0,74;1,0;0,97;1,48;0,91;1,07;0,98;1,18;0,96;0,88;1,06
pzu_w.csv;4;8;7;4;0,7;1,71;1,71;1,0;1,0;1,34;1,27;0;0;0;0;0;0;0;0;0;0;1,34;0,96;1,63;1,65;1,71;1,69;1,0;1,22;0,96;1,47;0,74;0,97;0,97;1,45;0,85;1,13;1,01;1,18;0,94;0,87;1,03
pzu_w.csv;4;8;8;3;0,73;2,28;2,28;1,0;1,0;1,63;1,4;0;0;0;0;0;0;0;0;0;0;1,63;1,28;2,0;2,02;1,91;1,89;1,0;1,22;0,96;1,47;0,81;0,96;0,93;1,43;0,95;1,12;1,01;1,29;0,95;0,94;1,03
pzu_w.csv;4;8;9;5;0,68;2,2;2,2;1,0;1,0;1,61;1,36;0;0;0;0;0;0;0;0;0;0;1,61;1,28;1,95;1,99;1,89;1,87;1,0;1,22;0,96;1,43;0,81;0,94;0,89;1,6;0,95;1,08;1,01;1,29;0,94;0,94;1,02
pzu_w.csv;4;9;4;5;0,76;3,11;3,11;1,0;1,0;1,61;1,93;0;0;0;0;0;0;0;0;0;0;1,61;1,31;1,79;1,84;2,09;2,27;1,13;1,53;1,0;1,27;0,88;0,95;0,92;1,38;0,98;1,0;1,04;1,35;0,97;0,93;1,07
pzu_w.csv;4;9;5;3;0,8;3,72;3,72;1,0;1,0;1,66;2,24;0;0;0;0;0;0;0;0;0;0;1,66;1,34;2,31;2,37;2,84;3,09;1,15;1,5;1,0;1,52;0,86;0,96;0,96;1,53;0,98;1,0;1,05;1,25;0,97;0,88;1,07
pzu_w.csv;4;9;6;6;0,69;2,43;2,43;1,0;1,0;1,4;1,74;0;0;0;0;0;0;0;0;0;0;1,4;0,98;1,69;1,77;2,1;2,48;1,15;1,34;1,0;1,52;0,74;0,96;0,96;1,48;0,97;1,07;0,97;1,13;0,96;0,88;1,06
pzu_w.csv;4;9;7;5;0,67;1,7;1,7;1,0;1,0;1,34;1,27;0;0;0;0;0;0;0;0;0;0;1,34;0,96;1,62;1,64;1,78;1,76;1,0;1,22;0,96;1,47;0,74;0,94;0,96;1,45;0,93;1,13;1,01;1,13;0,94;0,87;1,03
pzu_w.csv;4;9;8;3;0,7;2,07;2,07;1,0;1,0;1,48;1,4;0;0;0;0;0;0;0;0;0;0;1,48;1,16;1,81;1,83;1,78;1,77;1,0;1,22;0,96;1,47;0,81;0,92;0,93;1,43;0,93;1,12;1,01;1,26;0,95;0,94;1,03
pzu_w.csv;4;9;9;5;0,65;1,99;1,99;1,0;1,0;1,46;1,36;0;0;0;0;0;0;0;0;0;0;1,46;1,16;1,77;1,8;1,76;1,74;1,0;1,22;0,96;1,43;0,81;0,91;0,89;1,6;0,93;1,08;1,01;1,26;0,94;0,94;1,02
pzu_w.csv;5;5;5;6;0,55;2,6;2,6;1,0;1,0;1,28;2,04;0;0;0;0;0;0;0;0;0;0;1,28;1,02;1,62;1,26;1,45;1,66;1,24;1,59;0,78;1,52;0,87;0,95;0,97;1,58;0,72;0,77;1,08;1,38;1,01;0,95;1,1
pzu_w.csv;5;5;6;3;0,67;2,0;2,0;1,0;1,0;1,27;1,58;0;0;0;0;0;0;0;0;0;0;1,27;0,88;1,4;1,1;1,28;1,6;1,24;1,43;0,78;1,52;0,75;0,95;0,97;1,62;0,76;0,89;0,99;1,23;0,99;0,95;1,09
pzu_w.csv;5;5;7;3;0,64;1,26;1,26;1,0;1,0;1,17;1,08;0;0;0;0;0;0;0;0;0;0;1,17;0,83;1,3;0,99;0,99;1,01;1,0;1,3;0,75;1,47;0,75;0,93;0,97;1,59;0,71;0,92;0,98;1,31;0,98;0,94;1,06
pzu_w.csv;5;5;8;3;0,69;1,5;1,5;1,0;1,0;1,32;1,14;0;0;0;0;0;0;0;0;0;0;1,32;1,02;1,6;1,18;1,11;1,06;1,0;1,3;0,72;1,47;0,83;0,92;0,93;1,56;0,74;0,94;1,05;1,38;0,98;0,94;1,06
pzu_w.csv;5;5;9;7;0,66;1,6;1,6;1,0;1,0;1,34;1,19;0;0;0;0;0;0;0;0;0;0;1,34;1,06;1,56;1,3;1,23;1,17;1,0;1,3;0,77;1,43;0,83;0,9;0,89;1,68;0,74;0,98;1,05;1,38;0,92;0,97;1,05
pzu_w.csv;5;6;5;2;0,74;3,43;3,43;1,0;1,0;1,74;1,98;0;0;0;0;0;0;0;0;0;0;1,74;1,43;2,28;1,74;2,01;2,34;1,19;1,57;0,77;1,52;0,91;1,02;1,0;1,58;0,84;0,88;1,03;1,36;1,01;0,95;1,1
pzu_w.csv;5;6;6;3;0,77;2,67;2,67;1,0;1,0;1,74;1,53;0;0;0;0;0;0;0;0;0;0;1,74;1,25;1,99;1,54;1,77;2,26;1,19;1,41;0,77;1,52;0,78;1,02;1,0;1,62;0,88;1,02;0,93;1,23;0,99;0,95;1,09
pzu_w.csv;5;6;7;3;0,73;1,65;1,65;1,0;1,0;1,52;1,08;0;0;0;0;0;0;0;0;0;0;1,52;1,12;1,75;1,31;1,37;1,46;1,0;1,28;0,73;1,47;0,78;0,99;1,0;1,59;0,83;1,04;0,94;1,23;0,98;0,94;1,06
pzu_w.csv;5;6;8;3;0,71;1,87;1,87;1,0;1,0;1,64;1,14;0;0;0;0;0;0;0;0;0;0;1,64;1,32;2,07;1,5;1,49;1,47;1,0;1,28;0,71;1,47;0,86;0,98;0,96;1,56;0,86;1,02;1,01;1,29;0,98;0,94;1,06
pzu_w.csv;5;6;9;3;0,75;2,04;2,04;1,0;1,0;1,71;1,19;0;0;0;0;0;0;0;0;0;0;1,71;1,39;2,05;1,69;1,67;1,66;1,0;1,28;0,76;1,43;0,86;0,96;0,91;1,68;0,86;1,09;1,01;1,29;0,92;0,97;1,05
pzu_w.csv;5;7;5;3;0,84;3,34;3,34;1,0;1,0;1,64;2,04;0;0;0;0;0;0;0;0;0;0;1,64;1,36;2,33;2,0;2,3;2,7;1,19;1,5;0,84;1,52;0,9;1,0;1,0;1,58;0,9;0,93;1,02;1,3;0,97;0,88;1,09
pzu_w.csv;5;7;6;4;0,78;2,62;2,62;1,0;1,0;1,66;1,58;0;0;0;0;0;0;0;0;0;0;1,66;1,2;2,06;1,79;2,05;2,64;1,19;1,34;0,84;1,52;0,78;1,0;1,0;1,62;0,95;1,09;0,93;1,18;0,96;0,88;1,08
pzu_w.csv;5;7;7;4;0,76;1,68;1,68;1,0;1,0;1,51;1,12;0;0;0;0;0;0;0;0;0;0;1,51;1,11;1,88;1,59;1,65;1,77;1,0;1,22;0,8;1,47;0,78;0,98;1,0;1,59;0,89;1,15;0,93;1,18;0,94;0,87;1,05
pzu_w.csv;5;7;8;3;0,77;2,06;2,06;1,0;1,0;1,75;1,18;0;0;0;0;0;0;0;0;0;0;1,75;1,41;2,4;1,95;1,85;1,83;1,0;1,22;0,77;1,47;0,85;0,96;0,96;1,56;0,96;1,12;1,01;1,29;0,94;0,87;1,05
pzu_w.csv;5;7;9;3;0,74;1,9;1,9;1,0;1,0;1,65;1,15;0;0;0;0;0;0;0;0;0;0;1,65;1,35;2,05;1,86;1,76;1,74;1,0;1,22;0,77;1,43;0,85;0,95;0,91;1,68;0,96;1,08;1,01;1,29;0,85;0,94;1,04
pzu_w.csv;5;8;5;3;0,83;3,96;3,96;1,0;1,0;1,7;2,33;0;0;0;0;0;0;0;0;0;0;1,7;1,37;2,36;2,42;2,79;3,15;1,19;1,5;1,0;1,52;0,86;1,0;0,97;1,53;0,92;1,0;1,06;1,3;0,97;0,88;1,07
pzu_w.csv;5;8;6;4;0,72;2,59;2,59;1,0;1,0;1,43;1,81;0;0;0;0;0;0;0;0;0;0;1,43;1,0;1,73;1,81;2,06;2,53;1,19;1,34;1,0;1,52;0,74;1,0;0,97;1,48;0,91;1,07;0,98;1,18;0,96;0,88;1,06
pzu_w.csv;5;8;7;4;0,7;1,71;1,71;1,0;1,0;1,34;1,27;0;0;0;0;0;0;0;0;0;0;1,34;0,96;1,63;1,65;1,71;1,69;1,0;1,22;0,96;1,47;0,74;0,97;0,97;1,45;0,85;1,13;1,01;1,18;0,94;0,87;1,03
pzu_w.csv;5;8;8;3;0,73;2,09;2,09;1,0;1,0;1,5;1,4;0;0;0;0;0;0;0;0;0;0;1,5;1,18;1,99;2,02;1,91;1,89;1,0;1,22;0,96;1,47;0,81;0,96;0,93;1,43;0,95;1,12;1,01;1,29;0,94;0,87;1,03
pzu_w.csv;5;8;9;5;0,68;2,0;2,0;1,0;1,0;1,47;1,36;0;0;0;0;0;0;0;0;0;0;1,47;1,17;1,77;1,99;1,89;1,87;1,0;1,22;0,96;1,43;0,81;0,94;0,89;1,6;0,95;1,08;1,01;1,29;0,85;0,94;1,02
pzu_w.csv;5;9;5;3;0,8;3,92;3,92;1,0;1,0;1,68;2,33;0;0;0;0;0;0;0;0;0;0;1,68;1,36;2,33;2,4;2,84;3,22;1,19;1,5;1,0;1,52;0,86;0,96;0,96;1,53;0,98;1,0;1,05;1,26;0,97;0,88;1,07
pzu_w.csv;5;9;6;4;0,69;2,57;2,57;1,0;1,0;1,42;1,81;0;0;0;0;0;0;0;0;0;0;1,42;0,99;1,71;1,79;2,1;2,58;1,19;1,34;1,0;1,52;0,74;0,96;0,96;1,48;0,97;1,07;0,97;1,14;0,96;0,88;1,06
pzu_w.csv;5;9;7;5;0,67;1,72;1,72;1,0;1,0;1,35;1,27;0;0;0;0;0;0;0;0;0;0;1,35;0,97;1,64;1,66;1,78;1,76;1,0;1,22;0,96;1,47;0,74;0,94;0,96;1,45;0,93;1,13;1,01;1,14;0,94;0,87;1,03
pzu_w.csv;5;9;8;3;0,7;1,89;1,89;1,0;1,0;1,36;1,4;0;0;0;0;0;0;0;0;0;0;1,36;1,07;1,81;1,83;1,78;1,77;1,0;1,22;0,96;1,47;0,81;0,92;0,93;1,43;0,93;1,12;1,01;1,26;0,94;0,87;1,03
pzu_w.csv;5;9;9;5;0,65;1,81;1,81;1,0;1,0;1,33;1,36;0;0;0;0;0;0;0;0;0;0;1,33;1,06;1,6;1,8;1,76;1,74;1,0;1,22;0,96;1,43;0,81;0,91;0,89;1,6;0,93;1,08;1,01;1,26;0,85;0,94;1,02
pzu_w.csv;6;6;6;3;0,77;2,54;2,54;1,0;1,0;1,66;1,53;0;0;0;0;0;0;0;0;0;0;1,66;1,3;2,07;1,6;1,84;2,35;1,19;1,41;0,77;1,52;0,78;1,02;1,0;1,56;0,95;1,02;0,93;1,23;0,99;0,95;1,0
pzu_w.csv;6;6;7;3;0,73;1,61;1,61;1,0;1,0;1,49;1,08;0;0;0;0;0;0;0;0;0;0;1,49;1,16;1,82;1,37;1,43;1,52;1,0;1,28;0,73;1,47;0,78;0,99;1,0;1,54;0,89;1,04;0,94;1,23;0,98;0,94;1,0
pzu_w.csv;6;6;8;3;0,71;1,78;1,78;1,0;1,0;1,56;1,14;0;0;0;0;0;0;0;0;0;0;1,56;1,34;2,1;1,52;1,6;1,58;1,0;1,28;0,71;1,47;0,86;0,98;0,96;1,51;0,96;1,02;1,01;1,22;0,98;0,94;1,0
pzu_w.csv;6;6;9;3;0,75;2,08;2,08;1,0;1,0;1,74;1,19;0;0;0;0;0;0;0;0;0;0;1,74;1,49;2,2;1,81;1,8;1,78;1,0;1,28;0,76;1,43;0,86;0,96;0,91;1,63;0,96;1,09;1,01;1,29;0,92;0,97;1,0
pzu_w.csv;6;7;6;4;0,78;2,43;2,43;1,0;1,0;1,54;1,58;0;0;0;0;0;0;0;0;0;0;1,54;1,2;2,06;1,79;2,05;2,64;1,19;1,34;0,84;1,52;0,78;1,0;1,0;1,62;0,95;1,09;0,93;1,18;0,96;0,88;1,0
pzu_w.csv;6;7;7;4;0,76;1,6;1,6;1,0;1,0;1,43;1,12;0;0;0;0;0;0;0;0;0;0;1,43;1,11;1,88;1,59;1,65;1,77;1,0;1,22;0,8;1,47;0,78;0,98;1,0;1,59;0,89;1,15;0,93;1,18;0,94;0,87;1,0
pzu_w.csv;6;7;8;4;0,77;1,77;1,77;1,0;1,0;1,5;1,18;0;0;0;0;0;0;0;0;0;0;1,5;1,28;2,16;1,76;1,85;1,83;1,0;1,22;0,77;1,47;0,85;0,96;0,96;1,56;0,96;1,12;1,01;1,17;0,94;0,87;1,0
pzu_w.csv;6;7;9;3;0,74;1,82;1,82;1,0;1,0;1,58;1,15;0;0;0;0;0;0;0;0;0;0;1,58;1,35;2,05;1,86;1,76;1,74;1,0;1,22;0,77;1,43;0,85;0,95;0,91;1,68;0,96;1,08;1,01;1,29;0,85;0,94;1,0
pzu_w.csv;6;8;6;4;0,72;2,45;2,45;1,0;1,0;1,36;1,81;0;0;0;0;0;0;0;0;0;0;1,36;1,0;1,73;1,81;2,06;2,53;1,19;1,34;1,0;1,52;0,74;1,0;0,97;1,48;0,91;1,07;0,98;1,18;0,96;0,88;1,0
pzu_w.csv;6;8;7;4;0,7;1,65;1,65;1,0;1,0;1,3;1,27;0;0;0;0;0;0;0;0;0;0;1,3;0,96;1,63;1,65;1,71;1,69;1,0;1,22;0,96;1,47;0,74;0,97;0,97;1,45;0,85;1,13;1,01;1,18;0,94;0,87;1,0
pzu_w.csv;6;8;8;4;0,73;1,83;1,83;1,0;1,0;1,31;1,4;0;0;0;0;0;0;0;0;0;0;1,31;1,06;1,8;1,82;1,91;1,89;1,0;1,22;0,96;1,47;0,81;0,96;0,93;1,43;0,95;1,12;1,01;1,17;0,94;0,87;1,0
pzu_w.csv;6;8;9;5;0,68;1,96;1,96;1,0;1,0;1,43;1,36;0;0;0;0;0;0;0;0;0;0;1,43;1,17;1,77;1,99;1,89;1,87;1,0;1,22;0,96;1,43;0,81;0,94;0,89;1,6;0,95;1,08;1,01;1,29;0,85;0,94;1,0
pzu_w.csv;6;9;6;4;0,69;2,43;2,43;1,0;1,0;1,34;1,81;0;0;0;0;0;0;0;0;0;0;1,34;0,99;1,71;1,79;2,1;2,58;1,19;1,34;1,0;1,52;0,74;0,96;0,96;1,48;0,97;1,07;0,97;1,14;0,96;0,88;1,0
pzu_w.csv;6;9;7;5;0,67;1,67;1,67;1,0;1,0;1,31;1,27;0;0;0;0;0;0;0;0;0;0;1,31;0,97;1,64;1,66;1,78;1,76;1,0;1,22;0,96;1,47;0,74;0,94;0,96;1,45;0,93;1,13;1,01;1,14;0,94;0,87;1,0
pzu_w.csv;6;9;8;4;0,7;1,66;1,66;1,0;1,0;1,18;1,4;0;0;0;0;0;0;0;0;0;0;1,18;0,96;1,63;1,65;1,78;1,77;1,0;1,22;0,96;1,47;0,81;0,92;0,93;1,43;0,93;1,12;1,01;1,13;0,94;0,87;1,0
pzu_w.csv;6;9;9;5;0,65;1,77;1,77;1,0;1,0;1,3;1,36;0;0;0;0;0;0;0;0;0;0;1,3;1,06;1,6;1,8;1,76;1,74;1,0;1,22;0,96;1,43;0,81;0,91;0,89;1,6;0,93;1,08;1,01;1,26;0,85;0,94;1,0
pzu_w.csv;7;7;7;4;0,75;1,51;1,51;1,0;1,0;1,39;1,09;0;0;0;0;0;0;0;0;0;0;1,39;1,08;1,82;1,7;1,57;1,68;1,0;1,08;0,88;1,47;0,78;0,96;1,0;1,59;0,89;1,13;0,93;1,18;0,94;0,87;1,0
pzu_w.csv;7;7;8;4;0,77;1,76;1,76;1,0;1,0;1,47;1,2;0;0;0;0;0;0;0;0;0;0;1,47;1,26;2,13;1,99;1,84;1,82;1,0;1,08;0,88;1,47;0,85;0,95;0,96;1,56;0,96;1,12;1,01;1,17;0,94;0,87;1,0
pzu_w.csv;7;7;9;3;0,72;1,48;1,48;1,0;1,0;1,27;1,17;0;0;0;0;0;0;0;0;0;0;1,27;1,08;1,64;1,7;1,42;1,41;1,0;1,08;0,88;1,43;0,85;0,93;0,91;1,68;0,85;1,0;1,01;1,29;0,85;0,94;1,0
pzu_w.csv;7;8;7;4;0,69;1,59;1,59;1,0;1,0;1,25;1,27;0;0;0;0;0;0;0;0;0;0;1,25;0,93;1,57;1,58;1,65;1,63;1,0;1,22;0,96;1,47;0,74;0,95;0,97;1,45;0,85;1,12;1,01;1,18;0,94;0,87;1,0
pzu_w.csv;7;8;8;4;0,71;1,79;1,79;1,0;1,0;1,28;1,4;0;0;0;0;0;0;0;0;0;0;1,28;1,04;1,76;1,78;1,87;1,85;1,0;1,22;0,96;1,47;0,81;0,93;0,93;1,43;0,95;1,12;1,01;1,17;0,94;0,87;1,0
pzu_w.csv;7;8;9;5;0,67;1,57;1,57;1,0;1,0;1,15;1,36;0;0;0;0;0;0;0;0;0;0;1,15;0,94;1,42;1,6;1,51;1,5;1,0;1,22;0,96;1,43;0,81;0,92;0,89;1,6;0,84;1,0;1,01;1,29;0,85;0,94;1,0
pzu_w.csv;7;9;7;5;0,66;1,62;1,62;1,0;1,0;1,27;1,27;0;0;0;0;0;0;0;0;0;0;1,27;0,94;1,59;1,61;1,73;1,71;1,0;1,22;0,96;1,47;0,74;0,93;0,96;1,45;0,93;1,12;1,01;1,14;0,94;0,87;1,0
pzu_w.csv;7;9;8;4;0,69;1,63;1,63;1,0;1,0;1,17;1,4;0;0;0;0;0;0;0;0;0;0;1,17;0,95;1,61;1,63;1,76;1,74;1,0;1,22;0,96;1,47;0,81;0,91;0,93;1,43;0,93;1,12;1,01;1,13;0,94;0,87;1,0
pzu_w.csv;7;9;9;5;0,64;1,47;1,47;1,0;1,0;1,08;1,36;0;0;0;0;0;0;0;0;0;0;1,08;0,88;1,33;1,5;1,46;1,45;1,0;1,22;0,96;1,43;0,81;0,89;0,89;1,6;0,84;1,0;1,01;1,26;0,85;0,94;1,0
pzu_w.csv;8;8;8;4;0,71;1,79;1,79;1,0;1,0;1,28;1,4;0;0;0;0;0;0;0;0;0;0;1,28;1,04;1,76;1,78;1,87;1,85;1,0;1,22;0,96;1,47;0,81;0,93;0,93;1,43;0,95;1,12;1,01;1,17;0,94;0,87;1,0
pzu_w.csv;8;8;9;5;0,67;1,57;1,57;1,0;1,0;1,15;1,36;0;0;0;0;0;0;0;0;0;0;1,15;0,94;1,42;1,6;1,51;1,5;1,0;1,22;0,96;1,43;0,81;0,92;0,89;1,6;0,84;1,0;1,01;1,29;0,85;0,94;1,0
pzu_w.csv;8;9;8;4;0,69;1,63;1,63;1,0;1,0;1,17;1,4;0;0;0;0;0;0;0;0;0;0;1,17;0,95;1,61;1,63;1,76;1,74;1,0;1,22;0,96;1,47;0,81;0,91;0,93;1,43;0,93;1,12;1,01;1,13;0,94;0,87;1,0
pzu_w.csv;8;9;9;5;0,64;1,47;1,47;1,0;1,0;1,08;1,36;0;0;0;0;0;0;0;0;0;0;1,08;0,88;1,33;1,5;1,46;1,45;1,0;1,22;0,96;1,43;0,81;0,89;0,89;1,6;0,84;1,0;1,01;1,26;0,85;0,94;1,0
pzu_w.csv;9;9;9;5;0,64;1,42;1,42;1,0;1,0;1,05;1,36;0;0;0;0;0;0;0;0;0;0;1,05;0,85;1,29;1,45;1,41;1,4;1,0;1,22;0,96;1,43;0,81;0,89;0,89;1,6;0,81;1,0;1,01;1,26;0,85;0,94;1,0
