file;ignore;entry_buy;entry_sell;sum;sumXX;sum1990;sum2000;sum2010;sum2020;10y2009;10y2010;10y2011;10y2012;10y2013;10y2014;10y2015;10y2016;10y2017;10y2018;10y2019;10y2020;10y2021;10y2022;10y2023;10y2024;2024;2023;2022;2021;2020;2019;2018;2017;2016;2015;2014;2013;2012;2011;2010;2009;2008;2007;2006;2005;2004;2003;2002;2001;2000;1999;1998;1997;1996;1995;1994;1993;1992
mbk_w.csv;1;1;1;28,21;5,78;4,88;1,9;0,77;3,97;1,9;2,41;3,14;2,36;2,73;2,3;2,01;1,01;1,29;1,21;0,77;0,58;1,1;1,56;2,01;2,48;0,98;1,61;1,25;2,18;0,93;0,91;0,86;1,1;0,89;0,81;0,79;1,25;0,88;1,16;1,22;1,44;0,92;0,86;1,77;0,93;0,94;1,08;1,16;0,89;0,96;0,96;1,08;0,89;1,26;1,01;1,6;2,6;1,0
mbk_w.csv;1;1;2;48,5;7,84;6,19;2,39;0,77;4,26;2,39;3,32;3,77;3,13;3,7;2,9;2,33;1,12;1,5;1,29;0,77;0,56;1,27;1,53;2,09;2,59;0,98;1,73;1,13;2,53;0,89;0,86;0,84;1,16;0,93;0,78;0,79;1,27;0,93;1,11;1,23;1,44;0,98;0,86;1,94;0,97;1,01;1,07;1,12;0,98;0,88;0,99;1,1;0,89;1,27;1,05;1,6;2,99;1,0
mbk_w.csv;1;1;3;69,04;11,41;6,05;3,44;0,93;3,55;3,44;4,0;4,6;3,87;4,61;3,35;2,46;1,19;1,45;1,54;0,93;0,71;1,57;1,75;2,08;2,53;0,96;1,61;1,05;2,48;0,89;0,89;0,99;1,15;0,94;0,75;0,79;1,35;0,94;1,13;1,16;1,48;0,93;0,94;1,94;1,01;1,08;1,13;1,12;0,98;1,0;0,99;1,03;0,88;1,18;1,09;1,8;2,9;1,0
mbk_w.csv;1;1;4;121,19;13,37;9,07;2,94;1,32;3,45;2,94;3,42;4,08;3,67;4,37;3,2;2,49;1,47;1,79;1,9;1,32;0,98;2,51;2,31;2,56;2,99;0,96;1,55;0,94;2,84;0,87;1,02;0,99;1,14;0,96;0,77;0,82;1,39;1,03;1,11;1,16;1,48;0,93;0,94;1,63;0,99;1,12;1,17;1,14;0,93;1,0;0,99;1,17;0,96;1,25;1,09;1,97;3,02;1,0
mbk_w.csv;1;1;5;139,63;10,94;12,77;3,21;1,08;3,17;3,21;3,7;4,21;4,03;4,03;3,25;2,4;1,33;1,57;1,59;1,08;0,77;2,04;1,84;2,25;2,49;0,91;1,63;0,93;2,81;0,82;1,03;0,94;1,12;0,9;0,81;0,82;1,33;1,03;1,06;1,15;1,52;0,93;0,94;1,63;1,09;1,02;1,34;1,07;0,93;1,0;0,99;1,32;0,96;1,27;1,04;1,9;4,04;1,0
mbk_w.csv;1;1;6;65,41;4,92;13,28;2,64;0,81;2,29;2,64;2,6;2,75;2,44;2,91;2,35;1,61;1,5;1,05;1,28;0,81;0,64;1,84;1,46;1,5;1,67;0,91;1,37;0,8;2,8;0,82;1,03;0,91;1,18;0,86;0,77;0,82;1,33;1,0;0,98;1,04;1,61;0,75;1,69;0,93;1,12;1,02;1,12;1,13;0,93;1,06;1,2;1,21;0,87;1,37;1,03;1,9;3,96;1,0
mbk_w.csv;1;1;7;33,91;2,68;12,66;1,93;0,83;1,67;1,93;2,18;2,41;2,11;2,62;1,99;1,47;1,38;0,91;1,18;0,83;0,53;1,34;1,06;1,1;1,3;0,91;1,44;0,78;2,47;0,66;1,03;0,92;1,18;0,86;0,8;0,77;1,39;0,99;0,98;1,03;1,46;0,71;1,79;0,92;1,09;1,02;1,12;1,13;0,89;0,91;1,22;1,21;0,87;1,33;0,99;1,9;3,96;1,0
mbk_w.csv;1;1;8;59,88;3,94;15,19;3,0;0,97;1,35;3,0;3,4;4,13;3,57;4,38;3,41;2,51;2,32;1,17;1,5;0,97;0,55;1,25;0,9;0,74;1,02;1,17;1,13;0,71;2,47;0,59;1,03;0,92;1,17;0,85;0,8;0,86;1,37;0,98;1,1;1,03;1,59;0,71;2,33;0,92;1,09;1,1;1,12;1,13;0,9;0,91;1,22;1,21;0,87;1,63;1,03;1,82;3,91;1,0
mbk_w.csv;1;1;9;42,22;3,54;11,92;3,43;0,89;1,16;3,43;3,58;3,83;3,28;4,2;3,26;2,61;2,12;1,06;1,46;0,89;0,57;1,28;0,93;0,77;0,9;1,0;1,13;0,71;2,47;0,59;0,97;0,96;1,16;0,9;0,8;0,86;1,37;0,97;1,1;0,92;1,59;0,7;2,33;1,1;1,0;1,1;1,07;1,13;1,03;0,88;1,14;0,99;0,87;1,77;0,94;1,82;4,06;1,0
mbk_w.csv;1;2;1;26,46;5,59;4,73;1,85;0,77;3,93;1,85;2,53;3,31;2,62;2,69;2,26;1,91;0,93;1,24;1,18;0,77;0,57;1,19;1,5;1,9;2,36;0,98;1,54;1,17;2,4;0,93;0,93;0,87;1,08;0,86;0,79;0,79;1,22;0,92;1,15;1,26;1,44;0,92;0,81;1,75;0,94;0,94;1,19;1,16;0,88;0,92;0,9;1,08;0,89;1,29;0,99;1,66;2,6;1,0
mbk_w.csv;1;2;2;41,65;7,24;5,75;2,31;0,74;4,21;2,31;3,23;3,62;3,16;3,35;2,63;2,06;0,96;1,35;1,22;0,74;0,56;1,44;1,55;2,06;2,55;0,98;1,66;1,05;2,79;0,89;0,88;0,89;1,14;0,9;0,76;0,79;1,25;0,98;1,08;1,18;1,44;0,98;0,81;1,92;0,97;1,01;1,17;1,12;0,97;0,84;0,93;1,1;0,89;1,27;1,0;1,66;2,99;1,0
mbk_w.csv;1;2;3;59,08;10,88;5,43;3,2;0,97;3,52;3,2;3,9;4,42;3,85;4,07;2,96;2,2;1,08;1,39;1,56;0,97;0,74;1,84;1,85;2,17;2,64;0,96;1,54;0,98;2,73;0,89;0,91;1,05;1,15;0,94;0,73;0,79;1,31;0,98;1,1;1,16;1,48;0,93;0,89;1,92;0,98;1,08;1,24;1,12;0,97;0,95;0,93;1,03;0,88;1,18;1,04;1,8;2,9;1,0
mbk_w.csv;1;2;4;100,1;12,3;8,14;3,08;1,4;2,85;3,08;3,75;4,42;4,23;4,47;3,27;2,51;1,37;1,76;1,98;1,4;1,05;2,52;2,04;2,23;2,6;0,96;1,48;0,88;2,61;0,87;1,05;1,05;1,14;0,96;0,76;0,82;1,35;1,09;1,08;1,16;1,48;0,93;0,89;1,77;0,98;1,12;1,28;1,14;0,92;0,95;0,93;1,17;0,96;1,25;1,04;1,97;3,02;1,0
mbk_w.csv;1;2;5;124,1;10,83;11,46;3,52;1,18;2,61;3,52;4,07;4,55;4,65;4,24;3,41;2,55;1,3;1,63;1,74;1,18;0,84;2,1;1,67;1,95;2,16;0,91;1,56;0,87;2,58;0,82;1,03;0,99;1,12;0,9;0,81;0,82;1,33;1,09;1,03;1,15;1,52;0,93;0,89;1,77;1,08;1,02;1,47;1,07;0,92;1,0;0,94;1,32;0,96;1,27;0,99;1,9;4,04;1,0
mbk_w.csv;1;2;6;66,57;5,58;11,93;3,1;0,92;1,97;3,1;3,05;3,18;3,0;3,27;2,64;1,81;1,56;1,09;1,44;0,92;0,72;1,95;1,36;1,4;1,55;0,91;1,37;0,75;2,57;0,82;1,03;0,98;1,18;0,86;0,77;0,82;1,33;1,07;0,95;1,04;1,61;0,75;1,69;1,0;1,12;1,02;1,22;1,13;0,91;1,06;1,13;1,21;0,87;1,37;0,98;1,9;3,96;1,0
mbk_w.csv;1;2;7;34,24;2,84;12,06;2,26;0,87;1,44;2,26;2,56;2,78;2,63;2,99;2,26;1,68;1,45;0,96;1,24;0,87;0,56;1,33;0,91;0,95;1,12;0,91;1,44;0,73;2,27;0,66;1,03;0,92;1,18;0,86;0,8;0,77;1,39;1,07;0,95;1,03;1,46;0,71;1,79;1,0;1,09;1,02;1,22;1,13;0,87;0,91;1,22;1,21;0,87;1,33;0,95;1,9;3,96;1,0
mbk_w.csv;1;2;8;58,29;4,03;14,48;3,56;0,97;1,16;3,56;4,03;4,91;4,25;4,74;3,69;2,71;2,32;1,17;1,5;0,97;0,55;1,15;0,77;0,64;0,87;1,17;1,13;0,66;2,27;0,59;1,03;0,92;1,17;0,85;0,8;0,86;1,37;0,98;1,1;1,03;1,59;0,71;2,33;1,0;1,09;1,1;1,22;1,13;0,9;0,91;1,22;1,21;0,87;1,55;1,03;1,82;3,91;1,0
mbk_w.csv;1;2;9;44,94;3,96;11,36;4,45;0,89;1,0;4,45;4,66;4,98;4,26;4,76;3,7;2,96;2,12;1,06;1,46;0,89;0,57;1,17;0,8;0,66;0,77;1,0;1,13;0,66;2,27;0,59;0,97;0,96;1,16;0,9;0,8;0,86;1,37;0,97;1,1;0,92;1,59;0,7;2,33;1,25;1,0;1,1;1,22;1,13;1,03;0,88;1,14;0,99;0,87;1,69;0,94;1,82;4,06;1,0
mbk_w.csv;1;3;1;24,52;5,04;4,86;1,96;0,72;3,57;1,96;2,5;3,09;2,47;2,52;2,22;1,87;0,94;1,23;1,17;0,72;0,53;1,06;1,27;1,62;2,0;0,98;1,54;1,1;2,31;0,93;0,89;0,87;1,07;0,86;0,79;0,79;1,21;0,92;1,15;1,27;1,44;0,92;0,81;1,71;0,94;0,9;1,19;1,15;0,93;0,99;0,9;1,08;0,89;1,29;1,01;1,66;2,6;1,0
mbk_w.csv;1;3;2;44,31;7,28;6,09;2,58;0,74;3,82;2,58;3,19;3,37;2,98;3,14;2,57;2,02;0,97;1,33;1,21;0,74;0,55;1,36;1,39;1,85;2,29;0,98;1,66;1,0;2,68;0,89;0,88;0,89;1,12;0,9;0,76;0,79;1,24;0,98;1,08;1,19;1,44;0,98;0,81;1,87;0,97;0,96;1,17;1,11;1,03;0,96;0,93;1,1;0,89;1,27;1,06;1,66;2,99;1,0
mbk_w.csv;1;3;3;64,0;11,14;5,75;3,57;0,98;3,19;3,57;3,92;4,12;3,63;3,83;2,92;2,17;1,09;1,41;1,58;0,98;0,72;1,76;1,68;1,98;2,4;0,96;1,54;0,93;2,62;0,89;0,91;1,05;1,15;0,94;0,73;0,79;1,31;0,98;1,08;1,2;1,48;0,93;0,89;1,87;0,98;1,04;1,24;1,11;1,03;1,09;0,93;1,03;0,88;1,18;1,1;1,8;2,9;1,0
mbk_w.csv;1;3;4;103,47;12,01;8,61;3,28;1,42;2,59;3,28;3,6;4,16;3,99;4,21;3,22;2,48;1,39;1,78;2,0;1,42;1,03;2,42;1,85;2,03;2,36;0,96;1,48;0,84;2,51;0,87;1,05;1,05;1,14;0,96;0,76;0,82;1,35;1,09;1,06;1,2;1,48;0,93;0,89;1,72;0,98;1,07;1,28;1,14;0,92;1,09;0,93;1,17;0,96;1,25;1,1;1,97;3,02;1,0
mbk_w.csv;1;3;5;106,96;9,33;11,46;3,51;1,12;2,37;3,51;3,67;4,04;4,13;3,76;3,17;2,37;1,23;1,55;1,65;1,12;0,83;2,02;1,52;1,77;1,97;0,91;1,56;0,82;2,48;0,82;1,03;0,99;1,12;0,9;0,81;0,82;1,33;1,09;1,01;1,11;1,52;0,93;0,89;1,72;1,08;0,97;1,47;1,07;0,92;1,06;0,94;1,32;0,96;1,27;0,99;1,9;4,04;1,0
mbk_w.csv;1;3;6;57,37;4,81;11,93;3,1;0,87;1,79;3,1;2,76;2,82;2,67;2,91;2,45;1,68;1,48;1,03;1,36;0,87;0,71;1,87;1,23;1,27;1,41;0,91;1,37;0,71;2,47;0,82;1,03;0,98;1,18;0,86;0,77;0,82;1,33;1,07;0,93;1,01;1,61;0,75;1,69;0,98;1,12;0,97;1,22;1,13;0,91;1,13;1,13;1,21;0,87;1,37;0,98;1,9;3,96;1,0
mbk_w.csv;1;3;7;30,22;2,5;12,06;2,31;0,83;1,31;2,31;2,37;2,53;2,39;2,71;2,15;1,59;1,38;0,91;1,18;0,83;0,55;1,28;0,83;0,86;1,01;0,91;1,44;0,69;2,18;0,66;1,03;0,92;1,18;0,86;0,8;0,77;1,39;1,07;0,93;1,0;1,46;0,71;1,79;1,0;1,09;0,97;1,22;1,13;0,87;0,97;1,22;1,21;0,87;1,33;0,95;1,9;3,96;1,0
mbk_w.csv;1;3;8;57,9;4,0;14,48;3,81;0,94;1,12;3,81;3,9;4,75;4,11;4,59;3,57;2,63;2,25;1,13;1,46;0,94;0,55;1,1;0,74;0,61;0,84;1,17;1,13;0,66;2,18;0,59;1,03;0,92;1,17;0,85;0,8;0,86;1,37;0,98;1,1;1,0;1,59;0,71;2,33;1,0;1,09;1,1;1,22;1,13;0,9;0,97;1,22;1,21;0,87;1,55;1,03;1,82;3,91;1,0
mbk_w.csv;1;3;9;41,16;3,62;11,36;4,39;0,86;0,96;4,39;4,41;4,81;4,12;4,6;3,58;2,86;2,05;1,02;1,41;0,86;0,57;1,13;0,77;0,64;0,74;1,0;1,13;0,66;2,18;0,59;0,97;0,96;1,16;0,9;0,8;0,86;1,37;0,97;1,1;0,89;1,59;0,7;2,33;1,25;1,0;1,1;1,22;1,13;1,01;0,89;1,14;0,99;0,87;1,69;0,94;1,82;4,06;1,0
mbk_w.csv;1;4;1;39,13;7,78;5,03;2,52;0,8;3,84;2,52;3,22;4,3;3,73;3,32;2,95;2,36;1,3;1,62;1,62;0,8;0,58;1,17;1,3;2,01;2,38;0,98;1,69;1,1;2,31;0,91;0,88;0,87;1,08;0,93;0,8;0,83;1,1;0,99;1,13;1,27;1,78;0,88;0,86;1,68;1,01;0,93;1,23;1,14;0,85;0,99;0,81;1,08;0,89;1,29;1,01;1,66;2,99;1,0
mbk_w.csv;1;4;2;76,17;10,86;7,02;3,18;0,83;4,12;3,18;3,94;4,5;4,17;3,85;3,18;2,6;1,35;1,77;1,68;0,83;0,6;1,52;1,48;2,39;2,83;0,98;1,82;1,0;2,68;0,87;0,88;0,89;1,13;0,97;0,8;0,83;1,13;1,02;1,07;1,19;1,78;0,94;0,86;1,87;0,98;1,0;1,22;1,1;0,93;0,96;0,93;1,1;0,89;1,27;1,06;1,66;3,45;1,0
mbk_w.csv;1;4;3;127,56;19,26;6,62;4,77;1,15;3,5;4,77;5,23;6,04;5,59;5,33;4,09;2,94;1,6;1,97;2,31;1,15;0,84;2,04;1,86;2,5;3,03;1,0;1,66;0,93;2,62;0,87;0,91;1,05;1,16;1,02;0,77;0,83;1,23;1,02;1,08;1,2;1,83;0,89;0,94;1,87;1,07;1,07;1,29;1,1;0,93;1,09;0,93;1,03;0,88;1,18;1,1;1,8;3,35;1,0
mbk_w.csv;1;4;4;170,52;17,02;10,02;3,83;1,57;2,84;3,83;4,21;5,35;5,44;5,74;4,6;3,23;1,89;2,33;2,74;1,57;1,11;2,62;2,0;2,36;2,74;1,0;1,59;0,84;2,51;0,85;1,05;1,05;1,16;1,01;0,75;0,86;1,35;1,09;1,06;1,2;1,83;0,89;0,94;1,72;1,07;1,07;1,28;1,07;0,84;1,09;0,93;1,17;0,96;1,25;1,1;1,97;3,51;1,0
mbk_w.csv;1;4;5;158,54;11,89;13,34;3,29;1,32;2,74;3,29;3,44;4,16;4,52;4,11;3,7;2,82;1,59;1,92;2,15;1,32;0,95;2,33;1,75;2,2;2,5;1,0;1,68;0,82;2,48;0,8;1,03;0,99;1,14;0,97;0,81;0,88;1,33;1,09;1,01;1,11;1,67;0,89;0,94;1,72;1,06;0,97;1,47;1,01;0,84;1,06;0,94;1,32;0,96;1,27;0,99;1,9;4,7;1,0
mbk_w.csv;1;4;6;92,82;6,69;13,87;3,44;0,94;2,06;3,44;3,07;3,45;3,37;3,68;3,31;2,27;2,16;1,46;1,63;0,94;0,75;1,99;1,31;1,45;1,65;1,0;1,48;0,71;2,47;0,8;1,03;0,95;1,14;0,93;0,77;0,88;1,33;1,07;0,93;1,01;1,78;0,85;1,69;0,98;1,12;0,97;1,22;1,09;0,83;1,13;1,13;1,21;0,87;1,37;0,98;1,9;4,6;1,0
mbk_w.csv;1;4;7;50,01;3,56;14,03;2,76;0,9;1,44;2,76;2,83;3,32;3,25;3,68;3,28;2,43;2,27;1,38;1,51;0,9;0,58;1,36;0,88;0,93;1,08;1,0;1,48;0,69;2,18;0,64;1,03;0,89;1,09;0,93;0,8;0,87;1,39;1,07;0,93;1,0;1,73;0,81;1,79;1,0;1,09;0,97;1,22;1,09;0,8;0,97;1,22;1,21;0,87;1,33;0,95;1,9;4,6;1,0
mbk_w.csv;1;4;8;85,78;5,09;16,84;4,99;0,91;1,12;4,99;5,12;6,22;5,58;6,23;4,84;3,56;3,3;1,53;1,67;0,91;0,53;1,04;0,7;0,58;0,81;1,19;1,13;0,66;2,18;0,58;1,03;0,89;1,08;0,92;0,8;0,86;1,37;0,98;1,1;1,0;1,88;0,81;2,33;1,0;1,09;1,1;1,22;1,09;0,9;0,97;1,22;1,21;0,87;1,55;1,03;1,82;4,55;1,0
mbk_w.csv;1;4;9;56,93;4,04;14,09;5,75;0,75;0,94;5,75;5,78;6,31;5,6;6,25;4,86;3,89;2,79;1,25;1,45;0,75;0,48;0,96;0,65;0,54;0,63;1,0;1,13;0,66;2,18;0,58;0,97;0,93;1,04;0,9;0,8;0,86;1,37;0,97;1,1;0,89;1,88;0,8;2,33;1,25;1,0;1,1;1,22;1,09;1,01;0,89;1,14;0,99;0,87;1,69;0,94;1,82;5,03;1,0
mbk_w.csv;1;5;1;27,54;6,0;4,59;1,51;1,03;3,87;1,51;2,11;2,73;2,58;2,31;2,23;2,23;1,56;2,15;2,15;1,03;0,76;1,55;1,58;2,54;2,77;0,98;1,72;1,1;2,29;0,91;0,85;0,87;1,03;0,99;0,94;0,9;1,06;1,08;1,12;1,24;1,78;0,88;0,75;1,42;0,95;0,93;1,19;1,14;0,87;0,89;0,81;1,08;0,89;1,21;1,01;1,66;2,9;1,0
mbk_w.csv;1;5;2;61,43;9,6;6,4;2,23;0,99;4,36;2,23;3,01;3,65;3,52;3,27;2,94;3,01;1,45;2,12;2,01;0,99;0,74;1,88;1,77;3,11;3,39;0,98;1,93;1,0;2,68;0,87;0,88;0,89;1,09;0,97;0,94;0,9;1,09;1,06;1,05;1,16;1,78;0,94;0,75;2,01;0,92;1,0;1,18;1,1;0,87;0,86;0,93;1,1;0,89;1,2;1,06;1,66;3,34;1,0
mbk_w.csv;1;5;3;103,44;17,13;6,04;3,34;1,39;3,7;3,34;4,09;4,9;4,73;4,44;3,71;3,33;1,69;2,33;2,73;1,39;1,01;2,55;2,23;3,34;3,72;1,0;1,75;0,93;2,62;0,87;0,93;1,05;1,12;1,02;0,9;0,9;1,17;1,06;1,04;1,2;1,83;0,89;0,82;2,01;1,01;1,07;1,25;1,1;0,87;0,97;0,93;1,03;0,88;1,11;1,1;1,8;3,24;1,0
mbk_w.csv;1;5;4;138,56;14,69;9,44;2,68;1,83;3,0;2,68;3,29;4,33;4,51;4,69;3,91;3,44;1,87;2,67;3,14;1,83;1,3;3,18;2,37;3,11;3,47;1,0;1,69;0,84;2,51;0,85;1,06;1,05;1,16;1,01;0,88;0,9;1,29;1,12;1,02;1,2;1,83;0,89;0,82;1,85;1,01;1,07;1,24;1,07;0,78;0,97;0,93;1,17;0,96;1,18;1,1;1,97;3,51;1,0
mbk_w.csv;1;5;5;130,29;10,38;12,56;2,45;1,46;2,9;2,45;2,79;3,5;3,8;3,43;3,09;2,75;1,44;2,02;2,25;1,46;1,05;2,68;2,01;2,69;3,07;1,0;1,77;0,82;2,48;0,8;1,09;0,99;1,14;0,97;0,88;0,88;1,32;1,09;0,97;1,11;1,67;0,89;0,82;1,85;0,99;0,97;1,47;1,01;0,78;0,98;0,94;1,32;0,96;1,19;0,99;1,9;4,7;1,0
mbk_w.csv;1;5;6;106,81;8,18;13,06;3,4;0,99;2,43;3,4;3,3;3,57;3,49;3,77;3,4;2,56;2,26;1,53;1,71;0,99;0,79;2,16;1,43;1,88;2,14;1,0;1,74;0,71;2,47;0,8;1,03;0,95;1,14;0,93;0,84;0,88;1,32;1,07;0,9;1,01;1,78;0,85;1,69;1,05;1,12;0,97;1,22;1,09;0,83;1,04;1,13;1,21;0,87;1,29;0,98;1,9;4,6;1,0
mbk_w.csv;1;5;7;54,0;4,09;13,22;2,53;0,95;1,7;2,53;2,83;3,19;3,12;3,54;3,15;2,56;2,4;1,46;1,6;0,95;0,61;1,49;0,97;1,21;1,4;1,0;1,74;0,69;2,18;0,64;1,03;0,89;1,09;0,93;0,88;0,87;1,39;1,07;0,9;1,0;1,73;0,81;1,79;1,0;1,09;0,97;1,22;1,09;0,8;0,89;1,22;1,21;0,87;1,25;0,95;1,9;4,6;1,0
mbk_w.csv;1;5;8;91,44;5,43;16,84;4,59;0,89;1,32;4,59;5,12;6,22;5,58;6,23;4,84;3,5;3,25;1,51;1,64;0,89;0,52;1,02;0,69;0,68;0,94;1,19;1,34;0,66;2,18;0,58;1,03;0,89;1,08;0,92;0,79;0,86;1,37;0,98;1,1;1,0;1,88;0,81;2,33;1,0;1,09;1,1;1,22;1,09;0,9;0,89;1,22;1,21;0,87;1,55;1,03;1,82;4,55;1,0
mbk_w.csv;1;5;9;60,69;4,31;14,09;5,29;0,74;1,11;5,29;5,31;6,31;5,6;6,25;4,86;3,82;2,74;1,22;1,42;0,74;0,48;0,94;0,64;0,63;0,73;1,0;1,34;0,66;2,18;0,58;0,97;0,93;1,04;0,9;0,79;0,86;1,37;0,97;1,1;0,89;1,88;0,8;2,33;1,25;1,0;1,1;1,22;1,09;0,93;0,89;1,14;0,99;0,87;1,69;0,94;1,82;5,03;1,0
mbk_w.csv;1;6;1;22,59;5,71;3,95;1,82;0,99;3,19;1,82;2,17;2,73;2,41;2,13;2,08;2,03;1,45;1,92;1,91;0,99;0,79;1,42;1,54;2,27;2,47;0,98;1,61;1,1;1,95;0,94;0,92;0,87;1,01;1,01;0,94;0,9;1,09;1,01;1,09;1,18;1,78;0,88;0,77;1,42;0,97;0,92;1,24;1,14;0,87;0,98;0,81;1,11;0,89;1,01;1,03;1,66;2,9;1,0
mbk_w.csv;1;6;2;48,98;9,24;5,3;2,7;0,91;3,78;2,7;3,13;3,69;3,33;2,9;2,6;2,61;1,29;1,8;1,71;0,91;0,74;1,73;1,73;2,92;3,18;0,98;1,81;1,0;2,39;0,9;0,95;0,89;1,07;1,0;0,94;0,9;1,07;0,99;1,02;1,11;1,78;0,94;0,77;2,01;0,94;1,0;1,23;1,1;0,87;0,95;0,93;1,1;0,89;0,99;1,06;1,66;3,34;1,0
mbk_w.csv;1;6;3;77,82;15,55;5,0;3,77;1,29;3,21;3,77;4,18;4,9;4,42;4,06;3,4;2,99;1,52;2,08;2,45;1,29;0,97;2,23;2,08;2,99;3,33;1,0;1,64;0,93;2,35;0,9;0,96;1,05;1,12;1,02;0,9;0,9;1,14;0,99;1,01;1,2;1,83;0,89;0,82;2,01;1,03;1,07;1,25;1,1;0,87;1,08;0,93;1,03;0,88;0,92;1,1;1,8;3,24;1,0
mbk_w.csv;1;6;4;98,38;12,58;7,82;3,03;1,58;2,63;3,03;3,36;4,33;4,51;4,59;3,83;3,3;1,79;2,56;3,01;1,58;1,17;2,63;1,96;2,46;2,75;1,0;1,58;0,84;2,24;0,89;0,96;1,05;1,16;1,01;0,88;0,9;1,26;1,12;1,0;1,2;1,83;0,89;0,82;1,85;1,03;1,07;1,24;1,07;0,78;1,08;0,93;1,17;0,96;0,98;1,1;1,97;3,51;1,0
mbk_w.csv;1;6;5;119,7;9,81;12,2;2,6;1,26;2,99;2,6;2,87;3,53;3,83;3,38;3,04;2,63;1,38;1,93;2,16;1,26;0,97;2,52;1,89;2,51;2,86;1,0;1,71;0,82;2,48;0,86;0,98;0,99;1,14;0,97;0,88;0,88;1,29;1,09;0,95;1,11;1,67;0,89;0,82;1,85;1,02;0,97;1,47;1,01;0,78;1,01;0,94;1,32;0,96;1,16;0,99;1,9;4,7;1,0
mbk_w.csv;1;6;6;91,73;7,23;12,7;3,26;0,85;2,6;3,26;3,25;3,44;3,36;3,56;3,2;2,45;2,17;1,47;1,64;0,85;0,73;2,04;1,34;1,81;2,06;1,0;1,74;0,71;2,47;0,86;0,93;0,95;1,14;0,93;0,84;0,88;1,29;1,07;0,88;1,01;1,78;0,85;1,69;1,05;1,1;0,97;1,22;1,09;0,83;1,01;1,13;1,21;0,87;1,25;0,98;1,9;4,6;1,0
mbk_w.csv;1;6;7;59,05;4,6;12,84;2,42;0,84;2,26;2,42;2,78;3,08;3,01;3,42;3,04;2,51;2,35;1,43;1,57;0,84;0,72;1,79;1,16;1,45;1,68;1,0;1,74;0,69;2,18;0,86;0,93;0,89;1,09;0,93;0,88;0,87;1,39;1,07;0,88;1,0;1,73;0,81;1,79;1,0;1,07;0,97;1,22;1,09;0,8;0,87;1,22;1,21;0,87;1,21;0,95;1,9;4,6;1,0
mbk_w.csv;1;6;8;102,12;6,24;16,37;4,39;0,81;1,76;4,39;5,04;6,13;5,49;6,13;4,77;3,5;3,25;1,51;1,64;0,81;0,62;1,23;0,83;0,81;1,13;1,19;1,34;0,66;2,18;0,77;0,93;0,89;1,08;0,92;0,79;0,86;1,37;0,98;1,1;1,0;1,88;0,81;2,33;1,0;1,07;1,1;1,22;1,09;0,9;0,87;1,22;1,21;0,87;1,51;1,03;1,82;4,55;1,0
mbk_w.csv;1;6;9;68,85;5,03;13,69;5,14;0,66;1,47;5,14;5,31;6,31;5,6;6,25;4,86;3,82;2,74;1,22;1,42;0,66;0,57;1,13;0,77;0,75;0,88;1,0;1,34;0,66;2,18;0,77;0,88;0,93;1,04;0,9;0,79;0,86;1,37;0,97;1,1;0,89;1,88;0,8;2,33;1,25;1,0;1,1;1,22;1,09;0,93;0,86;1,14;0,99;0,87;1,64;0,94;1,82;5,03;1,0
mbk_w.csv;1;7;1;10,84;3,61;3,01;1,46;0,78;3,18;1,46;1,78;2,15;2,12;1,83;1,76;1,61;1,17;1,69;1,47;0,78;0,67;1,23;1,35;2,04;2,22;0,98;1,61;1,12;1,92;0,94;0,92;0,84;1,01;1,01;0,89;0,9;1,07;1,01;1,04;1,1;1,74;0,96;0,7;1,39;0,97;0,93;1,24;1,03;0,87;0,9;0,81;1,11;0,89;1,01;1,02;1,56;2,37;1,0
mbk_w.csv;1;7;2;18,78;4,66;4,03;1,97;0,72;3,31;1,97;2,33;2,64;2,66;2,26;2,01;1,89;0,95;1,45;1,31;0,72;0,62;1,49;1,5;2,31;2,51;0,98;1,61;1,0;2,35;0,9;0,95;0,85;1,07;1,0;0,89;0,9;1,05;0,99;0,98;1,03;1,74;0,94;0,7;1,98;0,94;1,01;1,23;0,99;0,87;0,87;0,93;1,1;0,89;0,99;1,05;1,56;2,73;1,0
mbk_w.csv;1;7;3;33,27;8,26;4,03;2,84;1,03;2,81;2,84;3,21;3,76;3,79;3,41;2,82;2,33;1,2;1,74;1,92;1,03;0,83;1,89;1,77;2,31;2,58;1,0;1,47;0,93;2,31;0,9;0,96;0,98;1,12;1,02;0,85;0,9;1,12;0,99;1,01;1,11;1,79;0,89;0,77;1,98;1,03;1,08;1,25;0,99;0,87;0,99;0,93;1,03;0,88;0,92;1,15;1,69;2,65;1,0
mbk_w.csv;1;7;4;42,06;6,69;6,29;2,28;1,27;2,31;2,28;2,58;3,33;3,87;3,85;3,18;2,58;1,42;2,14;2,36;1,27;1,01;2,23;1,66;1,9;2,12;1,0;1,41;0,84;2,2;0,89;0,96;0,98;1,16;1,01;0,83;0,9;1,23;1,12;1,0;1,11;1,79;0,89;0,77;1,83;1,03;1,08;1,24;0,96;0,78;0,99;0,93;1,17;0,96;0,98;1,15;1,85;2,88;1,0
mbk_w.csv;1;7;5;73,4;5,99;12,25;2,21;1,04;2,62;2,21;2,27;2,79;3,37;2,98;2,59;2,1;1,12;1,65;1,73;1,04;0,86;2,19;1,64;1,94;2,21;1,0;1,53;0,82;2,43;0,86;0,98;0,93;1,14;0,97;0,83;0,88;1,29;1,09;0,95;1,04;1,63;0,89;0,77;1,83;1,02;1,01;1,47;0,9;0,78;1,01;0,94;1,32;0,96;1,16;1,06;1,78;4,7;1,0
mbk_w.csv;1;7;6;60,13;4,72;12,74;2,95;0,7;2,28;2,95;2,74;2,91;3,04;3,21;2,79;2,01;1,8;1,29;1,35;0,7;0,64;1,77;1,17;1,4;1,59;1,0;1,55;0,71;2,42;0,86;0,93;0,9;1,14;0,93;0,79;0,88;1,29;1,07;0,88;0,94;1,78;0,85;1,6;1,04;1,1;1,01;1,22;1,02;0,83;1,01;1,13;1,21;0,87;1,25;1,05;1,78;4,6;1,0
mbk_w.csv;1;7;7;41,31;3,16;13,06;2,32;0,69;1,98;2,32;2,48;2,74;2,86;3,25;2,79;2,16;2,06;1,25;1,29;0,69;0,64;1,55;1,01;1,12;1,3;1,0;1,55;0,69;2,14;0,86;0,93;0,84;1,09;0,93;0,83;0,87;1,39;1,07;0,88;0,93;1,73;0,81;1,79;0,98;1,07;1,01;1,22;1,02;0,8;0,87;1,22;1,21;0,87;1,21;1,03;1,78;4,6;1,0
mbk_w.csv;1;7;8;52,18;3,8;13,72;3,71;0,66;1,54;3,71;3,97;4,83;4,63;5,17;4,38;3,02;2,84;1,32;1,35;0,66;0,55;1,07;0,72;0,63;0,88;1,19;1,19;0,66;2,14;0,77;0,93;0,83;1,08;0,92;0,74;0,86;1,37;0,98;1,1;0,93;1,88;0,81;2,33;0,98;1,07;1,01;1,22;1,02;0,9;0,87;1,22;1,21;0,87;1,35;1,03;1,7;4,55;1,0
mbk_w.csv;1;7;9;38,07;3,32;11,47;4,42;0,58;1,29;4,42;4,26;5,06;4,79;5,35;4,53;3,34;2,4;1,07;1,25;0,58;0,54;1,04;0,71;0,62;0,73;1,0;1,19;0,66;2,14;0,77;0,88;0,93;1,04;0,9;0,74;0,86;1,37;0,97;1,1;0,83;1,88;0,8;2,33;1,25;1,0;1,01;1,22;1,02;0,93;0,86;1,14;0,99;0,87;1,47;0,94;1,7;5,03;1,0
mbk_w.csv;1;8;1;8,23;2,92;2,82;1,38;0,76;2,78;1,38;1,57;1,84;1,81;1,52;1,33;1,22;0,93;1,32;1,25;0,76;0,65;1,23;1,35;1,93;2,1;0,98;1,49;1,12;1,92;0,89;0,92;0,91;1,01;1,01;0,89;0,9;1,04;1,01;1,01;1,05;1,51;0,96;0,71;1,33;0,97;1,03;1,24;1,03;0,86;0,92;0,76;1,11;0,89;1,01;1,02;1,56;2,37;1,0
mbk_w.csv;1;8;2;11,85;3,13;3,79;1,7;0,64;2,9;1,7;1,87;2,06;2,07;1,69;1,56;1,47;0,74;1,12;1,08;0,64;0,58;1,36;1,36;2,02;2,2;0,98;1,49;1,0;2,22;0,9;0,89;0,91;1,06;1,0;0,89;0,9;1,01;0,99;0,95;0,98;1,51;0,94;0,71;1,97;0,94;0,97;1,23;0,99;0,86;0,9;0,88;1,1;0,89;0,99;1,05;1,56;2,73;1,0
mbk_w.csv;1;8;3;19,31;5,1;3,78;2,31;0,9;2,46;2,31;2,46;2,73;2,75;2,38;2,01;1,66;0,86;1,31;1,55;0,9;0,74;1,68;1,57;1,97;2,2;1,0;1,36;0,93;2,18;0,9;0,9;1,05;1,09;1,02;0,85;0,9;1,08;0,99;0,95;1,09;1,55;0,89;0,72;1,97;1,03;1,06;1,25;0,99;0,86;1,03;0,88;1,03;0,88;0,92;1,15;1,69;2,65;1,0
mbk_w.csv;1;8;4;25,1;4,24;5,91;1,86;1,13;2,02;1,86;1,98;2,41;2,8;2,69;2,27;1,84;1,02;1,65;1,95;1,13;0,92;2,03;1,52;1,67;1,86;1,0;1,3;0,84;2,08;0,89;0,9;1,05;1,16;1,01;0,83;0,9;1,19;1,12;0,94;1,09;1,55;0,89;0,72;1,81;1,03;1,06;1,24;0,96;0,77;1,03;0,88;1,17;0,96;0,98;1,15;1,85;2,88;1,0
mbk_w.csv;1;8;5;45,77;3,74;12,25;1,76;0,92;2,29;1,76;1,74;2,02;2,45;2,08;1,84;1,5;0,8;1,28;1,43;0,92;0,78;2,0;1,5;1,7;1,94;1,0;1,41;0,82;2,3;0,86;0,92;1,0;1,14;0,97;0,83;0,88;1,25;1,09;0,9;1,02;1,42;0,89;0,72;1,81;1,02;0,99;1,47;0,9;0,77;1,03;0,94;1,32;0,96;1,16;1,06;1,78;4,7;1,0
mbk_w.csv;1;8;6;40,13;3,15;12,74;2,53;0,63;1,99;2,53;2,25;2,26;2,36;2,4;2,13;1,53;1,38;0,99;1,11;0,63;0,58;1,61;1,06;1,23;1,4;1,0;1,44;0,71;2,29;0,86;0,87;0,96;1,14;0,93;0,79;0,88;1,25;1,07;0,83;0,92;1,55;0,85;1,59;1,03;1,1;0,99;1,22;1,02;0,83;1,03;1,13;1,21;0,87;1,25;1,05;1,78;4,6;1,0
mbk_w.csv;1;8;7;35,55;2,72;13,06;2,3;0,68;1,73;2,3;2,03;2,13;2,22;2,52;2,21;1,71;1,64;1,01;1,18;0,68;0,64;1,57;1,02;1,05;1,22;1,0;1,44;0,69;2,02;0,86;0,87;0,96;1,09;0,93;0,83;0,87;1,39;1,07;0,83;0,91;1,51;0,81;1,77;0,97;1,07;0,99;1,22;1,02;0,79;1,03;1,22;1,21;0,87;1,21;1,03;1,78;4,6;1,0
mbk_w.csv;1;8;8;49,31;3,6;13,72;3,72;0,72;1,35;3,72;3,34;4,1;3,92;4,38;3,78;2,61;2,47;1,15;1,35;0,72;0,59;1,09;0,73;0,64;0,83;1,11;1,19;0,66;2,02;0,77;0,87;0,96;1,08;0,92;0,74;0,86;1,37;0,98;1,1;0,93;1,64;0,81;2,33;0,97;1,07;0,99;1,22;1,02;0,9;1,03;1,22;1,21;0,87;1,35;1,03;1,7;4,55;1,0
mbk_w.csv;1;8;9;35,17;3,07;11,47;4,49;0,56;1,22;4,49;3,63;4,31;4,09;4,56;3,94;2,91;2,09;0,93;1,11;0,56;0,52;0,95;0,65;0,56;0,66;1,0;1,19;0,66;2,02;0,77;0,82;0,96;1,04;0,9;0,74;0,86;1,37;0,97;1,1;0,83;1,64;0,8;2,33;1,25;1,0;0,99;1,22;1,02;0,93;1,03;1,14;0,99;0,87;1,47;0,94;1,7;5,03;1,0
mbk_w.csv;1;9;1;3,69;2,08;1,77;1,15;0,78;2,32;1,15;1,3;1,52;1,5;1,36;1,19;1,12;0,87;1,24;1,15;0,78;0,67;1,27;1,27;1,66;1,81;0,98;1,39;1,01;1,9;0,89;0,93;0,9;1,03;1,01;0,89;0,9;1,06;1,01;0,99;1,05;1,36;0,98;0,73;1,3;0,94;1,03;1,17;1,03;0,85;0,92;0,69;1,02;0,89;0,98;1,02;1,56;1,83;1,0
mbk_w.csv;1;9;2;5,49;2,31;2,37;1,44;0,63;2,54;1,44;1,59;1,74;1,75;1,57;1,44;1,4;0,72;1,01;0,93;0,63;0,58;1,36;1,3;1,74;1,89;0,98;1,39;0,95;2,2;0,9;0,93;0,9;1,01;1,0;0,89;0,9;1,04;0,99;0,93;0,98;1,36;0,98;0,73;1,92;0,91;0,97;1,16;0,99;0,85;0,9;0,8;1,01;0,89;0,97;1,05;1,56;2,11;1,0
mbk_w.csv;1;9;3;7,19;2,94;2,44;1,97;0,69;2,16;1,97;2,09;2,31;2,33;2,03;1,72;1,46;0,78;1,06;1,03;0,69;0,57;1,31;1,16;1,43;1,6;1,0;1,26;0,88;2,16;0,9;0,94;0,9;1,01;1,02;0,85;0,9;1,02;0,99;0,94;1,09;1,4;0,93;0,74;1,92;1,0;1,06;1,17;0,99;0,85;1,03;0,8;0,94;0,88;0,9;1,15;1,69;2,11;1,0
mbk_w.csv;1;9;4;12,41;2,45;5,07;1,58;0,88;1,77;1,58;1,68;2,05;2,38;2,3;1,94;1,62;0,92;1,34;1,3;0,88;0,71;1,58;1,13;1,21;1,35;1,0;1,21;0,8;2,06;0,89;0,94;0,9;1,08;1,01;0,83;0,9;1,13;1,12;0,93;1,09;1,4;0,93;0,74;1,77;1,0;1,06;1,17;0,96;0,76;1,03;0,8;1,08;0,96;0,95;1,15;1,85;3,04;1,0
mbk_w.csv;1;9;5;30,01;2,62;11,45;1,59;0,76;2,16;1,59;1,57;1,82;2,2;1,87;1,66;1,39;0,76;1,09;1,0;0,76;0,64;1,66;1,19;1,34;1,53;1,0;1,41;0,78;2,28;0,86;0,97;0,86;1,06;0,97;0,83;0,88;1,25;1,09;0,88;1,02;1,28;0,93;0,74;1,77;0,99;0,99;1,47;0,9;0,76;1,03;0,85;1,32;0,96;1,13;1,06;1,78;4,96;1,0
mbk_w.csv;1;9;6;35,78;2,94;12,16;2,47;0,55;2,19;2,47;2,2;2,2;2,29;2,34;2,07;1,54;1,42;0,92;0,85;0,55;0,51;1,42;1,04;1,19;1,36;1,0;1,44;0,78;2,27;0,86;0,97;0,82;1,06;0,93;0,79;0,88;1,25;1,07;0,81;0,92;1,51;0,89;1,63;1,01;1,07;0,99;1,22;1,02;0,81;1,03;1,03;1,21;0,87;1,22;1,05;1,78;4,96;1,0
mbk_w.csv;1;9;7;34,83;2,54;13,69;2,25;0,6;1,9;2,25;1,98;2,07;2,16;2,45;2,15;1,72;1,68;0,93;0,9;0,6;0,56;1,38;0,99;1,03;1,18;1,0;1,44;0,77;2,0;0,86;0,97;0,82;1,01;0,93;0,83;0,87;1,39;1,07;0,81;0,91;1,47;0,85;1,82;0,95;1,04;0,99;1,22;1,02;0,78;1,03;1,22;1,21;0,87;1,18;1,03;1,78;4,96;1,0
mbk_w.csv;1;9;8;39,4;2,71;14,53;3,63;0,62;1,2;3,63;3,26;3,98;3,81;4,26;3,68;2,61;2,53;1,09;1,05;0,62;0,51;0,95;0,58;0,5;0,65;1,11;1,19;0,59;2,0;0,77;0,97;0,82;1,0;0,92;0,74;0,86;1,37;0,98;1,08;0,93;1,64;0,85;2,33;0,95;1,04;0,99;1,22;1,02;0,88;1,03;1,22;1,21;0,87;1,31;1,03;1,7;4,96;1,0
mbk_w.csv;1;9;9;27,62;2,51;11,0;4,5;0,52;1,08;4,5;3,64;4,25;4,03;4,5;3,88;2,86;2,06;0,85;0,87;0,52;0,48;0,88;0,54;0,47;0,55;1,0;1,19;0,59;2,0;0,77;0,97;0,82;0,96;0,9;0,74;0,86;1,37;0,97;1,08;0,83;1,64;0,8;2,33;1,25;1,0;0,99;1,22;1,02;0,93;1,03;1,14;0,99;0,87;1,43;0,94;1,7;4,96;1,0
mbk_w.csv;2;2;2;36,2;6,82;5,31;2,24;0,75;4,06;2,24;2,79;3,14;2,78;3,38;2,79;2,28;1,14;1,36;1,23;0,75;0,53;1,34;1,47;1,8;2,23;0,98;1,66;1,08;2,79;0,83;0,88;0,89;1,03;0,9;0,76;0,79;1,35;0,99;1,09;1,19;1,44;0,99;0,86;1,79;0,93;0,96;1,11;1,12;0,97;0,95;0,88;1,1;0,94;1,18;1,0;1,66;2,99;1,0
mbk_w.csv;2;2;3;52,73;10,52;5,01;3,1;0,93;3,64;3,1;3,36;3,84;3,39;3,92;3,01;2,34;1,23;1,35;1,51;0,93;0,66;1,64;1,8;2,04;2,48;0,96;1,54;1,08;2,73;0,83;0,91;1,05;1,04;0,94;0,73;0,79;1,36;0,99;1,1;1,17;1,48;0,94;0,94;1,79;0,94;1,03;1,18;1,12;0,97;1,08;0,88;1,03;0,93;1,09;1,04;1,8;2,9;1,0
mbk_w.csv;2;2;4;89,7;11,94;7,51;2,99;1,36;2,95;2,99;3,24;3,84;3,58;4,32;3,33;2,68;1,56;1,72;1,91;1,36;0,94;2,26;2,07;2,09;2,44;0,96;1,48;0,98;2,61;0,81;1,05;1,05;1,04;0,96;0,76;0,82;1,47;1,06;1,09;1,17;1,48;0,94;0,94;1,65;0,94;1,07;1,22;1,14;0,92;1,08;0,88;1,17;1,02;1,16;1,04;1,97;3,02;1,0
mbk_w.csv;2;2;5;84,68;7,78;10,88;3,16;1,14;2,16;3,16;3,45;3,9;3,87;4,04;3,4;2,72;1,48;1,59;1,68;1,14;0,6;1,5;1,36;1,46;1,62;0,91;1,56;0,96;2,58;0,61;1,03;0,99;1,01;0,9;0,81;0,82;1,45;1,06;1,04;1,16;1,52;0,94;0,94;1,65;1,01;0,98;1,39;1,07;0,92;1,06;0,94;1,32;1,02;1,13;0,99;1,9;4,04;1,0
mbk_w.csv;2;2;6;48,41;4,28;11,32;2,73;0,96;1,63;2,73;2,7;3,06;2,82;3,7;3,24;2,47;2,02;1,44;1,5;0,96;0,56;1,4;1,11;1,05;1,17;0,91;1,37;0,82;2,58;0,61;1,03;0,98;1,07;0,86;0,77;0,82;1,45;1,04;1,04;1,04;1,61;0,94;1,5;1,05;1,01;0,94;1,1;1,13;0,91;1,06;1,13;1,21;0,92;1,22;0,98;1,9;3,96;1,0
mbk_w.csv;2;2;7;42,02;3,67;11,45;2,16;1,04;1,64;2,16;2,45;2,91;2,67;3,66;3,01;2,28;1,88;1,4;1,48;1,04;0,65;1,49;1,16;1,11;1,31;0,91;1,44;0,81;2,39;0,64;1,03;0,95;1,18;0,86;0,8;0,77;1,51;1,04;1,04;1,03;1,46;0,89;1,59;1,05;1,06;0,94;1,1;1,13;0,87;0,91;1,22;1,21;0,92;1,19;0,95;1,9;3,96;1,0
mbk_w.csv;2;2;8;82,11;5,55;14,78;3,34;1,26;1,32;3,34;3,78;5,03;4,6;6,2;5,32;4,0;3,26;1,84;1,94;1,26;0,7;1,39;0,98;0,75;1,02;1,17;1,13;0,73;2,38;0,58;1,03;0,95;1,17;0,85;0,8;0,86;1,48;1,04;1,2;1,03;1,59;0,89;2,07;1,05;1,06;1,0;1,1;1,13;0,9;0,91;1,22;1,21;0,88;1,55;1,03;1,82;3,91;1,0
mbk_w.csv;2;2;9;46,59;4,02;11,6;3,53;1,05;1,08;3,53;3,92;4,67;4,06;5,47;4,69;3,84;2,75;1,54;1,72;1,05;0,66;1,24;0,92;0,71;0,83;1,0;1,13;0,73;2,27;0,58;0,97;0,95;1,16;0,9;0,8;0,86;1,48;0,98;1,2;0,92;1,59;0,85;2,07;1,25;0,98;1,0;1,1;1,13;1,01;0,83;1,14;0,99;0,88;1,69;0,94;1,82;4,06;1,0
mbk_w.csv;2;3;2;37,67;6,71;5,62;2,45;0,74;3,69;2,45;2,88;3,07;2,74;3,32;2,73;2,24;1,15;1,35;1,22;0,74;0,52;1,26;1,31;1,61;2,0;0,98;1,66;1,03;2,68;0,83;0,88;0,89;1,02;0,9;0,76;0,79;1,35;0,99;1,09;1,2;1,44;0,99;0,86;1,75;0,93;0,96;1,11;1,11;1,03;1,02;0,88;1,1;0,94;1,18;1,06;1,66;2,99;1,0
mbk_w.csv;2;3;3;55,89;10,54;5,3;3,39;0,94;3,3;3,39;3,54;3,74;3,35;3,86;2,96;2,31;1,24;1,36;1,52;0,94;0,65;1,57;1,63;1,85;2,25;0,96;1,54;1,03;2,62;0,83;0,91;1,05;1,04;0,94;0,73;0,79;1,36;0,99;1,08;1,2;1,48;0,94;0,94;1,75;0,94;1,03;1,18;1,11;1,03;1,15;0,88;1,03;0,93;1,09;1,1;1,8;2,9;1,0
mbk_w.csv;2;3;4;90,72;11,42;7,95;3,11;1,37;2,68;3,11;3,25;3,78;3,53;4,26;3,29;2,64;1,58;1,73;1,93;1,37;0,93;2,17;1,88;1,9;2,22;0,96;1,48;0,92;2,51;0,81;1,05;1,05;1,04;0,96;0,76;0,82;1,47;1,06;1,07;1,2;1,48;0,94;0,94;1,61;0,94;1,07;1,22;1,14;0,92;1,15;0,88;1,17;1,02;1,16;1,1;1,97;3,02;1,0
mbk_w.csv;2;3;5;71,41;6,56;10,88;3,09;1,08;1,96;3,09;3,26;3,62;3,6;3,75;3,16;2,52;1,4;1,51;1,6;1,08;0,59;1,44;1,23;1,33;1,47;0,91;1,56;0,91;2,48;0,61;1,03;0,99;1,01;0,9;0,81;0,82;1,45;1,06;1,02;1,12;1,52;0,94;0,94;1,61;1,01;0,98;1,39;1,07;0,92;1,06;0,94;1,32;1,02;1,13;0,99;1,9;4,04;1,0
mbk_w.csv;2;3;6;40,82;3,61;11,32;2,67;0,91;1,48;2,67;2,55;2,84;2,61;3,44;3,01;2,29;1,92;1,36;1,43;0,91;0,55;1,34;1,01;0,96;1,06;0,91;1,37;0,78;2,48;0,61;1,03;0,98;1,07;0,86;0,77;0,82;1,45;1,04;1,02;1,01;1,61;0,94;1,5;1,03;1,01;0,94;1,1;1,13;0,91;1,06;1,13;1,21;0,92;1,22;0,98;1,9;3,96;1,0
mbk_w.csv;2;3;7;36,28;3,17;11,45;2,16;0,99;1,49;2,16;2,37;2,76;2,54;3,48;2,86;2,17;1,79;1,33;1,4;0,99;0,64;1,43;1,05;1,01;1,19;0,91;1,44;0,77;2,29;0,64;1,03;0,95;1,18;0,86;0,8;0,77;1,51;1,04;1,02;1,0;1,46;0,89;1,59;1,05;1,06;0,94;1,1;1,13;0,87;0,91;1,22;1,21;0,92;1,19;0,95;1,9;3,96;1,0
mbk_w.csv;2;3;8;76,27;5,16;14,78;3,34;1,22;1,27;3,34;3,66;4,86;4,45;5,99;5,14;3,87;3,15;1,78;1,88;1,22;0,7;1,34;0,94;0,72;0,98;1,17;1,13;0,73;2,28;0,58;1,03;0,95;1,17;0,85;0,8;0,86;1,48;1,04;1,2;1,0;1,59;0,89;2,07;1,05;1,06;1,0;1,1;1,13;0,9;0,91;1,22;1,21;0,88;1,55;1,03;1,82;3,91;1,0
mbk_w.csv;2;3;9;43,28;3,73;11,6;3,53;1,02;1,04;3,53;3,79;4,52;3,92;5,29;4,54;3,71;2,66;1,49;1,66;1,02;0,66;1,19;0,89;0,68;0,79;1,0;1,13;0,73;2,18;0,58;0,97;0,95;1,16;0,9;0,8;0,86;1,48;0,98;1,2;0,89;1,59;0,85;2,07;1,25;0,98;1,0;1,1;1,13;1,01;0,83;1,14;0,99;0,88;1,69;0,94;1,82;4,06;1,0
mbk_w.csv;2;4;2;66,77;10,95;6,1;3,18;0,85;4,05;3,18;3,75;4,31;4,04;3,94;3,14;2,63;1,46;1,92;1,72;0,85;0,59;1,47;1,46;2,36;2,79;0,98;1,82;1,03;2,68;0,83;0,88;0,89;1,13;0,97;0,8;0,83;1,13;1,03;1,07;1,2;1,78;0,99;0,86;1,75;0,96;1,04;1,16;1,1;0,93;1,02;0,88;1,1;0,91;1,16;1,06;1,66;3,45;1,0
mbk_w.csv;2;4;3;114,84;19,95;5,76;4,77;1,13;3,7;4,77;4,97;5,79;5,43;5,22;3,87;2,84;1,66;2,03;2,27;1,13;0,78;1,89;1,88;2,65;3,21;1,0;1,66;1,03;2,62;0,83;0,91;1,05;1,16;1,02;0,77;0,83;1,18;1,03;1,08;1,2;1,83;0,94;0,94;1,75;1,05;1,11;1,22;1,1;0,93;1,15;0,88;1,03;0,9;1,07;1,1;1,8;3,35;1,0
mbk_w.csv;2;4;4;154,13;17,69;8,71;3,83;1,54;3,0;3,83;4,0;5,12;5,07;5,65;4,36;3,14;1,96;2,42;2,7;1,54;1,04;2,44;2,12;2,49;2,9;1,0;1,59;0,92;2,51;0,81;1,05;1,05;1,16;1,01;0,75;0,86;1,35;1,06;1,07;1,2;1,83;0,94;0,94;1,61;1,05;1,11;1,22;1,07;0,84;1,15;0,88;1,17;0,98;1,13;1,1;1,97;3,51;1,0
mbk_w.csv;2;4;5;110,78;9,28;11,93;3,09;1,3;2,31;3,09;3,27;3,98;4,21;4,05;3,43;2,74;1,65;2,0;2,11;1,3;0,71;1,73;1,48;1,85;2,11;1,0;1,68;0,91;2,48;0,61;1,03;0,99;1,14;0,97;0,81;0,88;1,33;1,06;1,02;1,12;1,67;0,94;0,94;1,61;1,01;1,04;1,39;1,01;0,84;1,06;0,94;1,32;0,98;1,11;0,99;1,9;4,7;1,0
mbk_w.csv;2;4;6;62,17;5,01;12,41;2,85;1,01;1,75;2,85;2,72;3,34;3,18;3,86;3,27;2,49;2,26;1,71;1,74;1,01;0,61;1,48;1,11;1,23;1,4;1,0;1,48;0,78;2,48;0,61;1,03;0,95;1,14;0,93;0,77;0,88;1,33;1,04;1,02;1,01;1,78;0,94;1,5;1,03;1,01;1,04;1,1;1,09;0,83;1,06;1,13;1,21;0,88;1,2;0,98;1,9;4,6;1,0
mbk_w.csv;2;4;7;51,23;4,08;12,56;2,47;0,99;1,67;2,47;2,72;3,48;3,32;4,19;3,51;2,66;2,37;1,62;1,66;0,99;0,64;1,43;1,05;1,12;1,29;1,0;1,48;0,77;2,29;0,64;1,03;0,92;1,09;0,93;0,8;0,87;1,39;1,04;1,02;1,0;1,73;0,89;1,59;1,05;1,06;1,04;1,1;1,09;0,8;0,91;1,22;1,21;0,88;1,16;0,95;1,9;4,6;1,0
mbk_w.csv;2;4;8;102,33;5,95;17,2;4,22;1,09;1,3;4,22;4,62;6,13;5,81;7,22;5,61;4,23;3,73;1,94;1,99;1,09;0,63;1,19;0,84;0,7;0,98;1,19;1,13;0,73;2,28;0,58;1,03;0,92;1,08;0,92;0,8;0,86;1,37;1,04;1,2;1,0;1,88;0,89;2,07;1,05;1,06;1,1;1,1;1,09;0,9;0,91;1,22;1,21;0,88;1,55;1,03;1,82;4,55;1,0
mbk_w.csv;2;4;9;54,21;3,77;14,38;4,46;0,81;1,04;4,46;4,78;5,7;5,12;6,37;4,95;4,05;2,91;1,46;1,58;0,81;0,53;0,96;0,71;0,59;0,69;1,0;1,13;0,73;2,18;0,58;0,97;0,92;1,04;0,9;0,8;0,86;1,37;0,98;1,2;0,89;1,88;0,85;2,07;1,25;0,98;1,1;1,1;1,09;1,01;0,83;1,14;0,99;0,88;1,69;0,94;1,82;5,03;1,0
mbk_w.csv;2;5;2;50,97;9,16;5,56;2,3;0,93;4,29;2,3;2,72;3,33;2,97;2,92;2,53;2,64;1,43;2,09;1,88;0,93;0,66;1,67;1,74;3,06;3,33;0,98;1,93;1,03;2,68;0,83;0,88;0,89;1,09;0,97;0,94;0,9;1,09;0,98;1,06;1,17;1,78;0,99;0,75;1,79;0,9;1,04;1,12;1,1;0,87;0,99;0,88;1,1;0,91;1,09;1,06;1,66;3,34;1,0
mbk_w.csv;2;5;3;84,44;16,08;5,25;3,45;1,19;3,91;3,45;3,7;4,46;3,99;3,63;2,92;2,69;1,53;2,1;2,35;1,19;0,82;2,07;2,16;3,53;3,93;1,0;1,75;1,03;2,62;0,83;0,93;1,05;1,12;1,02;0,9;0,9;1,07;0,98;1,04;1,2;1,83;0,94;0,82;1,79;0,98;1,11;1,18;1,1;0,87;1,12;0,88;1,03;0,9;1,01;1,1;1,8;3,24;1,0
mbk_w.csv;2;5;4;124,08;15,13;8,2;2,77;1,72;3,17;2,77;2,98;3,95;3,83;4,2;3,38;3,04;1,86;2,65;2,96;1,72;1,16;2,83;2,51;3,28;3,67;1,0;1,69;0,92;2,51;0,81;1,06;1,05;1,16;1,01;0,88;0,9;1,29;1,04;1,03;1,2;1,83;0,94;0,82;1,65;0,98;1,11;1,17;1,07;0,78;1,12;0,88;1,17;0,98;1,07;1,1;1,97;3,51;1,0
mbk_w.csv;2;5;5;94,27;8,39;11,24;2,39;1,44;2,45;2,39;2,52;3,19;3,37;3,21;2,72;2,54;1,49;2,09;2,21;1,44;0,79;1,99;1,7;2,28;2,59;1,0;1,77;0,91;2,48;0,61;1,09;0,99;1,14;0,97;0,88;0,88;1,32;1,06;0,98;1,12;1,67;0,94;0,82;1,65;0,95;1,04;1,39;1,01;0,78;1,06;0,94;1,32;0,98;1,04;0,99;1,9;4,7;1,0
mbk_w.csv;2;5;6;74,07;6,34;11,69;2,92;1,05;2,06;2,92;2,79;3,29;3,13;3,77;3,19;2,67;2,36;1,79;1,82;1,05;0,64;1,61;1,21;1,59;1,81;1,0;1,74;0,78;2,48;0,61;1,03;0,95;1,14;0,93;0,84;0,88;1,32;1,04;0,98;1,01;1,78;0,94;1,5;1,05;1,01;1,04;1,1;1,09;0,83;1,06;1,13;1,21;0,88;1,13;0,98;1,9;4,6;1,0
mbk_w.csv;2;5;7;57,28;4,84;11,82;2,35;1,04;1,98;2,35;2,59;3,19;3,04;3,84;3,21;2,68;2,5;1,71;1,75;1,04;0,67;1,57;1,16;1,45;1,67;1,0;1,74;0,77;2,29;0,64;1,03;0,92;1,09;0,93;0,88;0,87;1,39;1,04;0,98;1,0;1,73;0,89;1,59;1,0;1,06;1,04;1,1;1,09;0,8;0,91;1,22;1,21;0,88;1,09;0,95;1,9;4,6;1,0
mbk_w.csv;2;5;8;112,94;6,57;17,2;4,01;1,07;1,53;4,01;4,39;5,84;5,53;6,87;5,34;3,95;3,67;1,91;1,95;1,07;0,62;1,17;0,83;0,81;1,13;1,19;1,34;0,73;2,28;0,58;1,03;0,92;1,08;0,92;0,79;0,86;1,37;1,04;1,2;1,0;1,88;0,89;2,07;1,0;1,06;1,1;1,1;1,09;0,9;0,91;1,22;1,21;0,88;1,55;1,03;1,82;4,55;1,0
mbk_w.csv;2;5;9;62,87;4,37;14,38;4,46;0,8;1,23;4,46;4,78;5,7;5,12;6,37;4,95;3,98;2,86;1,43;1,55;0,8;0,52;0,94;0,7;0,68;0,8;1,0;1,34;0,73;2,18;0,58;0,97;0,92;1,04;0,9;0,79;0,86;1,37;0,98;1,2;0,89;1,88;0,85;2,07;1,25;0,98;1,1;1,1;1,09;1,01;0,83;1,14;0,99;0,88;1,69;0,94;1,82;5,03;1,0
mbk_w.csv;2;6;2;39,09;8,66;4,51;2,71;0,85;3,77;2,71;2,9;3,44;2,88;2,64;2,29;2,29;1,28;1,78;1,6;0,85;0,66;1,55;1,73;2,92;3,17;0,98;1,81;1,03;2,39;0,87;0,95;0,89;1,07;1,0;0,94;0,9;1,07;0,92;1,03;1,11;1,78;0,99;0,77;1,79;0,94;1,04;1,17;1,1;0,87;1,04;0,88;1,1;0,91;0,88;1,06;1,66;3,34;1,0
mbk_w.csv;2;6;3;61,09;14,35;4,26;3,78;1,1;3,44;3,78;3,87;4,57;3,82;3,4;2,74;2,41;1,37;1,89;2,1;1,1;0,8;1,83;2,04;3,2;3,57;1,0;1,64;1,03;2,35;0,87;0,96;1,05;1,12;1,02;0,9;0,9;1,05;0,92;1,02;1,2;1,83;0,94;0,82;1,79;1,03;1,11;1,18;1,1;0,87;1,17;0,88;1,03;0,9;0,82;1,1;1,8;3,24;1,0
mbk_w.csv;2;6;4;78,35;11,77;6,65;3,04;1,39;2,78;3,04;3,11;4,04;3,67;3,94;3,17;2,73;1,67;2,38;2,65;1,39;0,99;2,19;2,07;2,6;2,9;1,0;1,58;0,92;2,24;0,85;0,96;1,05;1,16;1,01;0,88;0,9;1,26;0,98;1,01;1,2;1,83;0,94;0,82;1,65;1,03;1,11;1,17;1,07;0,78;1,17;0,88;1,17;0,98;0,86;1,1;1,97;3,51;1,0
mbk_w.csv;2;6;5;94,36;8,83;10,69;2,45;1,16;3,09;2,45;2,66;3,29;3,25;3,03;2,57;2,27;1,34;1,87;1,98;1,16;0,84;2,15;1,96;2,6;2,96;1,0;1,71;0,91;2,48;0,8;0,98;0,99;1,14;0,97;0,88;0,88;1,29;1,0;0,96;1,12;1,67;0,94;0,82;1,65;1,0;1,04;1,39;1,01;0,78;1,03;0,94;1,32;0,98;0,99;0,99;1,9;4,7;1,0
mbk_w.csv;2;6;6;77,78;7,0;11,12;3,04;0,85;2,7;3,04;2,97;3,44;3,06;3,6;3,05;2,39;2,12;1,61;1,63;0,85;0,68;1,75;1,4;1,88;2,14;1,0;1,74;0,78;2,48;0,8;0,93;0,95;1,14;0,93;0,84;0,88;1,29;0,97;0,96;1,01;1,78;0,94;1,5;1,05;1,08;1,04;1,1;1,09;0,83;1,03;1,13;1,21;0,88;1,07;0,98;1,9;4,6;1,0
mbk_w.csv;2;6;7;43,29;3,85;11,25;2,26;0,86;1,98;2,26;2,55;3,08;2,74;3,46;2,9;2,45;2,29;1,57;1,61;0,86;0,56;1,32;1,04;1,31;1,51;1,0;1,74;0,77;2,29;0,64;0,93;0,92;1,09;0,93;0,88;0,87;1,39;0,97;0,96;1,0;1,73;0,89;1,59;1,0;1,04;1,04;1,1;1,09;0,8;0,89;1,22;1,21;0,88;1,04;0,95;1,9;4,6;1,0
mbk_w.csv;2;6;8;89,06;5,33;16,71;3,85;0,9;1,53;3,85;4,32;5,74;5,09;6,33;4,92;3,7;3,43;1,79;1,83;0,9;0,52;0,99;0,75;0,73;1,02;1,19;1,34;0,73;2,28;0,58;0,93;0,92;1,08;0,92;0,79;0,86;1,37;0,97;1,2;1,0;1,88;0,89;2,07;1,0;1,04;1,1;1,1;1,09;0,9;0,89;1,22;1,21;0,88;1,51;1,03;1,82;4,55;1,0
mbk_w.csv;2;6;9;50,36;3,6;13,98;4,35;0,68;1,23;4,35;4,78;5,7;4,79;5,96;4,63;3,73;2,67;1,34;1,45;0,68;0,44;0,79;0,63;0,62;0,72;1,0;1,34;0,73;2,18;0,58;0,88;0,92;1,04;0,9;0,79;0,86;1,37;0,92;1,2;0,89;1,88;0,85;2,07;1,25;0,98;1,1;1,1;1,09;1,01;0,81;1,14;0,99;0,88;1,64;0,94;1,82;5,03;1,0
mbk_w.csv;2;7;2;15,58;4,54;3,43;1,99;0,69;3,3;1,99;2,18;2,48;2,39;2,03;1,86;1,75;0,97;1,47;1,27;0,69;0,58;1,38;1,49;2,3;2,5;0,98;1,61;1,03;2,35;0,87;0,95;0,85;1,07;1,0;0,89;0,9;1,05;0,95;0,99;1,04;1,74;0,99;0,7;1,79;0,94;0,98;1,23;0,99;0,87;0,95;0,88;1,1;0,91;0,88;1,05;1,56;2,73;1,0
mbk_w.csv;2;7;3;27,15;7,92;3,43;2,88;0,91;3,01;2,88;3,0;3,54;3,41;2,8;2,39;1,97;1,12;1,63;1,7;0,91;0,71;1,6;1,73;2,48;2,76;1,0;1,47;1,03;2,31;0,87;0,96;0,98;1,12;1,02;0,85;0,9;1,02;0,95;1,02;1,12;1,79;0,94;0,77;1,79;1,03;1,05;1,25;0,99;0,87;1,07;0,88;1,03;0,9;0,82;1,15;1,69;2,65;1,0
mbk_w.csv;2;7;4;35,28;6,59;5,35;2,31;1,17;2,44;2,31;2,41;3,13;3,31;3,29;2,8;2,26;1,38;2,08;2,18;1,17;0,89;1,94;1,76;2,01;2,25;1,0;1,41;0,92;2,2;0,85;0,96;0,98;1,16;1,01;0,83;0,9;1,23;1,02;1,01;1,12;1,79;0,94;0,77;1,65;1,03;1,05;1,24;0,96;0,78;1,07;0,88;1,17;0,98;0,86;1,15;1,85;2,88;1,0
mbk_w.csv;2;7;5;56,68;5,29;10,72;2,04;0,96;2,71;2,04;2,06;2,55;2,81;2,48;2,22;1,85;1,09;1,6;1,59;0,96;0,74;1,86;1,7;2,01;2,29;1,0;1,53;0,91;2,43;0,8;0,98;0,93;1,14;0,97;0,83;0,88;1,29;1,0;0,96;1,04;1,63;0,94;0,77;1,65;1,0;0,98;1,47;0,9;0,78;1,03;0,94;1,32;0,98;0,99;1,06;1,78;4,7;1,0
mbk_w.csv;2;7;6;52,63;4,72;11,16;2,84;0,7;2,37;2,84;2,59;3,0;2,86;3,02;2,7;1,99;1,76;1,41;1,34;0,7;0,6;1,51;1,21;1,45;1,66;1,0;1,55;0,78;2,43;0,8;0,93;0,9;1,14;0,93;0,79;0,88;1,29;0,97;0,96;0,94;1,78;0,94;1,43;1,05;1,08;0,98;1,22;1,02;0,83;1,03;1,13;1,21;0,88;1,07;1,05;1,78;4,6;1,0
mbk_w.csv;2;7;7;31,26;2,73;11,44;2,23;0,71;1,73;2,23;2,34;2,83;2,69;3,05;2,7;2,15;2,01;1,38;1,32;0,71;0,49;1,15;0,9;1,01;1,17;1,0;1,55;0,77;2,25;0,64;0,93;0,86;1,09;0,93;0,83;0,87;1,39;0,97;0,96;0,93;1,73;0,89;1,59;1,0;1,04;0,98;1,22;1,02;0,8;0,89;1,22;1,21;0,88;1,04;1,03;1,78;4,6;1,0
mbk_w.csv;2;7;8;53,83;3,84;14,0;3,86;0,74;1,35;3,86;4,04;5,36;5,08;5,67;4,59;3,24;3,0;1,56;1,5;0,74;0,46;0,86;0,65;0,56;0,79;1,19;1,19;0,73;2,24;0,58;0,93;0,86;1,08;0,92;0,74;0,86;1,37;0,97;1,2;0,93;1,88;0,89;2,07;1,0;1,04;1,06;1,22;1,02;0,9;0,89;1,22;1,21;0,88;1,35;1,03;1,7;4,55;1,0
mbk_w.csv;2;7;9;30,44;2,6;11,71;4,35;0,56;1,07;4,35;4,46;5,32;4,78;5,34;4,32;3,26;2,34;1,17;1,19;0,56;0,39;0,69;0,55;0,48;0,56;1,0;1,19;0,73;2,14;0,58;0,88;0,86;1,04;0,9;0,74;0,86;1,37;0,92;1,2;0,83;1,88;0,85;2,07;1,25;0,98;1,06;1,22;1,02;1,01;0,81;1,14;0,99;0,88;1,47;0,94;1,7;5,03;1,0
mbk_w.csv;2;8;2;11,21;3,34;3,36;1,68;0,69;2,89;1,68;1,7;1,89;1,93;1,58;1,53;1,44;0,8;1,2;1,11;0,69;0,61;1,41;1,44;2,13;2,32;0,98;1,49;1,03;2,22;0,87;0,94;0,91;1,06;1,0;0,89;0,9;1,01;1,01;0,95;0,98;1,51;0,99;0,71;1,79;0,94;0,92;1,23;0,99;0,86;0,97;0,88;1,1;0,89;0,88;1,05;1,56;2,73;1,0
mbk_w.csv;2;8;3;17,97;5,35;3,36;2,29;0,88;2,64;2,29;2,24;2,51;2,56;2,03;1,81;1,49;0,85;1,29;1,45;0,88;0,7;1,59;1,62;2,23;2,49;1,0;1,36;1,03;2,18;0,87;0,95;1,05;1,09;1,02;0,85;0,9;0,99;1,01;0,96;1,09;1,55;0,94;0,72;1,79;1,03;1,01;1,25;0,99;0,86;1,12;0,88;1,03;0,88;0,82;1,15;1,69;2,65;1,0
mbk_w.csv;2;8;4;22,64;4,32;5,24;1,84;1,1;2,14;1,84;1,8;2,22;2,34;2,25;2,0;1,62;0,99;1,6;1,79;1,1;0,85;1,87;1,7;1,86;2,08;1,0;1,3;0,92;2,08;0,85;0,95;1,05;1,16;1,01;0,83;0,9;1,19;1,02;0,95;1,09;1,55;0,94;0,72;1,65;1,03;1,01;1,24;0,96;0,77;1,12;0,88;1,17;0,96;0,86;1,15;1,85;2,88;1,0
mbk_w.csv;2;8;5;38,0;3,62;10,5;1,7;0,9;2,37;1,7;1,54;1,8;1,99;1,69;1,58;1,32;0,78;1,23;1,31;0,9;0,71;1,8;1,64;1,86;2,12;1,0;1,41;0,91;2,3;0,8;0,97;1,0;1,14;0,97;0,83;0,88;1,25;1,0;0,9;1,02;1,42;0,94;0,72;1,65;1,0;0,94;1,47;0,9;0,77;1,12;0,94;1,32;0,96;0,99;1,06;1,78;4,7;1,0
mbk_w.csv;2;8;6;37,77;3,46;10,93;2,54;0,66;2,07;2,54;2,08;2,27;2,17;2,21;2,07;1,52;1,35;1,09;1,11;0,66;0,57;1,46;1,17;1,35;1,54;1,0;1,44;0,78;2,3;0,8;0,92;0,96;1,14;0,93;0,79;0,88;1,25;0,97;0,9;0,92;1,55;0,94;1,42;1,05;1,08;0,94;1,22;1,02;0,83;1,12;1,13;1,21;0,87;1,07;1,05;1,78;4,6;1,0
mbk_w.csv;2;8;7;28,15;2,51;11,2;2,31;0,72;1,52;2,31;1,87;2,14;2,04;2,32;2,14;1,7;1,59;1,1;1,18;0,72;0,51;1,19;0,94;0,97;1,12;1,0;1,44;0,77;2,13;0,64;0,92;0,96;1,09;0,93;0,83;0,87;1,39;0,97;0,9;0,91;1,51;0,89;1,58;1,0;1,04;0,94;1,22;1,02;0,79;1,12;1,22;1,21;0,87;1,04;1,03;1,78;4,6;1,0
mbk_w.csv;2;8;8;56,75;4,05;14,0;4,22;0,82;1,18;4,22;3,48;4,66;4,41;4,93;3,99;2,82;2,61;1,36;1,45;0,82;0,51;0,89;0,67;0,59;0,76;1,11;1,19;0,73;2,12;0,58;0,92;0,96;1,08;0,92;0,74;0,86;1,37;0,97;1,2;0,93;1,64;0,89;2,07;1,0;1,04;1,06;1,22;1,02;0,9;1,12;1,22;1,21;0,88;1,35;1,03;1,7;4,55;1,0
mbk_w.csv;2;8;9;34,9;2,98;11,71;4,79;0,61;1,02;4,79;3,88;4,63;4,16;4,64;3,76;2,84;2,04;1,02;1,15;0,61;0,42;0,72;0,57;0,5;0,58;1,0;1,19;0,73;2,02;0,58;0,87;0,96;1,04;0,9;0,74;0,86;1,37;0,92;1,2;0,83;1,64;0,85;2,07;1,25;0,98;1,06;1,22;1,02;1,01;1,03;1,14;0,99;0,88;1,47;0,94;1,7;5,03;1,0
mbk_w.csv;2;9;2;4,87;2,23;2,19;1,4;0,63;2,53;1,4;1,42;1,59;1,63;1,45;1,41;1,37;0,76;1,06;0,96;0,63;0,55;1,28;1,24;1,66;1,8;0,98;1,39;0,98;2,2;0,87;0,89;0,9;1,01;1,0;0,89;0,9;1,04;1,01;0,95;0,98;1,36;0,99;0,73;1,79;0,91;0,92;1,16;0,99;0,85;0,97;0,8;1,01;0,89;0,89;1,05;1,56;2,11;1,0
mbk_w.csv;2;9;3;6,85;3,04;2,25;1,91;0,69;2,31;1,91;1,87;2,12;2,16;1,89;1,68;1,43;0,82;1,12;1,07;0,69;0,55;1,23;1,19;1,47;1,63;1,0;1,26;0,98;2,16;0,87;0,9;0,9;1,01;1,02;0,85;0,9;1,02;1,01;0,96;1,09;1,4;0,94;0,74;1,79;1,0;1,01;1,17;0,99;0,85;1,12;0,8;0,94;0,88;0,83;1,15;1,69;2,11;1,0
mbk_w.csv;2;9;4;10,49;2,25;4,67;1,54;0,78;1,87;1,54;1,5;1,87;1,98;1,92;1,7;1,42;0,87;1,27;1,22;0,78;0,61;1,32;1,14;1,22;1,37;1,0;1,21;0,88;2,06;0,85;0,9;0,9;1,08;1,01;0,83;0,9;1,13;1,02;0,95;1,09;1,4;0,94;0,74;1,65;1,0;1,01;1,17;0,96;0,76;1,12;0,8;1,08;0,96;0,87;1,15;1,85;3,04;1,0
mbk_w.csv;2;9;5;23,85;2,26;10,54;1,5;0,67;2,24;1,5;1,36;1,62;1,78;1,52;1,42;1,22;0,72;1,03;0,94;0,67;0,53;1,34;1,16;1,32;1,5;1,0;1,41;0,86;2,28;0,8;0,92;0,86;1,06;0,97;0,83;0,88;1,25;1,0;0,9;1,02;1,28;0,94;0,74;1,65;0,97;0,94;1,47;0,9;0,76;1,12;0,85;1,32;0,96;1,04;1,06;1,78;4,96;1,0
mbk_w.csv;2;9;6;30,51;2,73;11,2;2,43;0,49;2,27;2,43;1,99;2,21;2,1;2,14;2,01;1,52;1,35;0,98;0,86;0,49;0,43;1,08;0,96;1,11;1,26;1,0;1,44;0,86;2,28;0,8;0,87;0,82;1,06;0,93;0,79;0,88;1,25;0,97;0,9;0,92;1,51;0,94;1,45;1,05;1,04;0,94;1,22;1,02;0,81;1,12;1,03;1,21;0,87;1,12;1,05;1,78;4,96;1,0
mbk_w.csv;2;9;7;24,98;1,98;12,61;2,21;0,54;1,66;2,21;1,79;2,08;1,98;2,25;2,08;1,7;1,59;0,99;0,91;0,54;0,38;0,89;0,78;0,8;0,93;1,0;1,44;0,85;2,11;0,64;0,87;0,82;1,01;0,93;0,83;0,87;1,39;0,97;0,9;0,91;1,47;0,89;1,62;1,0;1,01;0,94;1,22;1,02;0,78;1,12;1,22;1,21;0,87;1,09;1,03;1,78;4,96;1,0
mbk_w.csv;2;9;8;38,26;2,58;14,84;4,03;0,61;1,04;4,03;3,33;4,52;4,28;4,78;3,87;2,82;2,61;1,26;1,15;0,61;0,38;0,66;0,45;0,39;0,51;1,11;1,19;0,65;2,1;0,58;0,87;0,82;1,0;0,92;0,74;0,86;1,37;0,97;1,2;0,93;1,64;0,89;2,07;1,0;1,01;1,06;1,22;1,02;0,88;1,12;1,22;1,21;0,88;1,31;1,03;1,7;4,96;1,0
mbk_w.csv;2;9;9;22,26;1,98;11,23;4,79;0,46;0,9;4,79;3,88;4,63;4,16;4,64;3,76;2,84;2,04;0,94;0,91;0,46;0,32;0,53;0,38;0,33;0,39;1,0;1,19;0,65;2,0;0,58;0,82;0,82;0,96;0,9;0,74;0,86;1,37;0,92;1,2;0,83;1,64;0,85;2,07;1,25;0,98;1,06;1,22;1,02;1,01;1,03;1,14;0,99;0,88;1,43;0,94;1,7;4,96;1,0
mbk_w.csv;3;3;3;47,22;8,66;5,45;3,68;0,7;3,34;3,68;3,34;3,31;2,96;3,42;2,62;2,04;1,03;1,03;1,14;0,7;0,63;1,52;1,65;1,74;2,11;0,96;1,43;1,08;2,62;0,86;0,91;1,04;1,04;0,88;0,73;0,79;1,36;0,99;1,08;0,97;1,48;0,94;1,03;1,75;0,94;1,03;1,18;1,11;1,09;1,07;0,88;1,03;0,93;1,09;1,1;1,85;2,9;1,0
mbk_w.csv;3;3;4;82,11;10,05;8,17;3,38;1,1;2,71;3,38;3,06;3,35;3,12;3,77;2,91;2,34;1,31;1,31;1,55;1,1;0,96;2,24;2,04;1,91;2,23;0,96;1,37;0,97;2,51;0,84;1,05;1,11;1,04;0,9;0,76;0,82;1,47;1,06;1,07;0,97;1,48;0,94;1,03;1,61;0,94;1,07;1,22;1,14;0,98;1,07;0,88;1,17;1,02;1,16;1,1;2,03;3,02;1,0
mbk_w.csv;3;3;5;68,38;6,11;11,19;3,35;0,9;2,02;3,35;3,2;3,33;3,31;3,45;2,9;2,32;1,21;1,19;1,33;0,9;0,61;1,49;1,36;1,36;1,51;0,91;1,45;0,97;2,48;0,64;1,03;1,05;1,01;0,84;0,81;0,82;1,45;1,06;1,02;0,94;1,52;0,94;1,03;1,61;1,01;0,98;1,39;1,07;0,98;0,98;0,94;1,32;1,02;1,13;0,99;1,95;4,04;1,0
mbk_w.csv;3;3;6;43,66;3,72;11,75;2,89;0,84;1,52;2,89;2,77;2,9;2,66;3,5;3,07;2,34;1,84;1,19;1,32;0,84;0,57;1,39;1,11;0,98;1,08;0,91;1,27;0,83;2,48;0,64;1,03;1,04;1,07;0,81;0,77;0,82;1,45;1,04;1,02;0,94;1,61;0,94;1,65;1,03;1,01;0,94;1,1;1,13;0,97;0,98;1,13;1,21;0,92;1,22;0,99;1,95;3,96;1,0
mbk_w.csv;3;3;7;52,19;4,33;12,06;2,79;1,07;1,45;2,79;2,64;2,82;2,59;3,54;2,92;2,21;2,01;1,36;1,52;1,07;0,77;1,73;1,38;1,14;1,35;0,91;1,25;0,83;2,29;0,67;1,03;1,0;1,18;0,95;0,8;0,77;1,51;1,04;1,02;0,93;1,46;0,89;1,75;1,05;1,06;0,94;1,1;1,13;0,96;0,98;1,22;1,21;0,92;1,19;0,97;1,95;3,96;1,0
mbk_w.csv;3;3;8;100,35;6,6;15,2;3,95;1,19;1,41;3,95;3,36;4,08;3,73;5,03;4,32;3,25;2,91;1,64;1,84;1,19;0,85;1,62;1,41;0,98;1,27;1,11;1,03;0,9;2,28;0,6;1,03;1,0;1,17;0,94;0,8;0,86;1,48;1,04;1,2;0,84;1,59;0,89;2,07;1,05;1,06;1,0;1,1;1,13;0,99;0,98;1,22;1,21;0,88;1,55;1,03;1,87;3,91;1,0
mbk_w.csv;3;3;9;64,09;6,13;10,46;4,14;1,11;1,33;4,14;4,12;4,24;3,68;4,96;4,26;3,48;2,75;1,54;1,82;1,11;0,8;1,45;1,32;1,01;1,18;1,0;1,13;0,9;2,18;0,6;0,97;1,0;1,16;0,99;0,8;0,86;1,48;0,98;1,2;0,84;1,59;0,85;2,07;1,25;0,98;1,0;1,1;1,13;1,17;0,84;1,14;0,99;0,88;1,69;1,03;1,5;4,06;1,0
mbk_w.csv;3;4;3;92,94;15,69;5,92;5,08;0,83;3,74;5,08;4,6;5,02;4,71;4,53;3,35;2,46;1,35;1,54;1,66;0,83;0,74;1,78;1,86;2,42;2,94;1,0;1,53;1,08;2,62;0,86;0,91;1,01;1,16;0,96;0,77;0,83;1,18;1,03;1,08;0,97;1,83;0,94;1,01;1,75;1,05;1,11;1,22;1,1;0,99;1,07;0,88;1,03;0,9;1,07;1,1;1,85;3,35;1,0
mbk_w.csv;3;4;4;133,64;14,91;8,96;4,08;1,21;3,03;4,08;3,7;4,44;4,4;4,9;3,78;2,72;1,59;1,83;2,11;1,21;1,05;2,46;2,24;2,44;2,84;1,0;1,47;0,97;2,51;0,84;1,05;1,08;1,16;0,95;0,75;0,86;1,35;1,06;1,07;0,97;1,83;0,94;1,01;1,61;1,05;1,11;1,22;1,07;0,89;1,07;0,88;1,17;0,98;1,13;1,1;2,03;3,51;1,0
mbk_w.csv;3;4;5;101,61;8,28;12,27;3,29;1,06;2,38;3,29;3,15;3,59;3,8;3,65;3,09;2,47;1,4;1,57;1,72;1,06;0,72;1,75;1,59;1,85;2,11;1,0;1,55;0,97;2,48;0,64;1,03;1,03;1,14;0,91;0,81;0,88;1,33;1,06;1,02;0,94;1,67;0,94;1,01;1,61;1,01;1,04;1,39;1,01;0,89;0,98;0,94;1,32;0,98;1,11;0,99;1,95;4,7;1,0
mbk_w.csv;3;4;6;63,69;4,95;12,88;3,03;0,91;1,8;3,03;2,9;3,34;3,18;3,85;3,27;2,49;2,11;1,49;1,57;0,91;0,62;1,5;1,2;1,23;1,4;1,0;1,37;0,83;2,48;0,64;1,03;0,99;1,14;0,87;0,77;0,88;1,33;1,04;1,02;0,94;1,78;0,94;1,62;1,03;1,01;1,04;1,1;1,09;0,89;0,98;1,13;1,21;0,88;1,2;0,99;1,95;4,6;1,0
mbk_w.csv;3;4;7;75,63;5,72;13,22;3,14;1,04;1,75;3,14;2,97;3,48;3,31;4,18;3,5;2,66;2,6;1,66;1,76;1,04;0,75;1,69;1,35;1,33;1,53;1,0;1,37;0,83;2,29;0,67;1,03;0,95;1,09;1,03;0,8;0,87;1,39;1,04;1,02;0,93;1,73;0,89;1,71;1,05;1,06;1,04;1,1;1,09;0,87;0,98;1,22;1,21;0,88;1,16;0,97;1,95;4,6;1,0
mbk_w.csv;3;4;8;138,15;7,81;17,69;4,88;1,04;1,54;4,88;4,15;5,04;4,78;5,94;4,62;3,48;3,38;1,8;1,9;1,04;0,74;1,42;1,23;1,02;1,32;1,11;1,13;0,9;2,28;0,6;1,03;0,95;1,08;1,02;0,8;0,86;1,37;1,04;1,2;0,84;1,88;0,89;2,03;1,05;1,06;1,1;1,1;1,09;0,99;0,98;1,22;1,21;0,88;1,55;1,03;1,87;4,55;1,0
mbk_w.csv;3;4;9;76,9;5,93;12,97;5,11;0,87;1,33;5,11;5,1;5,25;4,71;5,86;4,56;3,73;2,94;1,51;1,69;0,87;0,62;1,13;1,04;0,86;1,01;1,0;1,13;0,9;2,18;0,6;0,97;0,95;1,04;0,99;0,8;0,86;1,37;0,98;1,2;0,84;1,88;0,85;2,03;1,25;0,98;1,1;1,1;1,09;1,17;0,84;1,14;0,99;0,88;1,69;1,03;1,5;5,03;1,0
mbk_w.csv;3;5;3;77,34;13,08;5,91;3,68;0,9;3,96;3,68;3,43;3,87;3,46;3,25;2,62;2,41;1,29;1,65;1,77;0,9;0,8;2,02;2,2;3,23;3,6;1,0;1,62;1,08;2,62;0,86;0,93;1,01;1,12;0,96;0,9;0,9;1,11;0,98;1,04;0,97;1,83;0,94;0,88;1,79;0,98;1,11;1,18;1,1;0,92;1,04;0,88;1,03;0,9;1,01;1,1;2,03;3,24;1,0
mbk_w.csv;3;5;4;121,75;13,17;9,24;2,95;1,39;3,21;2,95;2,75;3,42;3,32;3,77;3,03;2,73;1,56;2,07;2,4;1,39;1,21;2,95;2,75;3,22;3,6;1,0;1,56;0,97;2,51;0,84;1,06;1,08;1,16;0,95;0,88;0,9;1,33;1,04;1,03;0,97;1,83;0,94;0,88;1,65;0,98;1,11;1,17;1,07;0,83;1,04;0,88;1,17;0,98;1,07;1,1;2,22;3,51;1,0
mbk_w.csv;3;5;5;94,7;7,48;12,66;2,54;1,17;2,52;2,54;2,43;2,87;3,04;2,89;2,45;2,29;1,26;1,65;1,8;1,17;0,8;2,01;1,83;2,27;2,59;1,0;1,64;0,97;2,48;0,64;1,09;1,03;1,14;0,91;0,88;0,88;1,32;1,06;0,98;0,94;1,67;0,94;0,88;1,65;0,95;1,04;1,39;1,01;0,83;0,98;0,94;1,32;0,98;1,04;0,99;2,14;4,7;1,0
mbk_w.csv;3;5;6;83,11;6,26;13,28;3,1;0,95;2,12;3,1;2,97;3,29;3,13;3,76;3,19;2,67;2,21;1,56;1,64;0,95;0,65;1,63;1,3;1,59;1,81;1,0;1,61;0,83;2,48;0,64;1,03;0,99;1,14;0,87;0,84;0,88;1,32;1,04;0,98;0,94;1,78;0,94;1,62;1,05;1,01;1,04;1,1;1,09;0,89;0,98;1,13;1,21;0,88;1,13;0,99;2,14;4,6;1,0
mbk_w.csv;3;5;7;92,61;6,79;13,64;2,99;1,1;2,06;2,99;2,83;3,19;3,03;3,83;3,21;2,67;2,75;1,75;1,86;1,1;0,8;1,86;1,48;1,72;1,99;1,0;1,61;0,83;2,29;0,67;1,03;0,95;1,09;1,03;0,88;0,87;1,39;1,04;0,98;0,93;1,73;0,89;1,71;1,0;1,06;1,04;1,1;1,09;0,87;0,98;1,22;1,21;0,88;1,09;0,97;2,14;4,6;1,0
mbk_w.csv;3;5;8;167,0;8,62;19,37;4,64;1,02;1,82;4,64;3,95;4,8;4,55;5,65;4,4;3,25;3,32;1,76;1,87;1,02;0,73;1,39;1,21;1,18;1,53;1,11;1,34;0,9;2,28;0,6;1,03;0,95;1,08;1,02;0,79;0,86;1,37;1,04;1,2;0,84;1,88;0,89;2,03;1,0;1,06;1,1;1,1;1,09;0,99;0,98;1,22;1,21;0,88;1,55;1,03;2,05;4,55;1,0
mbk_w.csv;3;5;9;121,96;6,87;17,74;5,11;0,86;1,57;5,11;5,1;5,25;4,71;5,86;4,56;3,66;2,89;1,48;1,66;0,86;0,61;1,11;1,02;1,0;1,17;1,0;1,34;0,9;2,18;0,6;0,97;0,95;1,04;0,99;0,79;0,86;1,37;0,98;1,2;0,84;1,88;0,85;2,03;1,25;0,98;1,1;1,1;1,09;1,17;0,84;1,14;0,99;0,88;1,69;1,03;2,05;5,03;1,0
mbk_w.csv;3;6;3;52,97;11,04;4,8;3,7;0,86;3,47;3,7;3,33;3,69;3,09;2,74;2,21;1,94;1,11;1,52;1,64;0,86;0,8;1,84;2,15;3,13;3,49;1,0;1,52;1,08;2,35;0,9;0,96;1,01;1,12;1,02;0,9;0,9;1,05;0,92;1,02;0,97;1,83;0,94;0,82;1,79;1,03;1,11;1,18;1,1;0,92;1,07;0,88;1,03;0,9;0,82;1,1;2,03;3,24;1,0
mbk_w.csv;3;6;4;72,77;9,71;7,5;2,97;1,16;2,81;2,97;2,68;3,26;2,96;3,18;2,56;2,2;1,35;1,92;2,22;1,16;1,06;2,36;2,34;2,72;3,04;1,0;1,46;0,97;2,24;0,88;0,96;1,08;1,16;1,01;0,88;0,9;1,26;0,98;1,01;0,97;1,83;0,94;0,82;1,65;1,03;1,11;1,17;1,07;0,83;1,07;0,88;1,17;0,98;0,86;1,1;2,22;3,51;1,0
mbk_w.csv;3;6;5;92,72;7,7;12,04;2,4;1,01;3,18;2,4;2,38;2,76;2,73;2,54;2,16;1,91;1,12;1,57;1,72;1,01;0,9;2,32;2,26;2,76;3,15;1,0;1,59;0,97;2,48;0,84;0,98;1,03;1,14;0,97;0,88;0,88;1,29;1,0;0,96;0,94;1,67;0,94;0,82;1,65;1,0;1,04;1,39;1,01;0,83;0,94;0,94;1,32;0,98;0,99;0,99;2,14;4,7;1,0
mbk_w.csv;3;6;6;85,36;6,76;12,63;2,97;0,82;2,78;2,97;2,95;3,2;2,85;3,35;2,84;2,23;1,97;1,5;1,57;0,82;0,73;1,88;1,61;2,0;2,28;1,0;1,61;0,83;2,48;0,84;0,93;0,99;1,14;0,93;0,84;0,88;1,29;0,97;0,96;0,94;1,78;0,94;1,5;1,05;1,08;1,04;1,1;1,09;0,89;0,94;1,13;1,21;0,88;1,07;0,99;2,14;4,6;1,0
mbk_w.csv;3;6;7;58,33;4,5;12,97;2,63;0,83;2,06;2,63;2,59;2,86;2,55;3,22;2,69;2,28;2,13;1,46;1,55;0,83;0,6;1,43;1,22;1,41;1,63;1,0;1,61;0,83;2,29;0,67;0,93;0,95;1,09;0,93;0,88;0,87;1,39;0,97;0,96;0,93;1,73;0,89;1,59;1,0;1,04;1,04;1,1;1,09;0,87;0,94;1,22;1,21;0,88;1,04;0,97;2,14;4,6;1,0
mbk_w.csv;3;6;8;109,75;5,83;18,82;4,09;0,78;1,82;4,09;3,62;4,4;3,9;4,84;3,77;2,83;2,63;1,5;1,59;0,78;0,56;1,07;0,99;0,97;1,25;1,11;1,34;0,9;2,28;0,6;0,93;0,95;1,08;0,92;0,79;0,86;1,37;0,97;1,2;0,84;1,88;0,89;1,89;1,0;1,04;1,1;1,1;1,09;0,99;0,94;1,22;1,21;0,88;1,51;1,03;2,05;4,55;1,0
mbk_w.csv;3;6;9;83,43;4,84;17,24;4,69;0,66;1,57;4,69;4,74;4,88;4,1;5,1;3,97;3,19;2,29;1,26;1,41;0,66;0,47;0,85;0,84;0,82;0,96;1,0;1,34;0,9;2,18;0,6;0,88;0,95;1,04;0,9;0,79;0,86;1,37;0,92;1,2;0,84;1,88;0,85;1,89;1,25;0,98;1,1;1,1;1,09;1,17;0,83;1,14;0,99;0,88;1,64;1,03;2,05;5,03;1,0
mbk_w.csv;3;7;3;29,19;7,56;3,86;3,07;0,81;3,04;3,07;2,77;3,06;2,95;2,48;2,11;1,75;0,99;1,44;1,51;0,81;0,76;1,71;1,93;2,5;2,79;1,0;1,36;1,08;2,31;0,9;0,96;0,98;1,12;1,02;0,85;0,9;1,05;0,95;1,02;0,97;1,79;0,94;0,77;1,79;1,03;1,05;1,25;0,99;0,92;1,07;0,88;1,03;0,9;0,82;1,15;1,9;2,65;1,0
mbk_w.csv;3;7;4;37,92;6,29;6,03;2,46;1,03;2,47;2,46;2,22;2,71;2,87;2,92;2,48;2,0;1,22;1,84;1,93;1,03;0,95;2,06;1,96;2,03;2,27;1,0;1,3;0,97;2,2;0,88;0,96;0,98;1,16;1,01;0,83;0,9;1,26;1,02;1,01;0,97;1,79;0,94;0,77;1,65;1,03;1,05;1,24;0,96;0,83;1,07;0,88;1,17;0,98;0,86;1,15;2,08;2,88;1,0
mbk_w.csv;3;7;5;63,04;5,22;12,08;2,17;0,86;2,79;2,17;1,98;2,29;2,53;2,23;2,0;1,66;0,98;1,44;1,43;0,86;0,77;1,94;1,89;2,06;2,35;1,0;1,41;0,97;2,43;0,84;0,98;0,93;1,14;0,97;0,83;0,88;1,29;1,0;0,96;0,94;1,63;0,94;0,77;1,65;1,0;0,98;1,47;0,9;0,83;1,03;0,94;1,32;0,98;0,99;1,06;2,01;4,7;1,0
mbk_w.csv;3;7;6;65,38;5,16;12,68;3,03;0,7;2,43;3,03;2,76;2,99;2,85;3,01;2,69;1,98;1,76;1,4;1,34;0,7;0,62;1,58;1,35;1,49;1,7;1,0;1,44;0,83;2,43;0,84;0,93;0,9;1,14;0,93;0,79;0,88;1,29;0,97;0,96;0,94;1,78;0,94;1,43;1,05;1,08;0,98;1,22;1,02;0,89;1,03;1,13;1,21;0,88;1,07;1,06;2,01;4,6;1,0
mbk_w.csv;3;7;7;47,68;3,61;13,19;2,83;0,71;1,81;2,83;2,55;2,82;2,68;3,04;2,69;2,14;2,0;1,37;1,32;0,71;0,51;1,19;1,02;1,05;1,22;1,0;1,44;0,83;2,25;0,67;0,93;0,86;1,09;0,93;0,83;0,87;1,39;0,97;0,96;0,93;1,73;0,89;1,59;1,0;1,04;0,98;1,22;1,02;0,87;1,03;1,22;1,21;0,88;1,04;1,05;2,01;4,6;1,0
mbk_w.csv;3;7;8;75,09;4,76;15,78;4,47;0,67;1,6;4,47;3,63;4,4;4,17;4,66;3,77;2,66;2,47;1,41;1,35;0,67;0,48;0,89;0,83;0,72;0,94;1,11;1,19;0,9;2,24;0,6;0,93;0,86;1,08;0,92;0,74;0,86;1,37;0,97;1,2;0,84;1,88;0,89;1,89;1,0;1,04;1,06;1,22;1,02;0,99;1,03;1,22;1,21;0,88;1,35;1,03;1,92;4,55;1,0
mbk_w.csv;3;7;9;51,18;3,54;14,45;4,6;0,56;1,38;4,6;4,75;4,89;4,39;4,9;3,97;3,0;2,15;1,18;1,2;0,56;0,4;0,72;0,7;0,61;0,71;1,0;1,19;0,9;2,14;0,6;0,88;0,86;1,04;0,9;0,74;0,86;1,37;0,92;1,2;0,84;1,88;0,85;1,89;1,25;0,98;1,06;1,22;1,02;1,17;0,81;1,14;0,99;0,88;1,47;1,03;1,92;5,03;1,0
mbk_w.csv;3;8;3;20,46;5,41;3,78;2,45;0,78;2,82;2,45;2,07;2,17;2,22;1,8;1,6;1,32;0,75;1,14;1,28;0,78;0,73;1,66;1,78;2,39;2,66;1,0;1,36;1,08;2,18;0,89;0,95;1,05;1,09;1,02;0,85;0,9;1,01;1,01;0,96;0,95;1,55;0,94;0,72;1,79;1,03;1,01;1,25;0,99;0,92;1,12;0,88;1,03;0,88;0,82;1,15;1,9;2,65;1,0
mbk_w.csv;3;8;4;25,77;4,36;5,91;1,97;0,97;2,29;1,97;1,66;1,92;2,03;1,99;1,77;1,43;0,87;1,42;1,59;0,97;0,89;1,95;1,86;1,99;2,23;1,0;1,3;0,97;2,08;0,87;0,95;1,05;1,16;1,01;0,83;0,9;1,21;1,02;0,95;0,95;1,55;0,94;0,72;1,65;1,03;1,01;1,24;0,96;0,82;1,12;0,88;1,17;0,96;0,86;1,15;2,08;2,88;1,0
mbk_w.csv;3;8;5;44,77;3,78;11,83;1,81;0,81;2,59;1,81;1,48;1,62;1,79;1,52;1,43;1,19;0,7;1,11;1,18;0,81;0,72;1,84;1,79;2,03;2,31;1,0;1,41;0,97;2,3;0,82;0,97;1,0;1,14;0,97;0,83;0,88;1,25;1,0;0,9;0,92;1,42;0,94;0,72;1,65;1,0;0,94;1,47;0,9;0,82;1,12;0,94;1,32;0,96;0,99;1,06;2,01;4,7;1,0
mbk_w.csv;3;8;6;49,7;4,0;12,42;2,71;0,65;2,26;2,71;2,21;2,27;2,16;2,2;2,06;1,52;1,34;1,08;1,1;0,65;0,59;1,49;1,27;1,47;1,67;1,0;1,44;0,83;2,3;0,82;0,92;0,96;1,14;0,93;0,79;0,88;1,25;0,97;0,9;0,92;1,55;0,94;1,42;1,05;1,08;0,94;1,22;1,02;0,88;1,12;1,13;1,21;0,87;1,07;1,06;2,01;4,6;1,0
mbk_w.csv;3;8;7;39,15;3,03;12,92;2,53;0,71;1,68;2,53;2,04;2,14;2,03;2,31;2,14;1,7;1,59;1,1;1,17;0,71;0,52;1,22;1,04;1,08;1,24;1,0;1,44;0,83;2,13;0,66;0,92;0,96;1,09;0,93;0,83;0,87;1,39;0,97;0,9;0,91;1,51;0,89;1,58;1,0;1,04;0,94;1,22;1,02;0,86;1,12;1,22;1,21;0,87;1,04;1,05;2,01;4,6;1,0
mbk_w.csv;3;8;8;72,19;4,58;15,78;4,21;0,73;1,48;4,21;3,13;3,83;3,63;4,05;3,28;2,31;2,15;1,22;1,31;0,73;0,52;0,91;0,85;0,74;0,96;1,11;1,19;0,9;2,12;0,59;0,92;0,96;1,08;0,92;0,74;0,86;1,37;0,97;1,2;0,84;1,64;0,89;1,89;1,0;1,04;1,06;1,22;1,02;0,98;1,12;1,22;1,21;0,88;1,35;1,03;1,92;4,55;1,0
mbk_w.csv;3;8;9;57,56;3,98;14,45;5,07;0,62;1,28;5,07;4,13;4,25;3,82;4,26;3,45;2,61;1,87;1,03;1,16;0,62;0,43;0,73;0,71;0,62;0,73;1,0;1,19;0,9;2,02;0,59;0,87;0,96;1,04;0,9;0,74;0,86;1,37;0,92;1,2;0,84;1,64;0,85;1,89;1,25;0,98;1,06;1,22;1,02;1,17;1,03;1,14;0,99;0,88;1,47;1,03;1,92;5,03;1,0
mbk_w.csv;3;9;3;8,03;3,17;2,54;1,92;0,67;2,47;1,92;1,62;1,73;1,76;1,48;1,32;1,12;0,64;0,93;1,04;0,67;0,63;1,41;1,43;1,82;2,03;1,0;1,26;1,02;2,16;0,89;0,9;1,05;1,01;1,02;0,85;0,9;0,99;1,01;0,96;0,95;1,4;0,94;0,69;1,79;1,0;1,01;1,17;0,99;0,9;1,12;0,8;0,94;0,88;0,83;1,15;1,9;2,11;1,0
mbk_w.csv;3;9;4;13,43;2,55;5,26;1,54;0,83;2,0;1,54;1,3;1,53;1,61;1,64;1,46;1,22;0,74;1,16;1,29;0,83;0,76;1,65;1,49;1,52;1,7;1,0;1,21;0,92;2,06;0,87;0,9;1,05;1,08;1,01;0,83;0,9;1,19;1,02;0,95;0,95;1,4;0,94;0,69;1,65;1,0;1,01;1,17;0,96;0,81;1,12;0,8;1,08;0,96;0,87;1,15;2,08;3,04;1,0
mbk_w.csv;3;9;5;30,69;2,58;11,88;1,51;0,7;2,44;1,51;1,23;1,37;1,51;1,28;1,2;1,03;0,61;0,93;0,98;0,7;0,63;1,58;1,47;1,66;1,9;1,0;1,41;0,92;2,28;0,82;0,92;0,99;1,06;0,97;0,83;0,88;1,25;1,0;0,9;0,92;1,28;0,94;0,69;1,65;0,97;0,94;1,47;0,9;0,81;1,12;0,85;1,32;0,96;1,04;1,06;2,01;4,96;1,0
mbk_w.csv;3;9;6;43,84;3,45;12,72;2,44;0,57;2,48;2,44;1,99;2,07;1,97;2,01;1,88;1,43;1,26;0,98;0,99;0,57;0,51;1,29;1,22;1,4;1,6;1,0;1,44;0,92;2,28;0,82;0,87;0,95;1,06;0,93;0,79;0,88;1,25;0,97;0,9;0,92;1,51;0,94;1,37;1,05;1,04;0,94;1,22;1,02;0,87;1,12;1,03;1,21;0,87;1,12;1,06;2,01;4,96;1,0
mbk_w.csv;3;9;7;37,94;2,61;14,55;2,28;0,62;1,84;2,28;1,84;1,95;1,86;2,11;1,95;1,6;1,49;0,99;1,05;0,62;0,45;1,05;1,0;1,03;1,19;1,0;1,44;0,92;2,11;0,66;0,87;0,95;1,01;0,93;0,83;0,87;1,39;0,97;0,9;0,91;1,47;0,89;1,52;1,0;1,01;0,94;1,22;1,02;0,85;1,12;1,22;1,21;0,87;1,09;1,05;2,01;4,96;1,0
mbk_w.csv;3;9;8;56,53;3,38;16,72;4,03;0,64;1,31;4,03;2,99;3,71;3,52;3,93;3,18;2,31;2,15;1,13;1,21;0,64;0,45;0,79;0,65;0,57;0,74;1,11;1,19;0,8;2,1;0,59;0,87;0,95;1,0;0,92;0,74;0,86;1,37;0,97;1,2;0,84;1,64;0,89;1,89;1,0;1,01;1,06;1,22;1,02;0,97;1,12;1,22;1,21;0,88;1,31;1,03;1,92;4,96;1,0
mbk_w.csv;3;9;9;42,64;3,08;13,85;5,07;0,54;1,13;5,07;4,13;4,25;3,82;4,26;3,45;2,61;1,87;0,95;1,07;0,54;0,38;0,63;0,55;0,48;0,56;1,0;1,19;0,8;2,0;0,59;0,82;0,95;0,96;0,9;0,74;0,86;1,37;0,92;1,2;0,84;1,64;0,85;1,89;1,25;0,98;1,06;1,22;1,02;1,17;1,03;1,14;0,99;0,88;1,43;1,03;1,92;4,96;1,0
mbk_w.csv;4;4;4;90,29;10,73;8,41;3,57;1,27;2,37;3,57;3,71;4,55;4,39;4,87;4,17;2,84;1,58;1,92;2,22;1,27;1,11;2,07;1,94;2,06;2,27;1,0;1,44;0,97;2,01;0,84;1,05;1,08;1,23;0,9;0,76;0,91;1,35;1,04;1,07;0,97;1,83;0,94;1,01;1,61;1,12;1,06;1,22;1,07;0,87;0,93;0,88;1,1;0,98;1,13;1,1;2,03;3,51;1,0
mbk_w.csv;4;4;5;62,79;5,45;11,52;2,98;0,98;1,86;2,98;3,12;3,64;3,95;3,8;3,31;2,36;1,23;1,46;1,6;0,98;0,67;1,3;1,15;1,31;1,54;1,0;1,52;0,97;1,98;0,64;1,03;1,03;1,21;0,84;0,77;0,85;1,33;1,09;1,02;0,94;1,67;0,94;1,01;1,61;1,08;0,98;1,39;1,01;0,87;0,9;0,94;1,24;0,98;1,11;0,99;1,95;4,7;1,0
mbk_w.csv;4;4;6;51,29;4,24;12,09;2,95;0,92;1,57;2,95;3,09;3,63;3,55;3,85;3,5;2,38;1,86;1,45;1,59;0,92;0,62;1,21;0,94;1,05;1,24;1,0;1,49;0,83;1,98;0,64;1,03;1,03;1,26;0,8;0,74;0,85;1,33;1,07;1,02;0,94;1,78;0,94;1,62;1,03;1,08;0,94;1,23;1,09;0,87;0,9;1,13;1,14;0,88;1,2;0,99;1,95;4,6;1,0
mbk_w.csv;4;4;7;46,37;3,81;12,17;2,43;1,03;1,53;2,43;2,52;3,01;2,95;3,72;3,26;2,21;1,99;1,4;1,54;1,03;0,74;1,33;1,04;1,11;1,36;1,0;1,49;0,83;1,83;0,67;1,03;0,99;1,2;0,94;0,77;0,82;1,39;1,07;1,02;0,93;1,54;0,89;1,71;1,05;1,14;0,94;1,1;1,09;0,85;0,9;1,22;1,11;0,88;1,16;0,97;1,95;4,6;1,0
mbk_w.csv;4;4;8;104,98;6,52;16,11;4,24;1,08;1,42;4,24;3,96;4,91;4,78;5,94;5,18;3,45;3,08;1,8;1,99;1,08;0,78;1,18;1,0;0,84;1,21;1,26;1,15;0,9;1,82;0,6;1,03;0,99;1,19;0,93;0,76;0,87;1,37;1,06;1,2;0,84;1,88;0,89;2,03;1,05;1,14;1,0;1,1;1,09;0,97;0,9;1,22;1,1;0,88;1,55;1,03;1,87;4,55;1,0
mbk_w.csv;4;4;9;61,95;5,27;11,76;4,13;0,99;1,29;4,13;4,12;5,11;4,71;5,86;5,01;3,89;2,86;1,65;1,92;0,99;0,71;1,03;0,92;0,77;1,08;1,19;1,15;0,9;1,74;0,6;0,97;0,99;1,17;0,99;0,76;0,85;1,37;1,01;1,2;0,84;1,88;0,85;2,03;1,34;0,98;1,0;1,1;1,09;0,97;0,84;1,14;0,9;0,88;1,69;1,03;1,5;5,03;1,0
mbk_w.csv;4;5;4;81,59;9,4;8,68;2,72;1,38;2,51;2,72;2,91;3,69;3,48;3,94;3,17;2,57;1,47;2,05;2,37;1,38;1,2;2,34;2,23;2,57;2,86;1,0;1,53;0,97;2,01;0,84;1,06;1,08;1,22;0,95;0,85;0,9;1,33;1,01;1,03;0,97;1,83;0,94;0,88;1,65;1,05;1,11;1,18;1,07;0,81;0,91;0,88;1,1;0,98;1,07;1,1;2,22;3,51;1,0
mbk_w.csv;4;5;5;60,33;5,08;11,88;2,44;1,06;1,97;2,44;2,55;3,09;3,35;3,19;2,63;1,97;1,09;1,49;1,63;1,06;0,72;1,45;1,29;1,56;1,84;1,0;1,61;0,97;1,98;0,64;1,09;1,03;1,2;0,91;0,76;0,85;1,32;1,09;0,98;0,94;1,67;0,94;0,88;1,65;1,02;1,04;1,39;1,01;0,81;0,9;0,94;1,24;0,98;1,04;0,99;2,14;4,7;1,0
mbk_w.csv;4;5;6;64,35;5,16;12,47;3,33;0,93;1,66;3,33;3,49;3,94;3,86;4,15;3,41;2,3;1,91;1,49;1,62;0,93;0,64;1,28;1,0;1,19;1,4;1,0;1,58;0,83;1,98;0,64;1,03;1,02;1,26;0,87;0,73;0,85;1,32;1,07;0,98;0,94;1,78;0,94;1,62;1,05;1,08;1,04;1,23;1,09;0,87;0,9;1,13;1,14;0,88;1,13;0,99;2,14;4,6;1,0
mbk_w.csv;4;5;7;54,59;4,35;12,55;2,55;1,06;1,61;2,55;2,64;3,05;2,98;3,76;2,98;2,0;2,06;1,45;1,58;1,06;0,76;1,42;1,11;1,26;1,53;1,0;1,58;0,83;1,83;0,67;1,03;0,98;1,2;1,03;0,76;0,82;1,39;1,07;0,98;0,93;1,54;0,89;1,71;1,0;1,14;1,04;1,1;1,09;0,85;0,9;1,22;1,11;0,88;1,09;0,97;2,14;4,6;1,0
mbk_w.csv;4;5;8;138,27;7,84;17,64;4,45;1,17;1,5;4,45;4,16;5,15;5,02;6,23;4,93;3,28;3,35;1,96;2,15;1,17;0,84;1,28;1,08;0,96;1,39;1,26;1,21;0,9;1,82;0,6;1,03;0,98;1,19;1,02;0,76;0,87;1,37;1,06;1,2;0,84;1,88;0,89;2,03;1,0;1,14;1,1;1,1;1,09;0,97;0,9;1,22;1,1;0,88;1,55;1,03;2,05;4,55;1,0
mbk_w.csv;4;5;9;96,01;5,97;16,08;4,56;0,96;1,36;4,56;4,54;5,63;5,2;6,46;5,01;3,89;2,86;1,61;1,87;0,96;0,69;1,0;0,89;0,79;1,11;1,19;1,21;0,9;1,74;0,6;0,97;0,98;1,15;0,99;0,76;0,85;1,37;1,01;1,2;0,84;1,88;0,85;2,03;1,34;0,98;1,1;1,1;1,09;0,97;0,84;1,14;0,9;0,88;1,69;1,03;2,05;5,03;1,0
mbk_w.csv;4;6;4;44,15;6,27;7,04;2,73;1,04;2,2;2,73;2,83;3,52;3,11;3,32;2,55;1,97;1,21;1,72;1,99;1,04;0,95;1,69;1,72;1,96;2,3;1,0;1,43;0,97;1,79;0,88;0,96;1,08;1,16;1,01;0,85;0,85;1,26;0,95;1,01;0,97;1,83;0,94;0,82;1,65;1,1;1,11;1,18;1,07;0,81;0,94;0,88;1,1;0,98;0,86;1,1;2,22;3,51;1,0
mbk_w.csv;4;6;5;57,27;5,07;11,3;2,3;0,88;2,49;2,3;2,5;2,96;3,22;3,0;2,35;1,67;0,98;1,38;1,51;0,88;0,79;1,62;1,44;1,73;2,13;1,0;1,55;0,97;1,98;0,84;0,98;1,03;1,14;0,97;0,76;0,81;1,29;1,09;0,96;0,94;1,67;0,94;0,82;1,65;1,07;1,04;1,39;1,01;0,81;0,86;0,94;1,24;0,98;0,99;0,99;2,14;4,7;1,0
mbk_w.csv;4;6;6;58,95;4,97;11,86;3,18;0,72;2,17;3,18;3,46;3,84;3,75;3,95;3,09;1,95;1,72;1,31;1,38;0,72;0,64;1,32;1,02;1,25;1,54;1,0;1,58;0,83;1,98;0,84;0,93;0,99;1,14;0,93;0,73;0,81;1,29;1,07;0,96;0,94;1,78;0,94;1,5;1,05;1,15;1,04;1,23;1,09;0,87;0,86;1,13;1,14;0,88;1,07;0,99;2,14;4,6;1,0
mbk_w.csv;4;6;7;30,67;2,57;11,94;2,25;0,71;1,61;2,25;2,42;2,73;2,67;3,37;2,55;1,73;1,62;1,11;1,18;0,71;0,51;0,97;0,76;0,86;1,1;1,0;1,58;0,83;1,83;0,67;0,93;0,95;1,09;0,93;0,76;0,78;1,39;1,07;0,96;0,93;1,54;0,89;1,59;1,0;1,12;1,04;1,1;1,09;0,85;0,86;1,22;1,11;0,88;1,04;0,97;2,14;4,6;1,0
mbk_w.csv;4;6;8;81,05;4,73;17,15;3,92;0,8;1,5;3,92;3,81;4,72;4,6;5,71;4,3;2,91;2,69;1,54;1,63;0,8;0,58;0,88;0,74;0,66;1,0;1,26;1,21;0,9;1,82;0,6;0,93;0,95;1,08;0,92;0,76;0,83;1,37;1,06;1,2;0,84;1,88;0,89;1,89;1,0;1,12;1,1;1,1;1,09;0,97;0,86;1,22;1,1;0,88;1,51;1,03;2,05;4,55;1,0
mbk_w.csv;4;6;9;58,58;3,75;15,62;4,18;0,66;1,36;4,18;4,23;5,24;4,84;6,01;4,43;3,44;2,3;1,26;1,41;0,66;0,47;0,69;0,61;0,54;0,8;1,19;1,21;0,9;1,74;0,6;0,88;0,95;1,04;0,9;0,76;0,81;1,37;1,01;1,2;0,84;1,88;0,85;1,89;1,34;0,98;1,1;1,1;1,09;0,97;0,83;1,14;0,9;0,88;1,64;1,03;2,05;5,03;1,0
mbk_w.csv;4;7;4;23,11;4,08;5,66;2,27;0,93;1,93;2,27;2,35;2,92;3,01;3,05;2,39;1,8;1,1;1,66;1,73;0,93;0,85;1,48;1,45;1,47;1,78;1,0;1,28;0,97;1,76;0,88;0,96;0,98;1,16;1,01;0,83;0,83;1,26;0,99;1,01;0,97;1,79;0,94;0,77;1,65;1,1;1,05;1,24;0,96;0,81;0,94;0,88;1,1;0,98;0,86;1,15;2,08;2,88;1,0
mbk_w.csv;4;7;5;41,95;3,7;11,34;2,09;0,81;2,18;2,09;2,08;2,46;2,98;2,63;2,02;1,57;0,92;1,36;1,35;0,81;0,72;1,46;1,3;1,39;1,84;1,0;1,38;0,97;1,95;0,84;0,98;0,93;1,14;0,97;0,83;0,75;1,29;1,09;0,96;0,94;1,63;0,94;0,77;1,65;1,07;0,98;1,47;0,9;0,81;0,94;0,94;1,24;0,98;0,99;1,06;2,01;4,7;1,0
mbk_w.csv;4;7;6;48,64;4,09;11,9;3,25;0,66;1,91;3,25;3,24;3,59;3,75;3,55;2,73;1,87;1,66;1,33;1,26;0,66;0,59;1,19;0,92;1,01;1,33;1,0;1,41;0,83;1,95;0,84;0,93;0,9;1,14;0,93;0,79;0,75;1,29;1,07;0,96;0,94;1,78;0,94;1,43;1,05;1,15;0,98;1,37;1,02;0,87;0,94;1,13;1,14;0,88;1,07;1,06;2,01;4,6;1,0
mbk_w.csv;4;7;7;27,0;2,22;12,14;2,42;0,65;1,42;2,42;2,39;2,69;2,81;3,19;2,37;1,75;1,64;1,12;1,08;0,65;0,47;0,88;0,68;0,69;0,95;1,0;1,41;0,83;1,8;0,67;0,93;0,86;1,09;0,93;0,83;0,73;1,39;1,07;0,96;0,93;1,54;0,89;1,59;1,0;1,12;0,98;1,22;1,02;0,85;0,94;1,22;1,11;0,88;1,04;1,05;2,01;4,6;1,0
mbk_w.csv;4;7;8;53,45;3,72;14,37;4,29;0,66;1,32;4,29;3,81;4,73;4,91;5,49;4,0;2,63;2,44;1,39;1,34;0,66;0,47;0,71;0,6;0,47;0,77;1,26;1,08;0,9;1,79;0,6;0,93;0,86;1,08;0,92;0,74;0,77;1,37;1,06;1,2;0,84;1,88;0,89;1,89;1,0;1,12;1,06;1,22;1,02;0,97;0,94;1,22;1,1;0,88;1,35;1,03;1,92;4,55;1,0
mbk_w.csv;4;7;9;34,64;2,65;13,09;4,1;0,54;1,19;4,1;4,23;5,25;5,18;5,78;4,12;3,11;2,08;1,14;1,16;0,54;0,39;0,55;0,49;0,39;0,62;1,19;1,08;0,9;1,71;0,6;0,88;0,86;1,04;0,9;0,74;0,75;1,37;1,01;1,2;0,84;1,88;0,85;1,89;1,34;0,98;1,06;1,22;1,02;0,97;0,81;1,14;0,9;0,88;1,47;1,03;1,92;5,03;1,0
mbk_w.csv;4;8;4;14,5;2,61;5,55;1,82;0,82;1,75;1,82;1,77;2,07;2,13;2,08;1,71;1,29;0,79;1,28;1,34;0,82;0,75;1,39;1,36;1,32;1,6;1,0;1,18;0,97;1,76;0,87;0,95;0,98;1,16;1,01;0,83;0,83;1,21;0,99;0,95;0,95;1,55;0,94;0,72;1,65;1,1;1,01;1,24;0,96;0,81;0,98;0,88;1,1;0,96;0,86;1,15;2,08;2,88;1,0
mbk_w.csv;4;8;5;27,5;2,48;11,11;1,75;0,71;1,98;1,75;1,57;1,74;2,11;1,8;1,45;1,12;0,66;1,05;1,04;0,71;0,64;1,37;1,22;1,25;1,66;1,0;1,28;0,97;1,95;0,82;0,97;0,93;1,14;0,97;0,83;0,75;1,25;1,09;0,9;0,92;1,42;0,94;0,72;1,65;1,07;0,94;1,47;0,9;0,81;1,03;0,94;1,24;0,96;0,99;1,06;2,01;4,7;1,0
mbk_w.csv;4;8;6;34,13;2,93;11,66;2,92;0,58;1,73;2,92;2,61;2,72;2,84;2,59;2,09;1,43;1,27;1,02;0,97;0,58;0,52;1,11;0,87;0,9;1,2;1,0;1,3;0,83;1,95;0,82;0,92;0,9;1,14;0,93;0,79;0,75;1,25;1,07;0,9;0,92;1,55;0,94;1,42;1,05;1,15;0,94;1,37;1,02;0,87;1,03;1,13;1,14;0,87;1,07;1,06;2,01;4,6;1,0
mbk_w.csv;4;8;7;19,66;1,65;11,89;2,17;0,59;1,29;2,17;1,93;2,04;2,13;2,42;1,88;1,39;1,3;0,9;0,86;0,59;0,43;0,85;0,66;0,62;0,86;1,0;1,3;0,83;1,8;0,66;0,92;0,86;1,09;0,93;0,83;0,73;1,39;1,07;0,9;0,91;1,34;0,89;1,58;1,0;1,12;0,94;1,22;1,02;0,85;1,03;1,22;1,11;0,87;1,04;1,05;2,01;4,6;1,0
mbk_w.csv;4;8;8;45,58;3,17;14,37;4,07;0,65;1,19;4,07;3,31;4,11;4,27;4,77;3,48;2,29;2,12;1,21;1,16;0,65;0,46;0,69;0,58;0,46;0,69;1,16;1,08;0,9;1,79;0,59;0,92;0,86;1,08;0,92;0,74;0,77;1,37;1,06;1,2;0,84;1,64;0,89;1,89;1,0;1,12;1,06;1,22;1,02;0,97;1,03;1,22;1,1;0,88;1,35;1,03;1,92;4,55;1,0
mbk_w.csv;4;8;9;34,31;2,62;13,09;4,51;0,54;1,08;4,51;3,68;4,56;4,5;5,03;3,59;2,71;1,81;0,99;1,01;0,54;0,38;0,54;0,48;0,38;0,56;1,11;1,08;0,9;1,71;0,59;0,87;0,86;1,04;0,9;0,74;0,75;1,37;1,01;1,2;0,84;1,64;0,85;1,89;1,34;0,98;1,06;1,22;1,02;0,97;1,03;1,14;0,9;0,88;1,47;1,03;1,92;5,03;1,0
mbk_w.csv;4;9;4;7,66;1,55;4,94;1,45;0,7;1,54;1,45;1,41;1,65;1,69;1,71;1,41;1,09;0,67;1,04;1,08;0,7;0,64;1,17;1,09;1,01;1,22;1,0;1,1;0,92;1,74;0,87;0,9;0,98;1,08;1,01;0,83;0,83;1,19;0,99;0,95;0,95;1,4;0,94;0,69;1,65;1,07;1,01;1,17;0,96;0,81;0,98;0,8;1,01;0,96;0,87;1,15;2,08;3,04;1,0
mbk_w.csv;4;9;5;19,11;1,71;11,15;1,48;0,62;1,87;1,48;1,32;1,47;1,78;1,51;1,22;0,97;0,57;0,87;0,87;0,62;0,56;1,18;1,0;1,03;1,36;1,0;1,28;0,92;1,93;0,82;0,92;0,93;1,06;0,97;0,83;0,75;1,25;1,09;0,9;0,92;1,28;0,94;0,69;1,65;1,04;0,94;1,47;0,9;0,81;1,03;0,85;1,24;0,96;1,04;1,06;2,01;4,96;1,0
mbk_w.csv;4;9;6;30,53;2,56;11,95;2,67;0,5;1,9;2,67;2,38;2,48;2,59;2,36;1,9;1,35;1,19;0,92;0,87;0,5;0,45;0,96;0,83;0,87;1,15;1,0;1,3;0,92;1,93;0,82;0,87;0,89;1,06;0,93;0,79;0,75;1,25;1,07;0,9;0,92;1,51;0,94;1,37;1,05;1,12;0,94;1,37;1,02;0,87;1,03;1,03;1,14;0,87;1,12;1,06;2,01;4,96;1,0
mbk_w.csv;4;9;7;19,33;1,44;13,39;1,98;0,52;1,41;1,98;1,76;1,86;1,95;2,21;1,71;1,31;1,22;0,81;0,78;0,52;0,37;0,74;0,64;0,6;0,82;1,0;1,3;0,92;1,78;0,66;0,87;0,86;1,01;0,93;0,83;0,73;1,39;1,07;0,9;0,91;1,31;0,89;1,52;1,0;1,09;0,94;1,22;1,02;0,85;1,03;1,22;1,11;0,87;1,09;1,05;2,01;4,96;1,0
mbk_w.csv;4;9;8;36,2;2,38;15,22;3,94;0,57;1,06;3,94;3,22;3,99;4,15;4,63;3,37;2,29;2,12;1,12;1,07;0,57;0,4;0,59;0,45;0,35;0,54;1,16;1,08;0,8;1,77;0,59;0,87;0,86;1,0;0,92;0,74;0,77;1,37;1,06;1,2;0,84;1,64;0,89;1,89;1,0;1,09;1,06;1,22;1,02;0,97;1,03;1,22;1,1;0,88;1,31;1,03;1,92;4,96;1,0
mbk_w.csv;4;9;9;25,41;2,02;12,55;4,51;0,47;0,96;4,51;3,68;4,56;4,5;5,03;3,59;2,71;1,81;0,92;0,93;0,47;0,33;0,46;0,37;0,29;0,43;1,11;1,08;0,8;1,69;0,59;0,82;0,86;0,96;0,9;0,74;0,75;1,37;1,01;1,2;0,84;1,64;0,85;1,89;1,34;0,98;1,06;1,22;1,02;0,97;1,03;1,14;0,9;0,88;1,43;1,03;1,92;4,96;1,0
mbk_w.csv;5;5;5;81,77;7,05;11,59;3,04;1,05;2,21;3,04;3,19;3,61;3,82;3,8;3,13;2,42;1,22;1,74;1,98;1,05;0,8;1,61;1,43;1,67;1,96;1,0;1,61;0,97;1,98;0,71;0,89;1,07;1,25;0,91;0,82;0,85;1,38;1,09;0,98;0,94;1,67;0,94;0,88;1,81;1,06;1,04;1,39;1,03;0,87;0,9;0,91;1,24;0,98;1,04;0,99;2,14;4,7;1,0
mbk_w.csv;5;5;6;88,6;7,52;11,78;4,18;0,97;1,86;4,18;4,38;4,64;4,54;4,94;4,07;2,82;2,14;1,74;1,96;0,97;0,74;1,49;1,16;1,32;1,55;1,0;1,58;0,83;1,98;0,71;0,88;1,06;1,32;0,87;0,78;0,85;1,38;1,07;0,98;0,94;1,78;0,94;1,62;1,15;1,13;1,04;1,27;1,09;0,93;0,9;1,07;1,14;0,88;1,13;0,99;2,14;4,6;1,0
mbk_w.csv;5;5;7;77,33;6,52;11,86;3,76;0,96;1,81;3,76;3,9;4,13;4,04;4,62;3,67;2,31;2,11;1,55;1,76;0,96;0,78;1,45;1,13;1,23;1,49;1,0;1,58;0,83;1,83;0,75;0,84;1,02;1,26;1,03;0,75;0,82;1,45;1,07;0,98;0,93;1,54;0,89;1,71;1,12;1,19;1,04;1,27;1,09;0,93;0,9;1,16;1,11;0,88;1,09;0,97;2,14;4,6;1,0
mbk_w.csv;5;5;8;183,17;10,99;16,67;5,78;1,01;1,88;5,78;5,4;7,0;6,81;7,66;6,06;3,79;3,43;2,11;2,39;1,01;0,91;1,38;1,17;0,99;1,43;1,26;1,21;0,9;1,82;0,75;0,8;1,02;1,25;1,02;0,74;0,87;1,43;1,06;1,2;0,84;1,88;0,89;2,03;1,12;1,19;1,1;1,27;1,09;0,93;0,9;1,16;1,1;0,88;1,55;1,03;2,05;4,55;1,0
mbk_w.csv;5;5;9;115,94;8,58;13,51;5,74;0,88;1,71;5,74;5,72;7,41;6,84;7,7;5,96;4,35;2,93;1,73;2,07;0,88;0,79;1,14;1,02;0,87;1,21;1,19;1,21;0,9;1,74;0,75;0,8;1,02;1,2;0,99;0,74;0,85;1,43;1,01;1,2;0,84;1,88;0,85;2,03;1,47;1,02;1,1;1,27;1,09;0,93;0,84;0,96;0,9;0,88;1,69;1,03;2,05;5,03;1,0
mbk_w.csv;5;6;5;83,46;7,8;10,7;2,87;0,97;2,79;2,87;3,13;3,47;3,67;3,57;2,8;2,05;1,1;1,62;1,84;0,97;0,97;2,0;1,77;2,04;2,52;1,0;1,55;0,97;1,98;0,94;0,89;1,07;1,2;0,97;0,82;0,81;1,35;1,09;0,96;0,94;1,67;0,94;0,82;1,81;1,12;1,04;1,39;1,03;0,87;0,86;0,89;1,24;0,98;0,99;0,99;2,14;4,7;1,0
mbk_w.csv;5;6;6;87,26;8,02;10,88;3,99;0,82;2,44;3,99;4,35;4,51;4,42;4,7;3,68;2,39;1,93;1,54;1,67;0,82;0,82;1,7;1,32;1,54;1,9;1,0;1,58;0,83;1,98;0,94;0,88;1,02;1,2;0,93;0,78;0,81;1,35;1,07;0,96;0,94;1,78;0,94;1,5;1,15;1,2;1,04;1,27;1,09;0,93;0,86;1,04;1,14;0,88;1,07;0,99;2,14;4,6;1,0
mbk_w.csv;5;6;7;46,71;4,27;10,94;3,31;0,71;1,81;3,31;3,57;3,71;3,63;4,15;3,13;2,0;1,66;1,19;1,31;0,71;0,58;1,1;0,85;0,93;1,19;1,0;1,58;0,83;1,83;0,75;0,84;0,98;1,14;0,93;0,75;0,78;1,45;1,07;0,96;0,93;1,54;0,89;1,59;1,12;1,17;1,04;1,27;1,09;0,93;0,86;1,12;1,11;0,88;1,04;0,97;2,14;4,6;1,0
mbk_w.csv;5;6;8;115,43;7,34;15,72;5,1;0,77;1,88;5,1;4,95;6,41;6,24;7,02;5,28;3,36;2,76;1,65;1,81;0,77;0,69;1,05;0,88;0,75;1,14;1,26;1,21;0,9;1,82;0,75;0,8;0,98;1,13;0,92;0,74;0,83;1,43;1,06;1,2;0,84;1,88;0,89;1,89;1,12;1,17;1,1;1,27;1,09;0,93;0,86;1,12;1,1;0,88;1,51;1,03;2,05;4,55;1,0
mbk_w.csv;5;6;9;76,05;5,97;12,74;5,27;0,66;1,71;5,27;5,32;6,9;6,37;7,16;5,28;3,85;2,35;1,35;1,57;0,66;0,6;0,87;0,77;0,66;0,97;1,19;1,21;0,9;1,74;0,75;0,8;0,98;1,09;0,9;0,74;0,81;1,43;1,01;1,2;0,84;1,88;0,85;1,89;1,47;1,02;1,1;1,27;1,09;0,93;0,83;0,93;0,9;0,88;1,64;1,03;2,05;5,03;1,0
mbk_w.csv;5;7;5;64,55;6,01;10,74;2,61;0,94;2,45;2,61;2,6;2,88;3,4;3,13;2,41;1,92;1,03;1,58;1,74;0,94;0,94;1,91;1,69;1,73;2,3;1,0;1,38;0,97;1,95;0,94;0,89;1,03;1,19;0,97;0,89;0,75;1,35;1,09;0,96;0,94;1,63;0,94;0,77;1,81;1,12;0,98;1,47;0,93;0,87;0,94;0,89;1,24;0,98;0,99;1,06;2,01;4,7;1,0
mbk_w.csv;5;7;6;76,03;6,97;10,91;4,08;0,8;2,14;4,08;4,07;4,22;4,42;4,23;3,25;2,29;1,86;1,54;1,62;0,8;0,8;1,62;1,26;1,31;1,74;1,0;1,41;0,83;1,95;0,94;0,88;0,99;1,19;0,93;0,85;0,75;1,35;1,07;0,96;0,94;1,78;0,94;1,43;1,15;1,2;0,98;1,41;1,02;0,93;0,94;1,04;1,14;0,88;1,07;1,06;2,01;4,6;1,0
mbk_w.csv;5;7;7;43,43;3,9;11,13;3,56;0,69;1,59;3,56;3,52;3,65;3,82;3,92;2,91;2,03;1,68;1,19;1,27;0,69;0,56;1,05;0,81;0,79;1,09;1,0;1,41;0,83;1,8;0,75;0,84;0,95;1,13;0,93;0,81;0,73;1,45;1,07;0,96;0,93;1,54;0,89;1,59;1,12;1,17;0,98;1,41;1,02;0,93;0,94;1,12;1,11;0,88;1,04;1,05;2,01;4,6;1,0
mbk_w.csv;5;7;8;80,38;6,1;13,17;5,57;0,66;1,65;5,57;4,95;6,42;6,67;6,75;4,92;3,04;2,5;1,48;1,57;0,66;0,6;0,89;0,75;0,57;0,93;1,26;1,08;0,9;1,79;0,75;0,8;0,95;1,12;0,92;0,72;0,77;1,43;1,06;1,2;0,84;1,88;0,89;1,89;1,12;1,17;1,06;1,41;1,02;0,93;0,94;1,12;1,1;0,88;1,35;1,03;1,92;4,55;1,0
mbk_w.csv;5;7;9;47,49;4,45;10,68;5,16;0,58;1,5;5,16;5,33;6,9;6,81;6,89;4,91;3,49;2,13;1,22;1,36;0,58;0,52;0,74;0,66;0,5;0,79;1,19;1,08;0,9;1,71;0,75;0,8;0,95;1,08;0,9;0,72;0,75;1,43;1,01;1,2;0,84;1,88;0,85;1,89;1,47;1,02;1,06;1,41;1,02;0,93;0,81;0,93;0,9;0,88;1,47;1,03;1,92;5,03;1,0
mbk_w.csv;5;8;5;38,02;3,62;10,51;2,01;0,8;2,27;2,01;1,96;2,04;2,41;2,11;1,7;1,35;0,73;1,16;1,27;0,8;0,81;1,75;1,55;1,55;2,05;1,0;1,28;0,97;1,95;0,94;0,89;1,03;1,14;0,97;0,89;0,75;1,29;1,09;0,9;0,92;1,42;0,94;0,72;1,81;1,12;0,94;1,47;0,93;0,87;0,94;0,89;1,24;0,96;0,99;1,06;2,01;4,7;1,0
mbk_w.csv;5;8;6;47,93;4,49;10,69;3,37;0,67;1,98;3,37;3,28;3,2;3,35;3,05;2,46;1,73;1,4;1,13;1,19;0,67;0,69;1,48;1,15;1,17;1,55;1,0;1,3;0,83;1,95;0,94;0,88;0,99;1,14;0,93;0,85;0,75;1,29;1,07;0,9;0,92;1,55;0,94;1,42;1,15;1,2;0,94;1,41;1,02;0,93;0,94;1,04;1,14;0,87;1,07;1,06;2,01;4,6;1,0
mbk_w.csv;5;8;7;28,42;2,61;10,9;2,94;0,6;1,47;2,94;2,84;2,77;2,9;2,94;2,28;1,59;1,32;0,91;0,96;0,6;0,5;1,0;0,77;0,7;0,97;1,0;1,3;0,83;1,8;0,75;0,84;0,95;1,09;0,93;0,81;0,73;1,43;1,07;0,9;0,91;1,34;0,89;1,58;1,12;1,17;0,94;1,41;1,02;0,93;0,94;1,12;1,11;0,87;1,04;1,05;2,01;4,6;1,0
mbk_w.csv;5;8;8;61,59;4,68;13,17;4,85;0,63;1,53;4,85;4,31;5,58;5,8;5,79;4,22;2,61;2,15;1,22;1,3;0,63;0,57;0,85;0,72;0,55;0,83;1,16;1,08;0,9;1,79;0,75;0,8;0,95;1,08;0,92;0,72;0,77;1,41;1,06;1,2;0,84;1,64;0,89;1,89;1,12;1,17;1,06;1,41;1,02;0,93;0,94;1,12;1,1;0,88;1,35;1,03;1,92;4,55;1,0
mbk_w.csv;5;8;9;36,38;3,41;10,68;4,49;0,55;1,38;4,49;4,63;6,0;5,92;5,91;4,22;2,99;1,83;1,01;1,13;0,55;0,49;0,7;0,63;0,48;0,71;1,11;1,08;0,9;1,71;0,75;0,8;0,95;1,04;0,9;0,72;0,75;1,41;1,01;1,2;0,84;1,64;0,85;1,89;1,47;1,02;1,06;1,41;1,02;0,93;0,81;0,93;0,9;0,88;1,47;1,03;1,92;5,03;1,0
mbk_w.csv;5;9;5;28,63;2,71;10,55;1,66;0,77;2,13;1,66;1,48;1,55;1,82;1,55;1,25;1,04;0,61;1,01;1,11;0,77;0,78;1,67;1,41;1,45;1,92;1,0;1,28;0,92;1,93;0,94;0,89;1,03;1,14;0,97;0,89;0,75;1,25;1,09;0,9;0,92;1,28;0,94;0,69;1,65;1,07;0,94;1,47;0,93;0,87;1,03;0,81;1,24;0,96;1,04;1,06;2,01;4,96;1,0
mbk_w.csv;5;9;6;46,45;4,24;10,95;3,0;0,65;2,17;3,0;2,69;2,62;2,74;2,42;1,95;1,44;1,28;1,07;1,12;0,65;0,66;1,42;1,22;1,28;1,69;1,0;1,3;0,92;1,93;0,94;0,88;0,98;1,14;0,93;0,85;0,75;1,25;1,07;0,9;0,92;1,51;0,94;1,37;1,05;1,15;0,94;1,41;1,02;0,93;1,03;0,94;1,14;0,87;1,12;1,06;2,01;4,96;1,0
mbk_w.csv;5;9;7;30,26;2,47;12,27;2,62;0,58;1,61;2,62;2,32;2,27;2,37;2,33;1,81;1,32;1,2;0,86;0,91;0,58;0,48;0,95;0,82;0,77;1,06;1,0;1,3;0,92;1,78;0,75;0,84;0,95;1,09;0,93;0,81;0,73;1,39;1,07;0,9;0,91;1,31;0,89;1,52;1,03;1,11;0,94;1,41;1,02;0,93;1,03;1,12;1,11;0,87;1,09;1,05;2,01;4,96;1,0
mbk_w.csv;5;9;8;52,98;3,8;13,96;4,6;0,61;1,35;4,6;3,75;4,86;5,05;4,89;3,56;2,31;2,08;1,19;1,26;0,61;0,55;0,81;0,61;0,49;0,73;1,16;1,08;0,8;1,77;0,75;0,8;0,95;1,08;0,92;0,72;0,77;1,37;1,06;1,2;0,84;1,64;0,89;1,89;1,03;1,11;1,06;1,41;1,02;0,93;1,03;1,12;1,1;0,88;1,31;1,03;1,92;4,96;1,0
mbk_w.csv;5;9;9;33,91;3,31;10,24;5,1;0,53;1,23;5,1;4,16;5,39;5,31;5,15;3,67;2,66;1,77;0,98;1,09;0,53;0,48;0,67;0,54;0,42;0,62;1,11;1,08;0,8;1,69;0,75;0,8;0,95;1,04;0,9;0,72;0,75;1,37;1,01;1,2;0,84;1,64;0,85;1,89;1,34;1,0;1,06;1,41;1,02;0,93;1,03;0,93;0,9;0,88;1,43;1,03;1,92;4,96;1,0
mbk_w.csv;6;6;6;54,42;5,8;9,39;2,27;1,05;2,44;2,27;2,65;2,75;3,08;4,16;3,52;2,74;2,22;1,77;1,92;1,05;1,04;2,15;1,67;1,95;2,29;1,0;1,58;0,83;1,98;0,94;0,88;1,02;1,2;0,93;0,94;0,85;1,35;1,07;0,96;0,94;1,61;0,94;1,5;1,15;1,2;1,01;1,0;0,96;0,93;0,8;1,01;1,14;0,88;1,22;0,89;1,86;4,6;1,0
mbk_w.csv;6;6;7;28,25;2,95;9,57;1,78;0,91;1,81;1,78;2,21;2,29;2,56;3,71;3,07;2,36;1,96;1,4;1,54;0,91;0,74;1,41;1,1;1,19;1,43;1,0;1,58;0,83;1,83;0,75;0,84;0,98;1,14;0,93;0,9;0,83;1,45;1,07;0,96;0,93;1,42;0,89;1,59;1,12;1,17;1,01;1,0;0,96;0,93;0,75;1,09;1,11;0,88;1,18;0,88;1,86;4,6;1,0
mbk_w.csv;6;6;8;45,46;4,01;11,33;2,3;0,93;1,88;2,3;2,56;3,32;3,69;5,27;4,32;3,32;2,73;1,63;1,79;0,93;0,83;1,27;1,07;0,91;1,38;1,26;1,21;0,9;1,82;0,75;0,8;0,98;1,13;0,92;0,9;0,83;1,43;1,06;1,2;0,84;1,54;0,89;1,89;1,12;1,17;1,01;1,0;0,96;0,93;0,75;1,09;1,1;0,88;1,53;0,86;1,78;4,55;1,0
mbk_w.csv;6;6;9;27,63;3,01;9,18;2,19;0,8;1,71;2,19;2,55;3,3;3,47;4,96;3,98;3,41;2,33;1,34;1,56;0,8;0,72;1,05;0,93;0,79;1,17;1,19;1,21;0,9;1,74;0,75;0,8;0,98;1,09;0,9;0,9;0,81;1,43;1,01;1,2;0,84;1,54;0,85;1,89;1,31;1,05;1,01;1,0;0,96;0,93;0,72;0,91;0,9;0,88;1,67;0,86;1,78;5,03;1,0
mbk_w.csv;6;7;6;36,41;4,4;8,28;2,21;0,93;2,14;2,21;2,36;2,45;2,92;3,95;3,11;2,42;1,96;1,63;1,71;0,93;0,93;1,88;1,47;1,53;1,92;1,0;1,41;0,83;1,95;0,94;0,88;0,99;1,19;0,93;0,94;0,8;1,35;1,07;0,96;0,94;1,61;0,94;1,43;1,15;1,2;1,01;1,0;0,9;0,93;0,88;1,01;1,14;0,88;1,07;0,95;1,74;4,6;1,0
mbk_w.csv;6;7;7;19,9;2,36;8,44;1,82;0,82;1,59;1,82;2,07;2,15;2,56;3,71;2,86;2,2;1,82;1,3;1,37;0,82;0,66;1,24;0,96;0,93;1,2;1,0;1,41;0,83;1,8;0,75;0,84;0,95;1,13;0,93;0,9;0,78;1,45;1,07;0,96;0,93;1,42;0,89;1,59;1,12;1,17;1,01;1,0;0,9;0,93;0,82;1,09;1,11;0,88;1,04;0,94;1,74;4,6;1,0
mbk_w.csv;6;7;8;32,03;3,2;9,99;2,35;0,83;1,65;2,35;2,4;3,11;3,69;5,27;4,02;3,09;2,54;1,51;1,6;0,83;0,74;1,11;0,94;0,71;1,16;1,26;1,08;0,9;1,79;0,75;0,8;0,95;1,12;0,92;0,9;0,77;1,43;1,06;1,2;0,84;1,54;0,89;1,89;1,12;1,17;1,01;1,0;0,9;0,93;0,82;1,09;1,1;0,88;1,35;0,92;1,66;4,55;1,0
mbk_w.csv;6;7;9;17,45;2,15;8,1;2,01;0,72;1,5;2,01;2,38;3,09;3,47;4,96;3,7;3,17;2,17;1,24;1,39;0,72;0,64;0,92;0,82;0,62;0,98;1,19;1,08;0,9;1,71;0,75;0,8;0,95;1,08;0,9;0,9;0,75;1,43;1,01;1,2;0,84;1,54;0,85;1,89;1,31;1,05;1,01;1,0;0,9;0,93;0,71;0,91;0,9;0,88;1,47;0,92;1,66;5,03;1,0
mbk_w.csv;6;8;6;24,01;2,96;8,11;1,9;0,79;1,98;1,9;1,99;1,94;2,32;2,98;2,35;1,83;1,48;1,19;1,26;0,79;0,8;1,73;1,34;1,36;1,71;1,0;1,3;0,83;1,95;0,94;0,88;0,99;1,14;0,93;0,94;0,8;1,29;1,07;0,9;0,92;1,4;0,94;1,42;1,15;1,2;1,01;1,0;0,9;0,93;0,88;1,01;1,14;0,87;1,07;0,95;1,74;4,6;1,0
mbk_w.csv;6;8;7;13,62;1,65;8,27;1,57;0,71;1,47;1,57;1,74;1,7;2,03;2,91;2,24;1,72;1,43;0,99;1,05;0,71;0,59;1,18;0,91;0,83;1,07;1,0;1,3;0,83;1,8;0,75;0,84;0,95;1,09;0,93;0,9;0,78;1,43;1,07;0,9;0,91;1,23;0,89;1,58;1,12;1,17;1,01;1,0;0,9;0,93;0,82;1,09;1,11;0,87;1,04;0,94;1,74;4,6;1,0
mbk_w.csv;6;8;8;24,54;2,46;9,99;2,05;0,79;1,53;2,05;2,09;2,7;3,21;4,52;3,45;2,65;2,18;1,25;1,32;0,79;0,71;1,06;0,89;0,69;1,04;1,16;1,08;0,9;1,79;0,75;0,8;0,95;1,08;0,92;0,9;0,77;1,41;1,06;1,2;0,84;1,34;0,89;1,89;1,12;1,17;1,01;1,0;0,9;0,93;0,82;1,09;1,1;0,88;1,35;0,92;1,66;4,55;1,0
mbk_w.csv;6;8;9;13,37;1,65;8,1;1,75;0,68;1,38;1,75;2,07;2,68;3,02;4,26;3,18;2,73;1,86;1,02;1,15;0,68;0,61;0,88;0,78;0,6;0,88;1,11;1,08;0,9;1,71;0,75;0,8;0,95;1,04;0,9;0,9;0,75;1,41;1,01;1,2;0,84;1,34;0,85;1,89;1,31;1,05;1,01;1,0;0,9;0,93;0,71;0,91;0,9;0,88;1,47;0,92;1,66;5,03;1,0
mbk_w.csv;6;9;6;22,86;2,75;8,31;1,67;0,76;2,17;1,67;1,63;1,59;1,9;2,37;1,86;1,53;1,35;1,13;1,18;0,76;0,78;1,65;1,42;1,49;1,87;1,0;1,3;0,92;1,93;0,94;0,88;0,98;1,14;0,93;0,94;0,8;1,25;1,07;0,9;0,92;1,37;0,94;1,37;1,05;1,15;1,01;1,0;0,9;0,93;0,94;0,92;1,14;0,87;1,12;0,95;1,74;4,96;1,0
mbk_w.csv;6;9;7;15,28;1,64;9,31;1,48;0,69;1,61;1,48;1,43;1,39;1,66;2,31;1,78;1,44;1,3;0,93;0,98;0,69;0,57;1,12;0,97;0,91;1,17;1,0;1,3;0,92;1,78;0,75;0,84;0,95;1,09;0,93;0,9;0,78;1,39;1,07;0,9;0,91;1,2;0,89;1,52;1,03;1,11;1,01;1,0;0,9;0,93;0,94;1,09;1,11;0,87;1,09;0,94;1,74;4,96;1,0
mbk_w.csv;6;9;8;22,23;2,1;10,59;2,04;0,76;1,35;2,04;1,82;2,35;2,79;3,82;2,91;2,35;2,12;1,21;1,28;0,76;0,68;1,01;0,76;0,6;0,91;1,16;1,08;0,8;1,77;0,75;0,8;0,95;1,08;0,92;0,9;0,77;1,37;1,06;1,2;0,84;1,34;0,89;1,89;1,03;1,11;1,01;1,0;0,9;0,93;0,94;1,09;1,1;0,88;1,31;0,92;1,66;4,96;1,0
mbk_w.csv;6;9;9;10,96;1,41;7,77;1,75;0,66;1,23;1,75;1,8;2,34;2,63;3,6;2,68;2,35;1,8;0,99;1,11;0,66;0,59;0,84;0,67;0,53;0,77;1,11;1,08;0,8;1,69;0,75;0,8;0,95;1,04;0,9;0,9;0,75;1,37;1,01;1,2;0,84;1,34;0,85;1,89;1,17;1,03;1,01;1,0;0,9;0,93;0,81;0,91;0,9;0,88;1,43;0,92;1,66;4,96;1,0
mbk_w.csv;7;7;7;22,06;2,42;9,1;1,87;0,82;1,59;1,87;2,07;2,15;2,56;3,71;2,86;2,2;1,82;1,3;1,37;0,82;0,66;1,24;0,96;0,93;1,2;1,0;1,41;0,83;1,8;0,75;0,84;0,95;1,13;0,93;0,9;0,78;1,45;1,07;0,96;0,93;1,42;0,89;1,59;1,12;1,17;1,01;1,0;0,9;0,93;0,84;1,09;1,11;0,88;1,04;0,94;1,74;4,96;1,0
mbk_w.csv;7;7;8;35,88;3,3;10,89;2,42;0,83;1,65;2,42;2,4;3,11;3,69;5,27;4,02;3,09;2,54;1,51;1,6;0,83;0,74;1,11;0,94;0,71;1,16;1,26;1,08;0,9;1,79;0,75;0,8;0,95;1,12;0,92;0,9;0,77;1,43;1,06;1,2;0,84;1,54;0,89;1,89;1,12;1,17;1,01;1,0;0,9;0,93;0,84;1,09;1,1;0,88;1,35;0,92;1,66;4,96;1,0
mbk_w.csv;7;7;9;17,69;2,22;7,99;2,07;0,72;1,5;2,07;2,38;3,09;3,47;4,96;3,7;3,17;2,17;1,24;1,39;0,72;0,64;0,92;0,82;0,62;0,98;1,19;1,08;0,9;1,71;0,75;0,8;0,95;1,08;0,9;0,9;0,75;1,43;1,01;1,2;0,84;1,54;0,85;1,89;1,31;1,05;1,01;1,0;0,9;0,93;0,73;0,91;0,9;0,88;1,47;0,92;1,66;4,96;1,0
mbk_w.csv;7;8;7;15,1;1,69;8,91;1,62;0,71;1,47;1,62;1,74;1,7;2,03;2,91;2,24;1,72;1,43;0,99;1,05;0,71;0,59;1,18;0,91;0,83;1,07;1,0;1,3;0,83;1,8;0,75;0,84;0,95;1,09;0,93;0,9;0,78;1,43;1,07;0,9;0,91;1,23;0,89;1,58;1,12;1,17;1,01;1,0;0,9;0,93;0,84;1,09;1,11;0,87;1,04;0,94;1,74;4,96;1,0
mbk_w.csv;7;8;8;27,49;2,53;10,89;2,1;0,79;1,53;2,1;2,09;2,7;3,21;4,52;3,45;2,65;2,18;1,25;1,32;0,79;0,71;1,06;0,89;0,69;1,04;1,16;1,08;0,9;1,79;0,75;0,8;0,95;1,08;0,92;0,9;0,77;1,41;1,06;1,2;0,84;1,34;0,89;1,89;1,12;1,17;1,01;1,0;0,9;0,93;0,84;1,09;1,1;0,88;1,35;0,92;1,66;4,96;1,0
mbk_w.csv;7;8;9;13,55;1,7;7,99;1,8;0,68;1,38;1,8;2,07;2,68;3,02;4,26;3,18;2,73;1,86;1,02;1,15;0,68;0,61;0,88;0,78;0,6;0,88;1,11;1,08;0,9;1,71;0,75;0,8;0,95;1,04;0,9;0,9;0,75;1,41;1,01;1,2;0,84;1,34;0,85;1,89;1,31;1,05;1,01;1,0;0,9;0,93;0,73;0,91;0,9;0,88;1,47;0,92;1,66;4,96;1,0
mbk_w.csv;7;9;7;15,28;1,64;9,31;1,48;0,69;1,61;1,48;1,43;1,39;1,66;2,31;1,78;1,44;1,3;0,93;0,98;0,69;0,57;1,12;0,97;0,91;1,17;1,0;1,3;0,92;1,78;0,75;0,84;0,95;1,09;0,93;0,9;0,78;1,39;1,07;0,9;0,91;1,2;0,89;1,52;1,03;1,11;1,01;1,0;0,9;0,93;0,94;1,09;1,11;0,87;1,09;0,94;1,74;4,96;1,0
mbk_w.csv;7;9;8;22,23;2,1;10,59;2,04;0,76;1,35;2,04;1,82;2,35;2,79;3,82;2,91;2,35;2,12;1,21;1,28;0,76;0,68;1,01;0,76;0,6;0,91;1,16;1,08;0,8;1,77;0,75;0,8;0,95;1,08;0,92;0,9;0,77;1,37;1,06;1,2;0,84;1,34;0,89;1,89;1,03;1,11;1,01;1,0;0,9;0,93;0,94;1,09;1,1;0,88;1,31;0,92;1,66;4,96;1,0
mbk_w.csv;7;9;9;10,96;1,41;7,77;1,75;0,66;1,23;1,75;1,8;2,34;2,63;3,6;2,68;2,35;1,8;0,99;1,11;0,66;0,59;0,84;0,67;0,53;0,77;1,11;1,08;0,8;1,69;0,75;0,8;0,95;1,04;0,9;0,9;0,75;1,37;1,01;1,2;0,84;1,34;0,85;1,89;1,17;1,03;1,01;1,0;0,9;0,93;0,81;0,91;0,9;0,88;1,43;0,92;1,66;4,96;1,0
mbk_w.csv;8;8;8;23,31;2,14;10,89;1,52;0,92;1,53;1,52;1,91;2,44;2,89;4,08;3,14;3,07;2,68;1,53;1,56;0,92;0,83;1,24;1,05;0,81;1,22;1,16;1,08;0,9;1,79;0,75;0,8;0,95;1,08;0,98;1,0;0,77;1,41;1,06;1,2;0,84;1,34;0,93;1,89;1,12;1,02;1,0;1,0;0,9;0,94;0,66;1,09;1,1;0,88;1,35;0,92;1,66;4,96;1,0
mbk_w.csv;8;8;9;15,76;1,97;7,99;1,72;0,83;1,38;1,72;1,99;2,55;2,88;4,06;3,06;3,33;2,49;1,37;1,39;0,83;0,74;1,06;0,95;0,73;1,06;1,11;1,08;0,9;1,71;0,75;0,8;0,95;1,04;0,98;1,0;0,75;1,41;1,01;1,2;0,84;1,34;0,93;1,89;1,31;0,92;1,0;1,0;0,9;0,93;0,73;0,91;0,9;0,88;1,47;0,92;1,66;4,96;1,0
mbk_w.csv;8;9;8;18,95;1,79;10,59;1,48;0,89;1,35;1,48;1,67;2,16;2,57;3,51;2,7;2,73;2,6;1,48;1,5;0,89;0,8;1,19;0,9;0,71;1,08;1,16;1,08;0,8;1,77;0,75;0,8;0,95;1,08;0,98;1,0;0,77;1,37;1,06;1,2;0,84;1,34;0,93;1,89;1,03;0,99;1,0;1,0;0,9;0,93;0,74;1,09;1,1;0,88;1,31;0,92;1,66;4,96;1,0
mbk_w.csv;8;9;9;12,99;1,67;7,77;1,71;0,8;1,23;1,71;1,76;2,27;2,55;3,49;2,63;2,87;2,41;1,33;1,34;0,8;0,72;1,01;0,81;0,64;0,94;1,11;1,08;0,8;1,69;0,75;0,8;0,95;1,04;0,98;1,0;0,75;1,37;1,01;1,2;0,84;1,34;0,93;1,89;1,17;0,92;1,0;1,0;0,9;0,93;0,81;0,91;0,9;0,88;1,43;0,92;1,66;4,96;1,0
mbk_w.csv;9;9;9;9,81;1,31;7,5;1,81;0,59;1,23;1,81;1,86;1,8;2,02;2,77;2,09;2,28;1,91;0,97;0,89;0,59;0,53;0,85;0,68;0,54;0,79;1,11;1,08;0,8;1,69;0,75;0,8;0,86;0,96;0,98;1,0;0,75;1,37;1,01;1,06;0,83;1,21;0,93;1,89;1,17;0,92;1,0;1,0;0,9;1,1;0,81;0,92;0,9;0,88;1,43;0,92;1,66;4,74;1,0
